transaction_id,amount_sar,channel,merchant_category,timestamp,probability
TXN-2026-00000,42.67,pos,HEALTHCARE,2026-07-18T03:43:47Z,0.4152834799424261
TXN-2026-00001,288.54,pos,RESTAURANT,2026-06-27T07:28:37Z,0.2025397319330547
TXN-2026-00002,86.99,ecom,PHARMACY,2026-07-19T10:06:05Z,0.3156347844475175
TXN-2026-00003,48.21,ecom,JEWELRY,2026-07-11T19:56:55Z,0.3338352110342197
TXN-2026-00004,96.36,ecom,EDUCATION,2026-06-15T03:24:17Z,0.822902367552158
TXN-2026-00005,80.26,transfer,UTILITIES,2026-06-30T12:17:59Z,0.05396129188490995
TXN-2026-00006,20.29,pos,HOME_GOODS,2026-06-18T02:13:58Z,0.24646934109911248
TXN-2026-00007,24.78,pos,TRAVEL,2026-06-17T23:37:27Z,0.07922885413452802
TXN-2026-00008,68.04,ecom,ELECTRONICS,2026-07-14T13:38:04Z,0.3229623798054475
TXN-2026-00009,217.94,atm,GROCERY,2026-07-27T17:48:17Z,0.578315922610504
TXN-2026-00010,388.73,ecom,HEALTHCARE,2026-07-03T05:32:58Z,0.9014708038364316
TXN-2026-00011,1063.3,atm,JEWELRY,2026-07-02T00:07:59Z,0.9561195872386269
TXN-2026-00012,32.42,atm,ELECTRONICS,2026-06-05T17:49:08Z,0.3342394520756063
TXN-2026-00013,256.77,pos,RESTAURANT,2026-06-26T21:41:23Z,0.21732494162539204
TXN-2026-00014,91.51,pos,GROCERY,2026-06-15T00:04:45Z,0.4977640606128217
TXN-2026-00015,69.43,pos,UTILITIES,2026-07-17T18:36:30Z,0.11565458942419705
TXN-2026-00016,58.81,pos,UTILITIES,2026-06-30T23:03:43Z,0.11284151947263152
TXN-2026-00017,62.32,pos,JEWELRY,2026-06-18T14:15:55Z,0.1106584532253116
TXN-2026-00018,162.27,pos,UTILITIES,2026-07-02T15:13:55Z,0.16053508139517048
TXN-2026-00019,107.1,pos,HEALTHCARE,2026-06-10T06:18:13Z,0.12238658918005439
TXN-2026-00020,76.44,pos,ENTERTAINMENT,2026-06-11T01:32:05Z,0.47302999985394645
TXN-2026-00021,22.62,transfer,ONLINE_SERVICES,2026-07-10T02:26:42Z,0.14598076618691513
TXN-2026-00022,40.49,pos,FASHION,2026-06-20T14:20:59Z,0.042894109358597915
TXN-2026-00023,110.79,ecom,JEWELRY,2026-07-24T17:45:19Z,0.4230213802716705
TXN-2026-00024,126.68,transfer,TRAVEL,2026-06-19T19:13:45Z,0.07248470685419328
TXN-2026-00025,51.35,transfer,HOME_GOODS,2026-06-17T05:47:28Z,0.18492970474406203
TXN-2026-00026,18.39,transfer,JEWELRY,2026-07-06T04:27:08Z,0.18214647047175114
TXN-2026-00027,416.36,atm,RESTAURANT,2026-06-23T17:56:55Z,0.6772757538836008
TXN-2026-00028,330.23,atm,EDUCATION,2026-07-21T22:06:24Z,0.6445156994709496
TXN-2026-00029,62.67,atm,HOME_GOODS,2026-07-26T02:49:17Z,0.7767695730069053
TXN-2026-00030,44.86,pos,GROCERY,2026-06-28T11:46:50Z,0.08786524875692854
TXN-2026-00031,419.89,pos,GROCERY,2026-07-17T23:47:42Z,0.2440760688150923
TXN-2026-00032,7.31,transfer,ONLINE_SERVICES,2026-07-17T09:32:19Z,0.013295068577839653
TXN-2026-00033,202.72,ecom,FUEL,2026-07-06T00:19:18Z,0.9062712781352381
TXN-2026-00034,105.78,ecom,ENTERTAINMENT,2026-07-03T15:50:57Z,0.3910223678274667
TXN-2026-00035,71.84,atm,EDUCATION,2026-07-22T06:09:01Z,0.4224502072150948
TXN-2026-00036,70.89,atm,ELECTRONICS,2026-07-07T06:45:44Z,0.3943368401632788
TXN-2026-00037,40.79,atm,TELECOM,2026-06-12T22:33:29Z,0.4017972801134893
TXN-2026-00038,128.73,ecom,EDUCATION,2026-07-06T19:20:48Z,0.4355878358951992
TXN-2026-00039,81.15,atm,ENTERTAINMENT,2026-07-11T08:49:49Z,0.4304536192112154
TXN-2026-00040,78.79,ecom,RESTAURANT,2026-07-05T02:08:09Z,0.8196098314587007
TXN-2026-00041,60.32,pos,ENTERTAINMENT,2026-06-27T12:57:49Z,0.09886158240551493
TXN-2026-00042,40.24,pos,FUEL,2026-07-05T19:57:14Z,0.1322658014540971
TXN-2026-00043,2105.77,ecom,FUEL,2026-07-29T04:39:34Z,0.9693327546353881
TXN-2026-00044,26.8,pos,UTILITIES,2026-06-12T01:16:24Z,0.36267986729341195
TXN-2026-00045,60.55,atm,HOME_GOODS,2026-07-01T00:47:34Z,0.7702129060098486
TXN-2026-00046,7.64,atm,UTILITIES,2026-07-10T04:15:08Z,0.6735971684407411
TXN-2026-00047,164.49,pos,ONLINE_SERVICES,2026-06-08T05:19:06Z,0.5135661390660192
TXN-2026-00048,18.25,pos,HEALTHCARE,2026-07-24T20:15:06Z,0.06488435525543873
TXN-2026-00049,15.09,pos,PHARMACY,2026-07-02T03:27:23Z,0.2611876155806821
TXN-2026-00050,15.45,ecom,UTILITIES,2026-07-05T15:29:27Z,0.21205182127412894
TXN-2026-00051,109.65,pos,ENTERTAINMENT,2026-06-22T00:31:54Z,0.5140339493899628
TXN-2026-00052,53.01,atm,PHARMACY,2026-07-27T08:35:00Z,0.3386748747778673
TXN-2026-00053,306.26,ecom,UTILITIES,2026-06-02T02:18:14Z,0.8895618054400807
TXN-2026-00054,81.58,pos,JEWELRY,2026-07-18T17:21:22Z,0.12754547707262134
TXN-2026-00055,7.95,pos,JEWELRY,2026-06-18T23:37:48Z,0.0498678870542601
TXN-2026-00056,20.53,pos,TRAVEL,2026-06-09T08:02:03Z,0.0631240429368494
TXN-2026-00057,139.64,ecom,ENTERTAINMENT,2026-06-04T08:55:30Z,0.40581371815878264
TXN-2026-00058,175.97,ecom,UTILITIES,2026-06-16T03:35:48Z,0.8613833072776425
TXN-2026-00059,56.31,atm,FUEL,2026-07-10T23:06:48Z,0.5374855888047365
TXN-2026-00060,82.79,pos,TRAVEL,2026-06-27T14:44:38Z,0.12237121326155043
TXN-2026-00061,147.9,pos,RESTAURANT,2026-07-30T06:27:07Z,0.15365380063153922
TXN-2026-00062,288.2,pos,TRAVEL,2026-07-23T18:58:18Z,0.21040766060308466
TXN-2026-00063,110.81,ecom,ENTERTAINMENT,2026-07-27T13:47:20Z,0.39141665018325456
TXN-2026-00064,175.54,atm,ONLINE_SERVICES,2026-07-19T21:52:17Z,0.49471800440019903
TXN-2026-00065,121.56,transfer,FUEL,2026-06-06T15:22:26Z,0.09733735425613634
TXN-2026-00066,71.86,pos,HEALTHCARE,2026-06-26T17:02:29Z,0.11422737933011973
TXN-2026-00067,284.42,atm,GROCERY,2026-06-27T01:12:33Z,0.9153827749004894
TXN-2026-00068,266.18,pos,FASHION,2026-06-29T22:31:07Z,0.10806199000293483
TXN-2026-00069,313.22,pos,HOME_GOODS,2026-06-08T20:53:09Z,0.15244429650932648
TXN-2026-00070,86.22,pos,ENTERTAINMENT,2026-07-29T19:32:47Z,0.12297210354983634
TXN-2026-00071,41.09,pos,GROCERY,2026-07-08T18:42:31Z,0.09038587066496681
TXN-2026-00072,85.67,pos,EDUCATION,2026-06-21T06:44:15Z,0.11341784695425154
TXN-2026-00073,724.61,ecom,EDUCATION,2026-06-10T15:02:08Z,0.6321163014923662
TXN-2026-00074,54.99,pos,TELECOM,2026-06-27T20:09:04Z,0.10867334743097647
TXN-2026-00075,592.0,atm,HOME_GOODS,2026-07-11T22:56:48Z,0.6093493008622337
TXN-2026-00076,88.29,ecom,TELECOM,2026-06-06T13:06:48Z,0.3811270458915497
TXN-2026-00077,92.84,atm,FASHION,2026-06-16T16:26:36Z,0.2980736217542463
TXN-2026-00078,295.29,atm,ONLINE_SERVICES,2026-07-08T04:14:29Z,0.8963542103249978
TXN-2026-00079,132.06,ecom,TRAVEL,2026-06-25T15:06:15Z,0.43310505756925594
TXN-2026-00080,111.23,pos,HOME_GOODS,2026-07-07T21:49:47Z,0.09896857160938802
TXN-2026-00081,77.11,ecom,PHARMACY,2026-06-17T21:48:46Z,0.32795840654653824
TXN-2026-00082,56.51,pos,EDUCATION,2026-07-17T04:05:58Z,0.4562954726687619
TXN-2026-00083,290.9,atm,PHARMACY,2026-07-24T05:16:58Z,0.9026790868628284
TXN-2026-00084,44.25,atm,ENTERTAINMENT,2026-06-01T08:34:07Z,0.36084278132119674
TXN-2026-00085,137.59,transfer,ELECTRONICS,2026-07-10T17:20:58Z,0.0654316342493149
TXN-2026-00086,101.37,transfer,FASHION,2026-06-03T01:19:31Z,0.1774622107307763
TXN-2026-00087,332.41,ecom,HEALTHCARE,2026-07-08T23:46:09Z,0.5554099325016144
TXN-2026-00088,18.16,pos,FASHION,2026-06-29T14:15:54Z,0.029796417677236547
TXN-2026-00089,27.72,pos,FUEL,2026-07-11T19:01:03Z,0.11324078099949365
TXN-2026-00090,138.53,pos,HOME_GOODS,2026-06-14T07:21:49Z,0.09549980226505508
TXN-2026-00091,24.96,pos,TRAVEL,2026-07-21T07:37:20Z,0.0680933512458146
TXN-2026-00092,127.36,ecom,JEWELRY,2026-07-08T03:28:32Z,0.8473183260881675
TXN-2026-00093,30.25,ecom,GROCERY,2026-06-26T13:43:06Z,0.2606793391857868
TXN-2026-00094,23.8,pos,TRAVEL,2026-07-11T18:35:45Z,0.07419407906599772
TXN-2026-00095,979.12,pos,EDUCATION,2026-07-12T17:46:55Z,0.3197172042766028
TXN-2026-00096,63.42,pos,HOME_GOODS,2026-06-07T10:27:20Z,0.0694598096034052
TXN-2026-00097,89.72,atm,ELECTRONICS,2026-06-24T04:35:03Z,0.8540016532945675
TXN-2026-00098,37.97,transfer,FUEL,2026-06-14T04:42:30Z,0.3100544956991718
TXN-2026-00099,109.43,ecom,EDUCATION,2026-07-20T19:39:43Z,0.41632479292707486
TXN-2026-00100,505.6,ecom,FASHION,2026-06-12T04:36:42Z,0.829396396256785
TXN-2026-00101,117.97,ecom,FUEL,2026-06-24T09:46:20Z,0.4992954382423727
TXN-2026-00102,35.95,ecom,UTILITIES,2026-06-28T15:38:28Z,0.28561973940237984
TXN-2026-00103,106.86,pos,UTILITIES,2026-06-20T01:14:25Z,0.5248420447544679
TXN-2026-00104,74.69,atm,EDUCATION,2026-06-01T15:47:27Z,0.45014729661624425
TXN-2026-00105,69.9,atm,ELECTRONICS,2026-06-28T00:29:58Z,0.8325815719967875
TXN-2026-00106,61.83,pos,UTILITIES,2026-06-02T10:10:51Z,0.1021520858525199
TXN-2026-00107,55.41,pos,ELECTRONICS,2026-06-22T07:21:49Z,0.08580916349033531
TXN-2026-00108,481.71,ecom,RESTAURANT,2026-07-17T20:52:09Z,0.6176132640679198
TXN-2026-00109,141.85,atm,ELECTRONICS,2026-07-19T18:28:43Z,0.5079820758413901
TXN-2026-00110,88.85,ecom,UTILITIES,2026-06-04T11:32:04Z,0.37195942214134253
TXN-2026-00111,22.09,ecom,HOME_GOODS,2026-06-25T14:37:35Z,0.1692609032041723
TXN-2026-00112,220.83,ecom,PHARMACY,2026-06-04T14:06:51Z,0.4304870109629701
TXN-2026-00113,77.56,transfer,JEWELRY,2026-06-24T09:24:26Z,0.05376576147853007
TXN-2026-00114,16.87,pos,PHARMACY,2026-07-13T19:55:09Z,0.05097437233482134
TXN-2026-00115,13.4,ecom,FUEL,2026-06-06T09:35:24Z,0.2619711107461762
TXN-2026-00116,84.83,transfer,TELECOM,2026-06-28T16:23:01Z,0.05872993517153723
TXN-2026-00117,29.23,pos,TRAVEL,2026-07-21T03:32:49Z,0.38200005163179507
TXN-2026-00118,33.23,pos,FUEL,2026-07-15T19:51:57Z,0.12215220598047977
TXN-2026-00119,347.61,ecom,EDUCATION,2026-07-05T07:19:51Z,0.5247998747965334
TXN-2026-00120,728.95,transfer,ENTERTAINMENT,2026-07-03T16:26:10Z,0.1426082524802523
TXN-2026-00121,338.35,ecom,ELECTRONICS,2026-06-08T09:05:48Z,0.4992497242177754
TXN-2026-00122,295.41,pos,FUEL,2026-06-26T16:23:15Z,0.2793724887310305
TXN-2026-00123,660.55,ecom,EDUCATION,2026-07-24T04:48:45Z,0.923003973067951
TXN-2026-00124,299.15,pos,RESTAURANT,2026-07-17T19:33:27Z,0.2265794297968601
TXN-2026-00125,148.31,atm,ENTERTAINMENT,2026-07-11T16:36:15Z,0.5239078001146757
TXN-2026-00126,46.1,pos,ONLINE_SERVICES,2026-06-06T16:23:04Z,0.07254728143657474
TXN-2026-00127,55.19,pos,GROCERY,2026-06-16T23:42:40Z,0.10760434586982637
TXN-2026-00128,726.82,ecom,HOME_GOODS,2026-07-14T14:44:30Z,0.5242424999042095
TXN-2026-00129,398.43,pos,EDUCATION,2026-07-23T17:30:16Z,0.23251589021073862
TXN-2026-00130,51.3,pos,UTILITIES,2026-06-24T13:56:25Z,0.0969155123274353
TXN-2026-00131,45.61,transfer,JEWELRY,2026-06-28T02:27:38Z,0.2509199918469705
TXN-2026-00132,29.4,pos,FASHION,2026-06-28T05:44:28Z,0.2229308889237088
TXN-2026-00133,110.78,pos,EDUCATION,2026-07-22T23:43:10Z,0.1474774089608227
TXN-2026-00134,58.96,atm,GROCERY,2026-07-12T11:23:24Z,0.4060693519903713
TXN-2026-00135,80.83,pos,TRAVEL,2026-07-12T08:15:07Z,0.11462707126172088
TXN-2026-00136,40.14,transfer,ELECTRONICS,2026-06-29T06:39:18Z,0.03331334881809085
TXN-2026-00137,177.45,pos,ELECTRONICS,2026-06-19T09:54:10Z,0.14409256450708488
TXN-2026-00138,20.91,transfer,EDUCATION,2026-07-06T04:39:56Z,0.18475266666832155
TXN-2026-00139,54.87,pos,FUEL,2026-06-23T04:56:53Z,0.5531755392868137
TXN-2026-00140,67.77,atm,JEWELRY,2026-06-21T22:14:22Z,0.4671490814934289
TXN-2026-00141,168.51,ecom,ONLINE_SERVICES,2026-06-11T18:37:09Z,0.3925526174342859
TXN-2026-00142,138.48,pos,HOME_GOODS,2026-07-12T06:49:36Z,0.0945876105847186
TXN-2026-00143,394.09,ecom,EDUCATION,2026-06-30T02:44:03Z,0.9012214874632327
TXN-2026-00144,45.36,pos,ONLINE_SERVICES,2026-07-19T11:32:35Z,0.06861884520038401
TXN-2026-00145,36.74,pos,FASHION,2026-07-03T14:31:56Z,0.041031485079968816
TXN-2026-00146,64.67,ecom,RESTAURANT,2026-06-04T09:31:38Z,0.3518159221954118
TXN-2026-00147,122.58,ecom,EDUCATION,2026-06-04T18:35:12Z,0.42720216044363024
TXN-2026-00148,218.4,ecom,JEWELRY,2026-06-07T12:23:50Z,0.4918241178552165
TXN-2026-00149,26.39,pos,GROCERY,2026-07-01T16:29:09Z,0.07310443061471152
TXN-2026-00150,140.39,pos,ONLINE_SERVICES,2026-06-22T16:53:32Z,0.1181053989998254
TXN-2026-00151,489.8,transfer,ONLINE_SERVICES,2026-07-09T15:16:41Z,0.09540807876552133
TXN-2026-00152,615.58,ecom,HEALTHCARE,2026-06-10T21:15:02Z,0.6230315823475452
TXN-2026-00153,32.52,pos,JEWELRY,2026-07-13T15:33:24Z,0.08434401507942443
TXN-2026-00154,904.75,pos,PHARMACY,2026-07-14T20:51:44Z,0.27023748387471797
TXN-2026-00155,417.42,transfer,FASHION,2026-07-15T22:31:20Z,0.0613162270119335
TXN-2026-00156,99.84,pos,ELECTRONICS,2026-07-28T12:52:22Z,0.11612848177611314
TXN-2026-00157,141.25,ecom,HEALTHCARE,2026-07-05T08:59:35Z,0.41324633916918285
TXN-2026-00158,75.58,ecom,RESTAURANT,2026-06-07T13:21:45Z,0.3789130187996403
TXN-2026-00159,290.05,pos,TELECOM,2026-07-12T06:48:18Z,0.1909117318688905
TXN-2026-00160,10.66,pos,ONLINE_SERVICES,2026-07-25T01:58:58Z,0.21669013985640753
TXN-2026-00161,174.42,atm,TRAVEL,2026-06-09T16:29:17Z,0.5598935190403702
TXN-2026-00162,95.96,ecom,FASHION,2026-07-14T06:11:39Z,0.21263910803633768
TXN-2026-00163,47.34,transfer,ENTERTAINMENT,2026-06-17T12:15:28Z,0.040564778650343684
TXN-2026-00164,381.44,ecom,FASHION,2026-06-04T21:07:29Z,0.3819276278722103
TXN-2026-00165,54.4,atm,HEALTHCARE,2026-06-15T04:30:09Z,0.833862569469635
TXN-2026-00166,90.99,transfer,EDUCATION,2026-06-14T07:43:48Z,0.054480796224495455
TXN-2026-00167,191.12,pos,JEWELRY,2026-07-05T04:10:20Z,0.6123282986750378
TXN-2026-00168,576.78,ecom,ELECTRONICS,2026-06-04T14:08:32Z,0.5767540284773667
TXN-2026-00169,83.57,ecom,FUEL,2026-06-28T11:44:04Z,0.46284270872400385
TXN-2026-00170,36.65,pos,FUEL,2026-07-12T23:41:26Z,0.131941433395019
TXN-2026-00171,335.37,ecom,UTILITIES,2026-07-26T11:07:11Z,0.5304385506102085
TXN-2026-00172,41.12,atm,EDUCATION,2026-07-14T23:34:27Z,0.40050998418275663
TXN-2026-00173,405.69,atm,GROCERY,2026-07-20T00:15:13Z,0.927168067054275
TXN-2026-00174,376.15,ecom,HEALTHCARE,2026-06-03T12:28:14Z,0.5419309465957641
TXN-2026-00175,260.93,ecom,ONLINE_SERVICES,2026-06-21T07:19:56Z,0.41618275283065675
TXN-2026-00176,111.62,pos,ONLINE_SERVICES,2026-07-02T01:22:41Z,0.45618346610192395
TXN-2026-00177,78.96,atm,ENTERTAINMENT,2026-07-25T22:09:51Z,0.46326805111174824
TXN-2026-00178,111.87,ecom,TRAVEL,2026-06-22T20:05:59Z,0.4261590336367976
TXN-2026-00179,342.69,pos,ONLINE_SERVICES,2026-06-13T18:46:42Z,0.17434311195074656
TXN-2026-00180,21.59,pos,TELECOM,2026-06-14T12:58:15Z,0.06711961717152291
TXN-2026-00181,73.28,pos,TELECOM,2026-07-17T15:48:53Z,0.11730047076112556
TXN-2026-00182,39.81,pos,HOME_GOODS,2026-06-17T17:59:37Z,0.060352389543758725
TXN-2026-00183,524.95,ecom,UTILITIES,2026-07-19T15:46:41Z,0.5944223989629221
TXN-2026-00184,82.08,pos,HEALTHCARE,2026-07-27T17:41:03Z,0.12088669184317258
TXN-2026-00185,13.06,pos,UTILITIES,2026-06-01T06:32:29Z,0.0498510323436324
TXN-2026-00186,69.28,transfer,TELECOM,2026-06-01T17:35:26Z,0.05408355636718888
TXN-2026-00187,807.81,ecom,HEALTHCARE,2026-07-29T05:06:58Z,0.9289594976178327
TXN-2026-00188,38.88,ecom,HOME_GOODS,2026-06-06T11:25:29Z,0.2050782831002959
TXN-2026-00189,111.39,atm,ELECTRONICS,2026-07-01T01:40:00Z,0.8629278145335769
TXN-2026-00190,356.0,ecom,PHARMACY,2026-06-07T16:58:02Z,0.49343796639016424
TXN-2026-00191,119.54,pos,ELECTRONICS,2026-07-05T18:42:02Z,0.13241832876713852
TXN-2026-00192,471.06,ecom,EDUCATION,2026-07-07T07:36:53Z,0.5615785042627326
TXN-2026-00193,301.3,ecom,JEWELRY,2026-06-07T13:14:53Z,0.5335771333078768
TXN-2026-00194,274.14,transfer,FUEL,2026-07-11T08:50:28Z,0.12958813583644968
TXN-2026-00195,19.11,ecom,FUEL,2026-07-22T07:45:04Z,0.29044258128850564
TXN-2026-00196,287.68,atm,TRAVEL,2026-06-07T02:00:19Z,0.9198928072207382
TXN-2026-00197,75.65,pos,JEWELRY,2026-06-06T11:35:05Z,0.11692568394415634
TXN-2026-00198,193.12,pos,ELECTRONICS,2026-06-16T18:33:10Z,0.16156066145442466
TXN-2026-00199,55.22,pos,FASHION,2026-06-05T11:16:15Z,0.04797761255547034
TXN-2026-00200,32.02,pos,FUEL,2026-07-22T10:28:21Z,0.11069290191498427
TXN-2026-00201,256.81,pos,FUEL,2026-07-15T20:31:36Z,0.2740634617379013
TXN-2026-00202,99.04,pos,TELECOM,2026-07-05T05:43:49Z,0.5313602118961469
TXN-2026-00203,189.48,pos,HOME_GOODS,2026-07-02T04:40:19Z,0.49380750633155224
TXN-2026-00204,69.03,pos,FUEL,2026-07-03T22:26:34Z,0.1692765081152533
TXN-2026-00205,116.87,pos,RESTAURANT,2026-07-12T19:02:36Z,0.15644179422849072
TXN-2026-00206,29.07,pos,ELECTRONICS,2026-07-04T17:37:44Z,0.07113728519724438
TXN-2026-00207,289.01,ecom,PHARMACY,2026-06-22T14:50:13Z,0.46287652389037665
TXN-2026-00208,91.07,ecom,ENTERTAINMENT,2026-07-22T22:07:01Z,0.39114346049160026
TXN-2026-00209,34.57,ecom,JEWELRY,2026-06-30T07:51:25Z,0.2739183917684885
TXN-2026-00210,96.38,pos,HEALTHCARE,2026-07-08T13:24:00Z,0.12476125604646929
TXN-2026-00211,82.25,pos,HOME_GOODS,2026-06-13T14:07:16Z,0.08107250801142998
TXN-2026-00212,11.5,pos,ELECTRONICS,2026-07-10T05:52:43Z,0.2647588973928329
TXN-2026-00213,24.37,pos,HEALTHCARE,2026-07-09T04:36:24Z,0.35493988928743986
TXN-2026-00214,61.32,ecom,UTILITIES,2026-06-12T10:53:28Z,0.3288890746461166
TXN-2026-00215,120.17,transfer,JEWELRY,2026-07-02T13:45:53Z,0.06823242863568792
TXN-2026-00216,35.52,pos,EDUCATION,2026-07-20T14:36:47Z,0.0835082764966664
TXN-2026-00217,291.6,ecom,EDUCATION,2026-06-03T14:16:22Z,0.5216410791766636
TXN-2026-00218,18.42,atm,RESTAURANT,2026-07-15T11:55:45Z,0.3053668284255663
TXN-2026-00219,60.6,ecom,JEWELRY,2026-06-21T22:18:18Z,0.3659223210339311
TXN-2026-00220,46.96,atm,TELECOM,2026-07-12T04:44:55Z,0.8297918234980534
TXN-2026-00221,90.0,pos,TRAVEL,2026-06-27T12:28:04Z,0.12448280818280455
TXN-2026-00222,1028.14,ecom,TELECOM,2026-07-17T14:40:42Z,0.6729278642030531
TXN-2026-00223,378.28,ecom,PHARMACY,2026-07-07T04:36:54Z,0.8787576790724444
TXN-2026-00224,316.76,pos,ELECTRONICS,2026-06-02T03:59:54Z,0.6319216007082377
TXN-2026-00225,103.19,transfer,TELECOM,2026-07-30T08:05:41Z,0.05936217460899757
TXN-2026-00226,420.86,transfer,TRAVEL,2026-06-28T20:05:45Z,0.12410850131974105
TXN-2026-00227,36.08,ecom,GROCERY,2026-06-08T13:44:08Z,0.27712536356386674
TXN-2026-00228,45.42,ecom,ELECTRONICS,2026-06-20T04:24:49Z,0.7454099683076392
TXN-2026-00229,8.58,pos,HEALTHCARE,2026-07-29T13:39:43Z,0.04383792763694551
TXN-2026-00230,96.97,pos,ELECTRONICS,2026-06-28T10:50:08Z,0.11258551191020569
TXN-2026-00231,36.09,ecom,EDUCATION,2026-06-13T23:25:18Z,0.3036773128083736
TXN-2026-00232,107.31,pos,UTILITIES,2026-06-01T11:59:20Z,0.13047919177410497
TXN-2026-00233,76.22,pos,ENTERTAINMENT,2026-07-03T13:27:44Z,0.1103932154201154
TXN-2026-00234,56.49,ecom,FASHION,2026-07-08T20:48:53Z,0.1948587186187864
TXN-2026-00235,58.78,pos,TELECOM,2026-07-09T01:19:42Z,0.4581026178675097
TXN-2026-00236,146.88,ecom,TRAVEL,2026-07-04T23:16:10Z,0.4665263610625373
TXN-2026-00237,86.01,atm,GROCERY,2026-07-04T02:16:45Z,0.8594275117842212
TXN-2026-00238,89.98,pos,HOME_GOODS,2026-06-17T03:57:36Z,0.40211861404548416
TXN-2026-00239,5.0,pos,ENTERTAINMENT,2026-06-12T01:35:51Z,0.20438177085628434
TXN-2026-00240,46.15,transfer,PHARMACY,2026-06-24T03:32:43Z,0.2056982044232001
TXN-2026-00241,49.85,pos,ENTERTAINMENT,2026-06-30T00:23:12Z,0.41966053312544144
TXN-2026-00242,1038.96,ecom,ONLINE_SERVICES,2026-07-05T07:09:00Z,0.5832232094956521
TXN-2026-00243,161.32,transfer,GROCERY,2026-07-18T23:19:06Z,0.08063914901942132
TXN-2026-00244,114.48,transfer,TRAVEL,2026-07-29T07:57:54Z,0.06160522218880653
TXN-2026-00245,45.22,pos,HOME_GOODS,2026-06-04T13:42:08Z,0.061448832801161514
TXN-2026-00246,308.37,transfer,FUEL,2026-06-21T14:17:14Z,0.14372801565448054
TXN-2026-00247,49.45,pos,ENTERTAINMENT,2026-06-23T06:28:19Z,0.08564823817355446
TXN-2026-00248,21.09,pos,UTILITIES,2026-07-09T01:13:53Z,0.3371066594029306
TXN-2026-00249,16.68,pos,FASHION,2026-06-29T17:47:35Z,0.02956507479012422
TXN-2026-00250,38.39,pos,GROCERY,2026-07-12T02:37:37Z,0.3999364515456617
TXN-2026-00251,106.48,atm,ELECTRONICS,2026-06-30T01:10:59Z,0.860322666057823
TXN-2026-00252,7.35,ecom,TRAVEL,2026-06-18T08:28:56Z,0.15492773893587078
TXN-2026-00253,70.57,pos,JEWELRY,2026-06-25T04:26:12Z,0.49352334644869245
TXN-2026-00254,165.61,pos,JEWELRY,2026-07-07T16:20:24Z,0.1693933879940734
TXN-2026-00255,110.34,pos,EDUCATION,2026-07-23T23:03:48Z,0.1472350096997162
TXN-2026-00256,19.86,pos,ONLINE_SERVICES,2026-06-23T18:01:45Z,0.050896025527003126
TXN-2026-00257,145.5,ecom,TRAVEL,2026-06-15T19:14:01Z,0.4550212323276979
TXN-2026-00258,51.15,pos,TRAVEL,2026-07-22T10:03:01Z,0.09588211464586208
TXN-2026-00259,59.2,pos,UTILITIES,2026-06-20T10:08:10Z,0.10024957701279529
TXN-2026-00260,298.04,ecom,JEWELRY,2026-07-08T05:24:19Z,0.8955082272072448
TXN-2026-00261,851.46,pos,EDUCATION,2026-07-10T07:40:36Z,0.2834043961857455
TXN-2026-00262,219.79,pos,PHARMACY,2026-07-27T10:28:00Z,0.1432941173389875
TXN-2026-00263,66.36,ecom,GROCERY,2026-06-11T13:31:56Z,0.3392248482567089
TXN-2026-00264,1062.4,atm,EDUCATION,2026-07-14T07:10:28Z,0.7328489176474071
TXN-2026-00265,30.66,pos,TELECOM,2026-07-06T02:21:38Z,0.3849781343836382
TXN-2026-00266,64.64,pos,TELECOM,2026-06-22T06:12:26Z,0.10223750167374492
TXN-2026-00267,233.75,atm,TRAVEL,2026-06-07T00:13:10Z,0.9104281369497929
TXN-2026-00268,43.75,pos,FUEL,2026-06-17T02:41:34Z,0.521009294345706
TXN-2026-00269,5.0,pos,ENTERTAINMENT,2026-07-07T01:09:48Z,0.20438177085628434
TXN-2026-00270,107.7,pos,EDUCATION,2026-07-24T12:52:33Z,0.13205313596898918
TXN-2026-00271,79.37,transfer,HEALTHCARE,2026-07-10T04:07:48Z,0.29514620663770397
TXN-2026-00272,14.28,transfer,EDUCATION,2026-06-21T23:58:51Z,0.02751541494455633
TXN-2026-00273,241.38,ecom,TELECOM,2026-06-27T03:26:09Z,0.880999681050677
TXN-2026-00274,62.22,atm,EDUCATION,2026-06-23T13:16:24Z,0.42335948078589414
TXN-2026-00275,97.8,ecom,FUEL,2026-07-18T15:58:17Z,0.4922233388511612
TXN-2026-00276,69.96,pos,HOME_GOODS,2026-06-07T07:08:19Z,0.07050157241786029
TXN-2026-00277,780.51,pos,TELECOM,2026-07-19T16:55:23Z,0.29804301217610424
TXN-2026-00278,451.59,ecom,TRAVEL,2026-07-07T00:11:12Z,0.9068437733735405
TXN-2026-00279,253.06,pos,PHARMACY,2026-07-11T03:43:01Z,0.5768775663218222
TXN-2026-00280,66.23,pos,HOME_GOODS,2026-06-23T05:53:57Z,0.3719722277182493
TXN-2026-00281,1003.37,atm,RESTAURANT,2026-07-14T06:17:41Z,0.7419464632774012
TXN-2026-00282,1342.4,ecom,ENTERTAINMENT,2026-07-09T00:14:16Z,0.9394423584599537
TXN-2026-00283,494.36,pos,FASHION,2026-06-26T18:06:00Z,0.13582307902997556
TXN-2026-00284,373.63,ecom,PHARMACY,2026-07-16T20:19:12Z,0.5097614515192667
TXN-2026-00285,250.59,pos,PHARMACY,2026-07-12T15:18:16Z,0.15813575691418724
TXN-2026-00286,367.94,ecom,ONLINE_SERVICES,2026-07-16T07:43:34Z,0.45737902893055493
TXN-2026-00287,59.57,pos,ELECTRONICS,2026-07-17T17:48:58Z,0.09736910778034584
TXN-2026-00288,247.02,pos,HEALTHCARE,2026-07-27T10:23:16Z,0.1791560056291047
TXN-2026-00289,149.43,ecom,ONLINE_SERVICES,2026-06-25T16:19:26Z,0.3738188910623557
TXN-2026-00290,50.71,pos,ONLINE_SERVICES,2026-06-29T08:13:48Z,0.07004689028771365
TXN-2026-00291,58.63,pos,FUEL,2026-06-13T23:23:00Z,0.15989993092969837
TXN-2026-00292,99.96,ecom,RESTAURANT,2026-07-03T18:19:10Z,0.4238924380131117
TXN-2026-00293,7.32,ecom,FUEL,2026-06-23T06:10:58Z,0.2082714884602533
TXN-2026-00294,216.28,transfer,RESTAURANT,2026-06-11T03:23:45Z,0.4286647203342348
TXN-2026-00295,358.63,ecom,GROCERY,2026-06-02T01:44:07Z,0.8937810383690311
TXN-2026-00296,8.61,pos,HEALTHCARE,2026-07-11T00:19:26Z,0.24713064992778788
TXN-2026-00297,58.72,ecom,ONLINE_SERVICES,2026-06-13T08:53:33Z,0.25899247885161286
TXN-2026-00298,73.06,pos,JEWELRY,2026-07-30T15:21:15Z,0.11952207361042727
TXN-2026-00299,262.51,ecom,ELECTRONICS,2026-07-17T03:57:16Z,0.8713790158440694
TXN-2026-00300,29.52,pos,GROCERY,2026-06-03T09:23:51Z,0.07175519388745585
TXN-2026-00301,106.87,pos,TRAVEL,2026-06-23T14:39:17Z,0.13627301177819304
TXN-2026-00302,244.23,pos,FUEL,2026-06-25T22:54:30Z,0.2733457973322763
TXN-2026-00303,175.23,pos,TELECOM,2026-07-14T14:11:39Z,0.1671352516265555
TXN-2026-00304,124.53,atm,HEALTHCARE,2026-06-17T20:20:00Z,0.5194241569445834
TXN-2026-00305,134.1,ecom,RESTAURANT,2026-07-12T12:09:53Z,0.4435148888987258
TXN-2026-00306,30.63,ecom,ENTERTAINMENT,2026-06-16T10:17:03Z,0.25155959099678177
TXN-2026-00307,73.39,pos,HOME_GOODS,2026-07-02T23:41:01Z,0.08401277022010477
TXN-2026-00308,21.1,ecom,HOME_GOODS,2026-07-10T20:19:56Z,0.17512551325787898
TXN-2026-00309,200.04,atm,PHARMACY,2026-07-01T22:42:23Z,0.5298991136186164
TXN-2026-00310,34.95,pos,PHARMACY,2026-07-22T09:35:33Z,0.06377521602535584
TXN-2026-00311,22.07,ecom,FUEL,2026-06-13T03:59:54Z,0.7746455531378732
TXN-2026-00312,319.55,ecom,ELECTRONICS,2026-06-08T14:29:42Z,0.5053177023685561
TXN-2026-00313,16.7,atm,ENTERTAINMENT,2026-07-09T10:32:56Z,0.26698157415155954
TXN-2026-00314,110.69,atm,FASHION,2026-06-19T14:51:08Z,0.31170325335975296
TXN-2026-00315,202.98,ecom,PHARMACY,2026-07-10T22:18:43Z,0.4409131481319715
TXN-2026-00316,75.49,transfer,TRAVEL,2026-06-21T22:07:48Z,0.05905186384655559
TXN-2026-00317,250.18,ecom,HOME_GOODS,2026-06-28T00:33:06Z,0.8224639237703119
TXN-2026-00318,129.37,pos,FASHION,2026-06-19T21:16:09Z,0.0778361847999642
TXN-2026-00319,156.97,pos,HOME_GOODS,2026-06-15T23:41:35Z,0.1170512236007312
TXN-2026-00320,18.5,pos,UTILITIES,2026-06-27T21:20:35Z,0.06716163898427799
TXN-2026-00321,353.97,atm,TELECOM,2026-06-24T18:34:47Z,0.6472088857421318
TXN-2026-00322,36.05,transfer,ELECTRONICS,2026-07-03T03:24:02Z,0.20621230933404744
TXN-2026-00323,117.7,pos,ENTERTAINMENT,2026-06-10T10:38:03Z,0.12923808618527322
TXN-2026-00324,168.3,pos,EDUCATION,2026-06-12T16:04:50Z,0.164589650241859
TXN-2026-00325,106.05,ecom,PHARMACY,2026-07-19T19:33:30Z,0.35798471023426287
TXN-2026-00326,129.84,pos,UTILITIES,2026-06-03T21:56:20Z,0.15446726012290005
TXN-2026-00327,156.8,atm,PHARMACY,2026-07-02T01:18:57Z,0.8681566983356303
TXN-2026-00328,79.22,pos,EDUCATION,2026-06-05T06:42:40Z,0.10966923470952533
TXN-2026-00329,227.09,atm,UTILITIES,2026-06-05T01:11:50Z,0.9084116385569049
TXN-2026-00330,41.62,transfer,FUEL,2026-06-28T10:01:24Z,0.057540392546113525
TXN-2026-00331,48.89,pos,HOME_GOODS,2026-07-19T14:24:25Z,0.06426443892496138
TXN-2026-00332,25.6,pos,FUEL,2026-06-20T21:56:58Z,0.11157963897209126
TXN-2026-00333,556.85,ecom,FUEL,2026-06-20T06:47:47Z,0.6729920990414522
TXN-2026-00334,65.29,atm,TRAVEL,2026-07-24T08:12:07Z,0.42098391650689315
TXN-2026-00335,97.17,ecom,ELECTRONICS,2026-06-07T06:46:37Z,0.3450177821599105
TXN-2026-00336,95.98,ecom,ELECTRONICS,2026-06-13T10:31:28Z,0.3531420206185118
TXN-2026-00337,9.78,transfer,TRAVEL,2026-06-28T08:53:23Z,0.02037244664506155
TXN-2026-00338,32.5,pos,EDUCATION,2026-06-12T20:38:05Z,0.08507983155392834
TXN-2026-00339,277.48,pos,ELECTRONICS,2026-07-08T12:49:37Z,0.1775959525384978
TXN-2026-00340,117.43,atm,JEWELRY,2026-06-24T12:14:57Z,0.5074964677907204
TXN-2026-00341,95.39,pos,RESTAURANT,2026-07-03T04:28:10Z,0.5405878521929738
TXN-2026-00342,26.16,transfer,GROCERY,2026-06-05T08:23:14Z,0.030334039074475072
TXN-2026-00343,567.78,atm,GROCERY,2026-07-16T16:40:53Z,0.684046801402891
TXN-2026-00344,42.27,pos,UTILITIES,2026-07-28T02:33:16Z,0.4165613652312436
TXN-2026-00345,220.25,atm,TELECOM,2026-06-09T14:10:14Z,0.5826900707406907
TXN-2026-00346,117.34,pos,ONLINE_SERVICES,2026-06-15T13:51:21Z,0.10632544032395329
TXN-2026-00347,85.23,atm,GROCERY,2026-07-08T05:08:40Z,0.8626444050150809
TXN-2026-00348,83.29,transfer,JEWELRY,2026-07-17T23:42:52Z,0.06372148189898214
TXN-2026-00349,60.56,pos,HOME_GOODS,2026-07-08T05:39:42Z,0.3619608222652423
TXN-2026-00350,92.02,transfer,ONLINE_SERVICES,2026-06-25T04:06:01Z,0.25443119760374017
TXN-2026-00351,436.39,ecom,TELECOM,2026-06-08T02:30:42Z,0.9072289902824157
TXN-2026-00352,158.55,ecom,FUEL,2026-06-03T22:33:27Z,0.5686481605458985
TXN-2026-00353,111.21,transfer,HOME_GOODS,2026-06-09T08:30:49Z,0.03986477486655777
TXN-2026-00354,78.23,pos,RESTAURANT,2026-06-14T22:51:20Z,0.13611243256990285
TXN-2026-00355,203.25,atm,FUEL,2026-07-14T12:48:13Z,0.6586195285577948
TXN-2026-00356,350.62,ecom,FASHION,2026-06-09T21:07:47Z,0.3722739192688755
TXN-2026-00357,320.83,pos,PHARMACY,2026-07-14T22:03:10Z,0.1856223086616301
TXN-2026-00358,130.28,ecom,ONLINE_SERVICES,2026-06-15T11:05:38Z,0.3464622156114943
TXN-2026-00359,44.17,ecom,ONLINE_SERVICES,2026-06-01T06:54:42Z,0.22993781707905386
TXN-2026-00360,80.67,ecom,HEALTHCARE,2026-06-03T11:15:41Z,0.3564732325704715
TXN-2026-00361,103.72,pos,ONLINE_SERVICES,2026-07-06T18:22:22Z,0.10559990626698872
TXN-2026-00362,179.7,ecom,FUEL,2026-06-27T16:06:35Z,0.5682333043526681
TXN-2026-00363,310.55,atm,HOME_GOODS,2026-06-29T12:36:30Z,0.5063582401295558
TXN-2026-00364,175.64,ecom,TELECOM,2026-06-08T08:04:24Z,0.4493734692138434
TXN-2026-00365,39.39,pos,HOME_GOODS,2026-06-26T21:47:52Z,0.06246525760603377
TXN-2026-00366,42.7,ecom,PHARMACY,2026-06-12T23:43:59Z,0.2727604590034014
TXN-2026-00367,21.56,pos,RESTAURANT,2026-06-08T02:43:42Z,0.3615782637850479
TXN-2026-00368,67.49,transfer,HOME_GOODS,2026-07-02T18:55:17Z,0.03493292001543049
TXN-2026-00369,135.76,atm,TRAVEL,2026-07-03T11:25:55Z,0.5166935877074021
TXN-2026-00370,40.34,ecom,PHARMACY,2026-06-21T11:39:55Z,0.24361099999725386
TXN-2026-00371,73.48,pos,TRAVEL,2026-07-15T11:23:54Z,0.1131390804932024
TXN-2026-00372,487.43,pos,ONLINE_SERVICES,2026-07-17T08:51:15Z,0.18429133154467175
TXN-2026-00373,125.07,atm,TRAVEL,2026-07-28T20:33:34Z,0.530178153950567
TXN-2026-00374,79.87,atm,GROCERY,2026-06-04T06:52:16Z,0.4289709699032997
TXN-2026-00375,223.23,ecom,EDUCATION,2026-06-12T09:22:20Z,0.47608939971279474
TXN-2026-00376,198.47,ecom,ENTERTAINMENT,2026-06-11T20:51:59Z,0.4787147432698919
TXN-2026-00377,34.79,pos,PHARMACY,2026-06-19T22:17:38Z,0.07221995398657163
TXN-2026-00378,394.05,atm,PHARMACY,2026-06-29T13:10:11Z,0.588143888185952
TXN-2026-00379,73.64,ecom,RESTAURANT,2026-06-05T15:35:03Z,0.3808704391386543
TXN-2026-00380,11.19,pos,ONLINE_SERVICES,2026-07-27T12:19:14Z,0.03728735470327301
TXN-2026-00381,5.0,pos,UTILITIES,2026-07-26T15:29:55Z,0.03660558051502069
TXN-2026-00382,244.48,ecom,ONLINE_SERVICES,2026-07-11T18:27:33Z,0.4364806961375705
TXN-2026-00383,88.41,pos,FASHION,2026-06-09T11:18:30Z,0.059473802088344734
TXN-2026-00384,61.21,pos,EDUCATION,2026-06-15T00:35:23Z,0.4554782491715512
TXN-2026-00385,328.71,ecom,FUEL,2026-06-06T13:40:15Z,0.6312362782085247
TXN-2026-00386,127.23,atm,FUEL,2026-07-15T19:31:12Z,0.6230343752967016
TXN-2026-00387,326.39,pos,TRAVEL,2026-06-15T02:09:00Z,0.6623614286631703
TXN-2026-00388,337.35,atm,ENTERTAINMENT,2026-07-24T04:03:17Z,0.9222428897968388
TXN-2026-00389,286.72,atm,HOME_GOODS,2026-06-29T07:47:02Z,0.48359567507946016
TXN-2026-00390,126.35,ecom,RESTAURANT,2026-06-20T10:10:40Z,0.4312710060386408
TXN-2026-00391,130.82,atm,RESTAURANT,2026-07-21T08:37:07Z,0.520899046111459
TXN-2026-00392,132.21,ecom,HEALTHCARE,2026-06-24T02:15:10Z,0.8398695103736572
TXN-2026-00393,107.53,ecom,GROCERY,2026-07-05T03:08:31Z,0.827038423898025
TXN-2026-00394,34.76,atm,EDUCATION,2026-07-17T04:16:57Z,0.8054840867752957
TXN-2026-00395,83.24,pos,TRAVEL,2026-06-30T08:55:53Z,0.11607592931759585
TXN-2026-00396,85.1,pos,FASHION,2026-07-20T20:32:24Z,0.06383542199050349
TXN-2026-00397,23.39,ecom,UTILITIES,2026-07-20T17:09:39Z,0.2499110879093977
TXN-2026-00398,100.84,pos,JEWELRY,2026-06-09T05:55:02Z,0.5391849958139515
TXN-2026-00399,262.7,ecom,JEWELRY,2026-06-04T11:14:38Z,0.5117046753748068
TXN-2026-00400,873.85,ecom,TELECOM,2026-06-27T11:50:45Z,0.648103643981178
TXN-2026-00401,79.34,transfer,JEWELRY,2026-07-04T21:15:36Z,0.061126832791329355
TXN-2026-00402,449.0,ecom,PHARMACY,2026-06-28T03:10:50Z,0.8863431795446233
TXN-2026-00403,398.67,pos,PHARMACY,2026-06-21T11:26:48Z,0.18429959983934005
TXN-2026-00404,125.92,ecom,FUEL,2026-07-17T01:18:38Z,0.8857351691654451
TXN-2026-00405,120.84,pos,PHARMACY,2026-07-06T16:35:36Z,0.11748965038049171
TXN-2026-00406,40.44,pos,FASHION,2026-06-15T08:51:19Z,0.040374237434465166
TXN-2026-00407,119.21,atm,TRAVEL,2026-07-15T18:52:58Z,0.5191696591014823
TXN-2026-00408,15.34,pos,EDUCATION,2026-06-27T03:55:49Z,0.30976329338864567
TXN-2026-00409,88.41,pos,JEWELRY,2026-07-15T07:09:03Z,0.12044000959213923
TXN-2026-00410,81.35,ecom,RESTAURANT,2026-06-10T04:21:05Z,0.8249158693994797
TXN-2026-00411,384.76,atm,TRAVEL,2026-06-13T15:25:41Z,0.6492566035584547
TXN-2026-00412,337.73,atm,PHARMACY,2026-06-08T21:26:27Z,0.5901301030010584
TXN-2026-00413,64.87,pos,PHARMACY,2026-06-03T07:12:43Z,0.08232721870534321
TXN-2026-00414,20.5,pos,GROCERY,2026-06-10T09:00:21Z,0.06114561869459313
TXN-2026-00415,78.2,pos,JEWELRY,2026-07-01T19:46:09Z,0.12759201242386659
TXN-2026-00416,62.25,ecom,FASHION,2026-07-21T22:39:17Z,0.20567828757432352
TXN-2026-00417,1374.86,ecom,TELECOM,2026-06-02T09:55:56Z,0.692394083320346
TXN-2026-00418,323.41,transfer,ELECTRONICS,2026-07-09T17:05:11Z,0.09595025770999181
TXN-2026-00419,58.05,pos,ENTERTAINMENT,2026-06-23T21:22:22Z,0.10578695548617985
TXN-2026-00420,521.44,pos,GROCERY,2026-07-27T00:35:17Z,0.6980198017987668
TXN-2026-00421,129.89,pos,UTILITIES,2026-06-15T13:15:36Z,0.14390344156584148
TXN-2026-00422,9.98,pos,JEWELRY,2026-07-08T17:43:51Z,0.051670697461492464
TXN-2026-00423,33.85,pos,TELECOM,2026-07-17T03:11:20Z,0.39865269203079806
TXN-2026-00424,14.53,transfer,FASHION,2026-07-28T20:59:47Z,0.012611609844578816
TXN-2026-00425,26.68,transfer,ONLINE_SERVICES,2026-06-15T19:14:14Z,0.026234560262573273
TXN-2026-00426,507.54,ecom,JEWELRY,2026-07-12T11:11:54Z,0.5909934833266066
TXN-2026-00427,30.17,atm,GROCERY,2026-06-13T06:04:11Z,0.3202965948662415
TXN-2026-00428,123.06,atm,FUEL,2026-07-18T12:46:20Z,0.6018701497369853
TXN-2026-00429,157.34,atm,RESTAURANT,2026-07-18T01:35:24Z,0.9005022478058384
TXN-2026-00430,467.67,atm,EDUCATION,2026-06-28T09:39:58Z,0.6523089313777497
TXN-2026-00431,338.97,pos,EDUCATION,2026-07-05T04:25:26Z,0.6668387292758868
TXN-2026-00432,47.27,ecom,HEALTHCARE,2026-07-12T22:50:10Z,0.32449112105843037
TXN-2026-00433,457.04,ecom,HEALTHCARE,2026-06-11T12:35:24Z,0.5654151345849558
TXN-2026-00434,18.09,atm,HOME_GOODS,2026-06-27T09:19:46Z,0.20233183217134942
TXN-2026-00435,31.17,pos,EDUCATION,2026-07-25T15:34:51Z,0.07964245303254115
TXN-2026-00436,123.45,ecom,ENTERTAINMENT,2026-07-09T00:15:56Z,0.8289144547142923
TXN-2026-00437,515.66,pos,GROCERY,2026-06-20T10:58:05Z,0.23762023426430784
TXN-2026-00438,145.41,pos,FASHION,2026-07-09T18:50:35Z,0.07968400551125793
TXN-2026-00439,15.62,pos,PHARMACY,2026-06-08T22:55:17Z,0.050772486527459866
TXN-2026-00440,66.75,pos,GROCERY,2026-07-30T22:18:27Z,0.115641854665011
TXN-2026-00441,164.19,ecom,ENTERTAINMENT,2026-07-02T05:56:39Z,0.8542873706097429
TXN-2026-00442,96.39,pos,ENTERTAINMENT,2026-07-25T06:51:39Z,0.11443422894498553
TXN-2026-00443,119.22,pos,RESTAURANT,2026-06-05T09:19:32Z,0.14435353792551497
TXN-2026-00444,1921.21,pos,HEALTHCARE,2026-07-24T05:12:21Z,0.8219994896714771
TXN-2026-00445,364.25,pos,ENTERTAINMENT,2026-06-22T14:50:52Z,0.21145389056129368
TXN-2026-00446,70.09,ecom,UTILITIES,2026-06-14T18:43:21Z,0.3623067252631692
TXN-2026-00447,30.01,ecom,HOME_GOODS,2026-06-12T19:07:55Z,0.19869596718003837
TXN-2026-00448,228.66,pos,ENTERTAINMENT,2026-07-24T09:13:33Z,0.16863995559158573
TXN-2026-00449,27.41,pos,GROCERY,2026-07-01T23:55:33Z,0.07950773950336203
TXN-2026-00450,218.0,atm,JEWELRY,2026-07-17T01:29:24Z,0.9103963162939256
TXN-2026-00451,12.35,pos,TELECOM,2026-07-13T23:19:01Z,0.05872552708271447
TXN-2026-00452,40.02,pos,JEWELRY,2026-06-08T08:09:10Z,0.08635467783872172
TXN-2026-00453,99.58,ecom,JEWELRY,2026-07-16T09:36:15Z,0.3904278451453435
TXN-2026-00454,39.69,ecom,GROCERY,2026-07-14T01:06:24Z,0.7434606507907431
TXN-2026-00455,395.65,ecom,HEALTHCARE,2026-06-20T10:52:12Z,0.5428737329315431
TXN-2026-00456,224.79,atm,TELECOM,2026-06-20T21:41:45Z,0.6027111736735414
TXN-2026-00457,37.41,pos,PHARMACY,2026-07-13T10:50:55Z,0.06637937801288392
TXN-2026-00458,114.3,ecom,PHARMACY,2026-06-19T11:38:36Z,0.3472274401415968
TXN-2026-00459,74.23,ecom,EDUCATION,2026-07-08T13:15:39Z,0.35704427869122285
TXN-2026-00460,313.65,pos,RESTAURANT,2026-07-21T13:36:50Z,0.21973151232935323
TXN-2026-00461,24.49,ecom,ENTERTAINMENT,2026-06-21T17:06:52Z,0.24547939846030714
TXN-2026-00462,175.45,pos,ELECTRONICS,2026-07-23T12:20:31Z,0.1473009942652871
TXN-2026-00463,620.52,ecom,GROCERY,2026-06-29T17:18:24Z,0.6134744476668839
TXN-2026-00464,226.15,pos,EDUCATION,2026-07-30T13:45:58Z,0.18064614217835578
TXN-2026-00465,85.88,atm,GROCERY,2026-06-04T00:45:35Z,0.8567986306559817
TXN-2026-00466,116.05,pos,HEALTHCARE,2026-07-16T12:25:24Z,0.13371198149457061
TXN-2026-00467,316.89,atm,PHARMACY,2026-07-26T21:08:08Z,0.5825967841564186
TXN-2026-00468,66.91,ecom,ENTERTAINMENT,2026-07-22T13:55:29Z,0.33508724339119494
TXN-2026-00469,63.88,pos,TRAVEL,2026-07-02T23:15:45Z,0.11905539889575682
TXN-2026-00470,113.95,pos,GROCERY,2026-06-08T18:30:44Z,0.13973650255424166
TXN-2026-00471,158.71,atm,ENTERTAINMENT,2026-07-10T02:15:30Z,0.8894500073306529
TXN-2026-00472,131.56,ecom,GROCERY,2026-07-01T18:46:21Z,0.4296092712879369
TXN-2026-00473,832.09,ecom,ONLINE_SERVICES,2026-07-07T08:03:40Z,0.5592098660203579
TXN-2026-00474,71.31,transfer,EDUCATION,2026-06-05T08:16:08Z,0.049209604556460375
TXN-2026-00475,22.43,transfer,HEALTHCARE,2026-07-22T05:16:50Z,0.18800297314566017
TXN-2026-00476,408.03,atm,PHARMACY,2026-07-24T15:48:26Z,0.5972859877936922
TXN-2026-00477,47.31,ecom,PHARMACY,2026-07-23T03:03:10Z,0.7235836106824228
TXN-2026-00478,420.01,ecom,EDUCATION,2026-07-14T22:24:30Z,0.5861426902413596
TXN-2026-00479,15.32,pos,PHARMACY,2026-07-25T08:21:17Z,0.04380436407345269
TXN-2026-00480,114.01,pos,EDUCATION,2026-07-14T18:49:12Z,0.14273686875922753
TXN-2026-00481,85.76,pos,ELECTRONICS,2026-06-23T07:46:18Z,0.10383413780508584
TXN-2026-00482,444.11,pos,ONLINE_SERVICES,2026-07-09T20:07:45Z,0.19658037291912092
TXN-2026-00483,61.98,ecom,TRAVEL,2026-07-30T02:40:29Z,0.7911460486169647
TXN-2026-00484,18.39,atm,PHARMACY,2026-06-18T01:24:24Z,0.7024935572578265
TXN-2026-00485,58.56,ecom,TELECOM,2026-07-12T15:06:09Z,0.34029725419960827
TXN-2026-00486,72.78,transfer,HEALTHCARE,2026-06-01T01:42:24Z,0.2801616715639236
TXN-2026-00487,143.86,ecom,EDUCATION,2026-07-25T23:49:51Z,0.45923902432460706
TXN-2026-00488,31.87,atm,ENTERTAINMENT,2026-06-23T10:43:19Z,0.3302170606253832
TXN-2026-00489,34.29,atm,PHARMACY,2026-07-20T09:41:12Z,0.29589015263154994
TXN-2026-00490,58.43,pos,HEALTHCARE,2026-07-15T11:31:05Z,0.09881037729272538
TXN-2026-00491,12.24,pos,FUEL,2026-06-20T15:34:53Z,0.07737494935058148
TXN-2026-00492,420.73,pos,HEALTHCARE,2026-06-30T21:55:55Z,0.24091511021440154
TXN-2026-00493,114.08,pos,TELECOM,2026-06-12T20:03:57Z,0.14780176602706263
TXN-2026-00494,290.35,atm,ELECTRONICS,2026-07-02T19:51:39Z,0.5965234439216592
TXN-2026-00495,15.41,ecom,PHARMACY,2026-07-05T04:20:53Z,0.6093472266909009
TXN-2026-00496,23.16,pos,FASHION,2026-07-15T11:35:10Z,0.032264676011015715
TXN-2026-00497,189.98,ecom,EDUCATION,2026-07-15T15:44:08Z,0.4721176624072778
TXN-2026-00498,1239.79,ecom,RESTAURANT,2026-06-03T19:11:45Z,0.7172394004704177
TXN-2026-00499,31.93,ecom,RESTAURANT,2026-06-07T19:23:55Z,0.3006069082455238
TXN-2026-00500,69.5,pos,GROCERY,2026-07-13T01:03:41Z,0.4671921808726224
TXN-2026-00501,143.75,ecom,ELECTRONICS,2026-07-28T07:46:28Z,0.39158908384614266
TXN-2026-00502,324.16,atm,RESTAURANT,2026-06-07T07:47:26Z,0.6259467130804126
TXN-2026-00503,37.66,atm,TRAVEL,2026-06-12T12:23:08Z,0.3680048751575901
TXN-2026-00504,46.26,pos,TRAVEL,2026-06-30T14:26:10Z,0.09532518655019163
TXN-2026-00505,275.57,transfer,TELECOM,2026-06-14T18:30:53Z,0.10146456957845704
TXN-2026-00506,64.0,ecom,RESTAURANT,2026-06-15T18:09:58Z,0.3723356607786967
TXN-2026-00507,166.13,ecom,FUEL,2026-07-22T22:52:06Z,0.5742082974132308
TXN-2026-00508,55.47,atm,HEALTHCARE,2026-07-12T02:01:30Z,0.8322628504817225
TXN-2026-00509,31.5,transfer,ENTERTAINMENT,2026-06-24T20:29:45Z,0.03646669736948408
TXN-2026-00510,15.59,pos,GROCERY,2026-07-15T19:34:36Z,0.05986594467422245
TXN-2026-00511,56.23,transfer,UTILITIES,2026-06-25T11:29:39Z,0.045393326008359505
TXN-2026-00512,246.26,ecom,ELECTRONICS,2026-06-09T10:15:34Z,0.4632079780317707
TXN-2026-00513,152.09,pos,HEALTHCARE,2026-07-28T08:32:43Z,0.14443305984196175
TXN-2026-00514,74.89,pos,ENTERTAINMENT,2026-07-01T22:34:43Z,0.11906060780410897
TXN-2026-00515,67.6,pos,TELECOM,2026-07-28T05:18:04Z,0.4852684613118215
TXN-2026-00516,322.59,pos,TRAVEL,2026-07-11T00:18:26Z,0.656393602057076
TXN-2026-00517,183.82,pos,GROCERY,2026-07-04T20:21:26Z,0.17302692828483196
TXN-2026-00518,175.7,ecom,HOME_GOODS,2026-07-07T04:57:50Z,0.8026288959401388
TXN-2026-00519,58.71,atm,GROCERY,2026-06-11T19:59:10Z,0.42584118386013453
TXN-2026-00520,287.87,ecom,UTILITIES,2026-06-08T01:20:36Z,0.885507628291353
TXN-2026-00521,44.5,ecom,PHARMACY,2026-06-11T17:19:07Z,0.2643462997466583
TXN-2026-00522,520.52,pos,ENTERTAINMENT,2026-07-03T10:41:45Z,0.23439053590077336
TXN-2026-00523,556.65,ecom,EDUCATION,2026-06-29T10:44:07Z,0.5891295836299687
TXN-2026-00524,22.95,pos,GROCERY,2026-06-29T11:05:20Z,0.06551272397529823
TXN-2026-00525,83.99,pos,ELECTRONICS,2026-07-13T02:32:25Z,0.47127007542173377
TXN-2026-00526,495.88,ecom,GROCERY,2026-06-10T22:54:27Z,0.5997944968493233
TXN-2026-00527,323.74,atm,ELECTRONICS,2026-06-29T09:10:51Z,0.5841347123258632
TXN-2026-00528,51.96,ecom,TRAVEL,2026-07-26T16:21:04Z,0.32972964887811007
TXN-2026-00529,668.84,ecom,HEALTHCARE,2026-06-13T05:53:24Z,0.9226276375125079
TXN-2026-00530,142.2,atm,FASHION,2026-06-15T00:50:00Z,0.7834505160500597
TXN-2026-00531,91.08,ecom,TELECOM,2026-07-29T22:41:15Z,0.4071297890740728
TXN-2026-00532,98.73,transfer,ELECTRONICS,2026-07-01T18:27:55Z,0.056807169380157924
TXN-2026-00533,50.16,ecom,HOME_GOODS,2026-06-10T10:29:56Z,0.2238376213600675
TXN-2026-00534,246.54,pos,UTILITIES,2026-06-19T09:33:40Z,0.18045582840956742
TXN-2026-00535,121.44,pos,PHARMACY,2026-07-14T22:44:23Z,0.1243969475048868
TXN-2026-00536,46.28,pos,FASHION,2026-06-22T05:06:13Z,0.26257401594930746
TXN-2026-00537,1439.27,atm,JEWELRY,2026-07-15T03:26:29Z,0.9630551096173874
TXN-2026-00538,225.59,ecom,FASHION,2026-06-29T19:33:48Z,0.31902074477252096
TXN-2026-00539,30.8,pos,HEALTHCARE,2026-06-09T06:08:05Z,0.07118996416459418
TXN-2026-00540,462.52,ecom,FUEL,2026-06-04T15:07:58Z,0.6737093455379763
TXN-2026-00541,90.62,transfer,RESTAURANT,2026-07-13T11:01:05Z,0.06129606406726469
TXN-2026-00542,74.03,pos,HOME_GOODS,2026-06-16T16:36:04Z,0.0788659731455162
TXN-2026-00543,260.35,transfer,JEWELRY,2026-07-15T18:11:28Z,0.10101372580201351
TXN-2026-00544,41.28,pos,JEWELRY,2026-06-21T03:29:07Z,0.42707055347528794
TXN-2026-00545,26.78,pos,ENTERTAINMENT,2026-07-09T23:19:43Z,0.07709301174800783
TXN-2026-00546,251.51,transfer,FUEL,2026-07-14T11:11:00Z,0.12838677414219027
TXN-2026-00547,27.59,pos,FUEL,2026-06-13T10:12:38Z,0.10394410558531005
TXN-2026-00548,1255.57,ecom,FASHION,2026-07-08T08:48:50Z,0.4912309557977462
TXN-2026-00549,261.65,ecom,TRAVEL,2026-06-17T15:31:14Z,0.5158561062469857
TXN-2026-00550,74.41,atm,ENTERTAINMENT,2026-06-10T09:39:39Z,0.4227618871011294
TXN-2026-00551,73.11,pos,UTILITIES,2026-07-05T10:51:55Z,0.10980162586311693
TXN-2026-00552,243.37,pos,PHARMACY,2026-06-03T01:11:35Z,0.5671139757235777
TXN-2026-00553,392.15,atm,ONLINE_SERVICES,2026-07-14T17:36:30Z,0.5814655163074139
TXN-2026-00554,52.01,pos,ONLINE_SERVICES,2026-06-03T04:53:23Z,0.3744843083811174
TXN-2026-00555,61.8,pos,PHARMACY,2026-06-16T07:15:41Z,0.08058050620482993
TXN-2026-00556,80.75,atm,ELECTRONICS,2026-07-26T13:36:32Z,0.42721205919846333
TXN-2026-00557,50.84,pos,FUEL,2026-07-02T03:44:43Z,0.5415186856410515
TXN-2026-00558,208.59,ecom,TRAVEL,2026-06-28T06:31:40Z,0.464854139055937
TXN-2026-00559,245.86,atm,ONLINE_SERVICES,2026-07-25T18:06:37Z,0.5278667467024567
TXN-2026-00560,108.63,ecom,RESTAURANT,2026-07-23T09:32:51Z,0.4108657465005314
TXN-2026-00561,303.56,ecom,ENTERTAINMENT,2026-07-27T00:40:45Z,0.8824391249638728
TXN-2026-00562,430.72,transfer,FASHION,2026-07-10T13:59:36Z,0.056947039015886707
TXN-2026-00563,124.1,atm,HOME_GOODS,2026-07-24T02:40:13Z,0.8288242820008571
TXN-2026-00564,101.65,pos,UTILITIES,2026-06-08T04:12:01Z,0.5266056820706313
TXN-2026-00565,35.01,transfer,RESTAURANT,2026-06-17T08:42:35Z,0.038535466416140064
TXN-2026-00566,628.55,atm,GROCERY,2026-07-28T13:57:23Z,0.6880023377251159
TXN-2026-00567,819.77,ecom,JEWELRY,2026-07-24T18:49:59Z,0.6626769610809723
TXN-2026-00568,351.73,ecom,EDUCATION,2026-07-08T23:24:51Z,0.5675626703921299
TXN-2026-00569,90.95,pos,FASHION,2026-06-08T10:34:27Z,0.05965710163735936
TXN-2026-00570,51.38,pos,HEALTHCARE,2026-07-12T19:02:53Z,0.10075727929419118
TXN-2026-00571,156.28,pos,EDUCATION,2026-06-16T14:24:00Z,0.1569164832772587
TXN-2026-00572,165.28,pos,RESTAURANT,2026-06-29T20:20:56Z,0.1815027509500947
TXN-2026-00573,495.79,ecom,FUEL,2026-06-28T03:52:10Z,0.9391333538595867
TXN-2026-00574,337.22,ecom,JEWELRY,2026-06-02T01:41:41Z,0.8972270360386195
TXN-2026-00575,203.99,pos,ONLINE_SERVICES,2026-07-24T20:48:08Z,0.14343101413960502
TXN-2026-00576,568.02,pos,TRAVEL,2026-07-22T09:12:05Z,0.2525078860787554
TXN-2026-00577,958.28,pos,GROCERY,2026-06-30T06:16:44Z,0.28806478637640254
TXN-2026-00578,43.52,ecom,TRAVEL,2026-07-07T03:00:45Z,0.7636144206737056
TXN-2026-00579,165.01,pos,HOME_GOODS,2026-07-18T15:24:08Z,0.11107422589745707
TXN-2026-00580,114.37,ecom,RESTAURANT,2026-06-10T00:18:16Z,0.8420048349351814
TXN-2026-00581,26.5,pos,ENTERTAINMENT,2026-07-15T12:43:13Z,0.0689966427344355
TXN-2026-00582,21.16,pos,JEWELRY,2026-06-16T15:58:22Z,0.06996824447703226
TXN-2026-00583,182.24,ecom,TRAVEL,2026-07-03T15:59:21Z,0.47186368965972636
TXN-2026-00584,76.83,ecom,TRAVEL,2026-06-09T15:55:53Z,0.3701631772531216
TXN-2026-00585,77.56,atm,TELECOM,2026-07-28T05:20:47Z,0.8624726844717351
TXN-2026-00586,31.85,ecom,ENTERTAINMENT,2026-06-28T03:57:59Z,0.7226624919177412
TXN-2026-00587,241.48,ecom,HOME_GOODS,2026-06-23T02:13:55Z,0.8229915306334735
TXN-2026-00588,211.52,ecom,FASHION,2026-06-14T18:00:33Z,0.3100117893813664
TXN-2026-00589,47.53,atm,GROCERY,2026-07-30T03:53:20Z,0.8227924272857743
TXN-2026-00590,206.75,ecom,ENTERTAINMENT,2026-07-13T00:21:02Z,0.8615965314574441
TXN-2026-00591,51.76,pos,HOME_GOODS,2026-06-05T17:38:24Z,0.0678828300386751
TXN-2026-00592,60.66,transfer,HOME_GOODS,2026-06-14T05:24:49Z,0.19730386349398726
TXN-2026-00593,1013.92,ecom,FUEL,2026-06-23T21:06:53Z,0.763317465218225
TXN-2026-00594,182.75,ecom,ONLINE_SERVICES,2026-06-28T11:39:11Z,0.38458079830623754
TXN-2026-00595,85.28,pos,UTILITIES,2026-06-06T09:29:27Z,0.1162096559137311
TXN-2026-00596,573.31,ecom,FASHION,2026-06-19T18:03:35Z,0.4221937208155476
TXN-2026-00597,370.88,ecom,ONLINE_SERVICES,2026-07-08T02:49:32Z,0.8679955351570622
TXN-2026-00598,43.18,pos,TRAVEL,2026-06-21T18:46:29Z,0.09608296296330077
TXN-2026-00599,131.36,pos,HEALTHCARE,2026-06-02T00:25:07Z,0.5421384777946379
TXN-2026-00600,475.19,ecom,HOME_GOODS,2026-07-17T15:19:39Z,0.47501007249020244
TXN-2026-00601,116.25,pos,GROCERY,2026-06-02T06:30:41Z,0.12642402035152442
TXN-2026-00602,64.44,atm,JEWELRY,2026-06-30T04:30:27Z,0.853071860932639
TXN-2026-00603,130.87,ecom,HOME_GOODS,2026-06-19T18:53:53Z,0.33251474653751045
TXN-2026-00604,119.07,ecom,HEALTHCARE,2026-07-02T23:37:38Z,0.43118354831783173
TXN-2026-00605,236.75,transfer,TELECOM,2026-07-16T01:33:01Z,0.4182804362337109
TXN-2026-00606,285.54,atm,FUEL,2026-06-29T22:27:01Z,0.716476165535723
TXN-2026-00607,766.61,pos,TELECOM,2026-06-30T04:56:18Z,0.7524909037554062
TXN-2026-00608,2414.4,ecom,PHARMACY,2026-07-25T05:39:13Z,0.9476856288447831
TXN-2026-00609,92.88,ecom,EDUCATION,2026-06-04T00:22:56Z,0.8156337070593028
TXN-2026-00610,153.54,atm,TELECOM,2026-06-22T13:07:39Z,0.5368992229516619
TXN-2026-00611,392.71,atm,EDUCATION,2026-06-10T22:55:32Z,0.6636372843622647
TXN-2026-00612,579.18,atm,HOME_GOODS,2026-07-25T03:52:35Z,0.9119940271372226
TXN-2026-00613,383.85,pos,FASHION,2026-07-02T23:55:06Z,0.12766635476728413
TXN-2026-00614,60.54,pos,RESTAURANT,2026-07-20T00:15:53Z,0.47539357781269415
TXN-2026-00615,205.15,atm,PHARMACY,2026-07-19T16:26:50Z,0.5173518269098166
TXN-2026-00616,43.5,transfer,TELECOM,2026-07-21T21:23:01Z,0.04550120244462411
TXN-2026-00617,32.61,pos,PHARMACY,2026-06-28T01:25:48Z,0.3317372444510281
TXN-2026-00618,342.41,transfer,HEALTHCARE,2026-07-27T21:44:35Z,0.1105315013110516
TXN-2026-00619,293.68,ecom,TRAVEL,2026-06-14T17:39:50Z,0.5350904326450685
TXN-2026-00620,82.75,pos,RESTAURANT,2026-07-17T23:56:08Z,0.14059076952643193
TXN-2026-00621,186.81,ecom,GROCERY,2026-07-20T09:46:27Z,0.44845930471983136
TXN-2026-00622,672.37,ecom,PHARMACY,2026-07-07T23:00:29Z,0.58835362928066
TXN-2026-00623,195.89,ecom,HOME_GOODS,2026-06-19T21:50:52Z,0.38474101377802866
TXN-2026-00624,177.22,pos,JEWELRY,2026-06-24T14:06:09Z,0.1711013256319114
TXN-2026-00625,43.79,pos,ELECTRONICS,2026-07-08T17:33:49Z,0.08514262922567374
TXN-2026-00626,156.01,pos,ENTERTAINMENT,2026-06-11T04:32:08Z,0.5668589790169987
TXN-2026-00627,121.71,ecom,ENTERTAINMENT,2026-07-06T11:58:07Z,0.39730213748707305
TXN-2026-00628,26.03,pos,JEWELRY,2026-06-24T09:18:31Z,0.07225310557030933
TXN-2026-00629,14.92,atm,RESTAURANT,2026-06-01T03:35:22Z,0.7502594221504528
TXN-2026-00630,62.37,pos,ENTERTAINMENT,2026-07-09T04:48:08Z,0.4564167496538149
TXN-2026-00631,217.15,atm,UTILITIES,2026-07-28T12:21:34Z,0.5707257893898333
TXN-2026-00632,183.75,pos,TRAVEL,2026-07-21T22:19:35Z,0.1824332492024819
TXN-2026-00633,24.09,transfer,JEWELRY,2026-07-28T00:07:42Z,0.19504889284702925
TXN-2026-00634,337.36,pos,HEALTHCARE,2026-06-06T17:38:20Z,0.21464839986772555
TXN-2026-00635,80.25,pos,HOME_GOODS,2026-06-06T03:06:34Z,0.3888916343871976
TXN-2026-00636,80.23,atm,TRAVEL,2026-06-11T01:39:20Z,0.8593848458981413
TXN-2026-00637,21.77,pos,PHARMACY,2026-06-16T15:32:48Z,0.05482101085133421
TXN-2026-00638,2755.27,ecom,FUEL,2026-06-02T08:35:37Z,0.8211360970129838
TXN-2026-00639,272.61,pos,ELECTRONICS,2026-07-21T04:23:34Z,0.6172105358896416
TXN-2026-00640,49.85,transfer,JEWELRY,2026-06-19T20:10:00Z,0.04899060949304547
TXN-2026-00641,206.06,atm,RESTAURANT,2026-06-03T05:47:34Z,0.9149603345267954
TXN-2026-00642,182.1,pos,TRAVEL,2026-07-03T10:56:43Z,0.16389876844598344
TXN-2026-00643,104.26,transfer,PHARMACY,2026-07-02T12:34:05Z,0.048945911500459224
TXN-2026-00644,16.75,pos,ELECTRONICS,2026-07-23T19:22:24Z,0.05698224191401004
TXN-2026-00645,339.2,pos,GROCERY,2026-07-16T11:12:05Z,0.20428309842405196
TXN-2026-00646,120.76,transfer,GROCERY,2026-06-13T20:25:07Z,0.06877711507677611
TXN-2026-00647,33.56,ecom,ONLINE_SERVICES,2026-07-18T02:08:16Z,0.6728644200544506
TXN-2026-00648,175.9,pos,HEALTHCARE,2026-07-14T17:56:29Z,0.1659837777269862
TXN-2026-00649,19.43,pos,FUEL,2026-06-30T15:23:33Z,0.09394580264337124
TXN-2026-00650,23.5,ecom,PHARMACY,2026-06-02T23:14:44Z,0.22033308711762387
TXN-2026-00651,30.93,ecom,ELECTRONICS,2026-06-02T18:51:40Z,0.2563074939654003
TXN-2026-00652,77.37,pos,PHARMACY,2026-06-05T19:39:28Z,0.099662569145755
TXN-2026-00653,63.0,pos,TELECOM,2026-07-11T13:04:06Z,0.10793870320975002
TXN-2026-00654,137.0,pos,ONLINE_SERVICES,2026-07-09T21:39:00Z,0.12236585494592894
TXN-2026-00655,195.98,pos,UTILITIES,2026-06-22T18:12:06Z,0.17782587140307046
TXN-2026-00656,38.29,ecom,HOME_GOODS,2026-07-11T16:16:22Z,0.2124883520741524
TXN-2026-00657,102.27,pos,FASHION,2026-07-12T11:19:37Z,0.06354169723955892
TXN-2026-00658,464.03,pos,PHARMACY,2026-07-13T21:09:03Z,0.21263891123660814
TXN-2026-00659,48.51,atm,PHARMACY,2026-07-15T14:38:44Z,0.34317499568748
TXN-2026-00660,48.96,pos,ELECTRONICS,2026-06-03T15:14:58Z,0.0877144552498062
TXN-2026-00661,43.67,ecom,HOME_GOODS,2026-06-14T12:11:52Z,0.21603270142003525
TXN-2026-00662,22.07,pos,ELECTRONICS,2026-07-11T18:58:48Z,0.06365275418967681
TXN-2026-00663,81.76,atm,HEALTHCARE,2026-06-12T08:58:06Z,0.43752513034864643
TXN-2026-00664,45.42,pos,RESTAURANT,2026-07-22T11:42:10Z,0.09759721615353904
TXN-2026-00665,126.18,pos,FUEL,2026-06-28T20:15:58Z,0.21085945829345873
TXN-2026-00666,40.95,atm,PHARMACY,2026-06-18T04:54:32Z,0.7803978080688495
TXN-2026-00667,12.24,pos,JEWELRY,2026-07-19T16:23:31Z,0.05579354143735053
TXN-2026-00668,332.12,ecom,ENTERTAINMENT,2026-06-18T18:25:40Z,0.5361385884897478
TXN-2026-00669,408.02,pos,FUEL,2026-07-30T11:16:35Z,0.3010697933745107
TXN-2026-00670,76.31,pos,PHARMACY,2026-06-29T14:27:26Z,0.09450812264843367
TXN-2026-00671,55.16,pos,ELECTRONICS,2026-07-24T16:32:34Z,0.09328126003664236
TXN-2026-00672,31.39,pos,PHARMACY,2026-06-20T23:52:49Z,0.06968907644043476
TXN-2026-00673,17.64,ecom,JEWELRY,2026-07-21T12:25:52Z,0.22464983929955964
TXN-2026-00674,57.39,transfer,HOME_GOODS,2026-07-18T06:30:14Z,0.028693423037929818
TXN-2026-00675,112.54,atm,HEALTHCARE,2026-07-25T17:01:23Z,0.49933454337292627
TXN-2026-00676,117.27,pos,EDUCATION,2026-06-15T13:27:43Z,0.13809284844239642
TXN-2026-00677,139.86,pos,PHARMACY,2026-07-29T19:36:55Z,0.12851278396244845
TXN-2026-00678,38.1,pos,FUEL,2026-07-07T14:40:57Z,0.12354400292959661
TXN-2026-00679,502.68,ecom,GROCERY,2026-06-15T09:42:33Z,0.5684827047409964
TXN-2026-00680,233.27,pos,PHARMACY,2026-06-11T03:08:34Z,0.5671664327398093
TXN-2026-00681,10.26,pos,RESTAURANT,2026-07-13T15:10:38Z,0.053384511927394344
TXN-2026-00682,37.73,ecom,RESTAURANT,2026-07-22T07:33:21Z,0.29106501681546504
TXN-2026-00683,23.63,atm,ENTERTAINMENT,2026-07-21T09:25:39Z,0.29758950674592427
TXN-2026-00684,78.38,ecom,ENTERTAINMENT,2026-07-15T18:06:25Z,0.36429436759473366
TXN-2026-00685,36.49,pos,TELECOM,2026-06-08T11:04:48Z,0.08359774047693024
TXN-2026-00686,165.32,pos,JEWELRY,2026-06-30T12:21:47Z,0.1634873374942215
TXN-2026-00687,65.02,pos,HEALTHCARE,2026-06-06T17:42:15Z,0.10943828447535668
TXN-2026-00688,753.94,atm,TRAVEL,2026-06-12T09:07:34Z,0.7071586300863831
TXN-2026-00689,112.33,pos,TRAVEL,2026-07-15T01:53:40Z,0.5360575340418915
TXN-2026-00690,18.77,pos,GROCERY,2026-06-13T07:23:58Z,0.057687461511229325
TXN-2026-00691,223.42,atm,UTILITIES,2026-07-27T03:51:53Z,0.909481422560601
TXN-2026-00692,30.07,pos,PHARMACY,2026-07-10T06:59:34Z,0.057913656159412866
TXN-2026-00693,41.77,pos,UTILITIES,2026-06-30T07:04:42Z,0.0837112857285757
TXN-2026-00694,14.58,pos,EDUCATION,2026-07-30T18:10:16Z,0.0589344357396132
TXN-2026-00695,11.35,ecom,PHARMACY,2026-07-15T10:54:42Z,0.15002517903805246
TXN-2026-00696,39.74,transfer,ENTERTAINMENT,2026-06-15T16:37:45Z,0.03896326085492664
TXN-2026-00697,87.73,ecom,EDUCATION,2026-06-09T11:31:18Z,0.37090368132176393
TXN-2026-00698,31.01,pos,TELECOM,2026-06-09T08:20:41Z,0.07564604898775266
TXN-2026-00699,479.61,pos,RESTAURANT,2026-06-15T19:55:24Z,0.2694442774024344
TXN-2026-00700,26.98,pos,ENTERTAINMENT,2026-07-11T04:13:08Z,0.3601611441162502
TXN-2026-00701,274.96,ecom,FUEL,2026-07-17T06:15:27Z,0.5932608278803693
TXN-2026-00702,35.68,pos,UTILITIES,2026-06-24T12:24:10Z,0.0819649814067495
TXN-2026-00703,128.68,atm,EDUCATION,2026-06-28T02:48:58Z,0.8839340277612673
TXN-2026-00704,44.21,pos,ENTERTAINMENT,2026-07-06T19:30:04Z,0.09228778865738779
TXN-2026-00705,147.63,pos,JEWELRY,2026-06-26T13:25:47Z,0.15748204193466442
TXN-2026-00706,61.62,transfer,ELECTRONICS,2026-07-29T03:24:59Z,0.2513941068573763
TXN-2026-00707,437.53,ecom,JEWELRY,2026-06-24T22:03:41Z,0.6011731366418629
TXN-2026-00708,735.93,ecom,TELECOM,2026-07-14T00:44:42Z,0.9251575442150834
TXN-2026-00709,625.14,ecom,UTILITIES,2026-07-29T12:25:45Z,0.6073724147269361
TXN-2026-00710,306.42,atm,FASHION,2026-07-05T21:56:24Z,0.4442606599931084
TXN-2026-00711,85.51,ecom,EDUCATION,2026-07-18T12:44:19Z,0.37044553124123736
TXN-2026-00712,160.75,pos,EDUCATION,2026-07-12T09:46:27Z,0.15189747713058002
TXN-2026-00713,89.88,ecom,ELECTRONICS,2026-06-12T06:03:47Z,0.3365389999224931
TXN-2026-00714,438.62,pos,TELECOM,2026-06-11T02:18:05Z,0.6939045574953413
TXN-2026-00715,30.18,ecom,EDUCATION,2026-06-01T12:38:33Z,0.26318394616337426
TXN-2026-00716,16.12,ecom,PHARMACY,2026-06-21T07:23:42Z,0.16715314180682028
TXN-2026-00717,287.7,pos,HOME_GOODS,2026-07-27T04:01:38Z,0.5445419366421459
TXN-2026-00718,111.15,atm,PHARMACY,2026-07-26T15:32:26Z,0.44058720134405255
TXN-2026-00719,82.06,ecom,HOME_GOODS,2026-07-09T15:25:47Z,0.27803296396033234
TXN-2026-00720,112.0,transfer,HOME_GOODS,2026-06-25T09:38:12Z,0.04039875403241049
TXN-2026-00721,40.26,transfer,HOME_GOODS,2026-06-08T15:42:34Z,0.026649800368220136
TXN-2026-00722,18.71,transfer,HEALTHCARE,2026-07-16T00:10:59Z,0.168014879526872
TXN-2026-00723,32.36,transfer,UTILITIES,2026-07-05T20:46:31Z,0.03856541359607418
TXN-2026-00724,42.49,atm,ONLINE_SERVICES,2026-07-29T22:47:47Z,0.3326954475741555
TXN-2026-00725,124.24,pos,PHARMACY,2026-06-24T04:54:20Z,0.4935996969900504
TXN-2026-00726,102.9,ecom,HOME_GOODS,2026-07-20T11:51:43Z,0.29184189679625117
TXN-2026-00727,263.03,pos,FASHION,2026-06-30T04:38:18Z,0.4497401537551467
TXN-2026-00728,313.25,ecom,HEALTHCARE,2026-07-24T06:31:18Z,0.5040717461746281
TXN-2026-00729,1048.66,atm,TELECOM,2026-06-04T05:54:31Z,0.957059829007893
TXN-2026-00730,28.43,transfer,TRAVEL,2026-06-23T12:25:04Z,0.03422435658733939
TXN-2026-00731,229.17,pos,PHARMACY,2026-07-22T01:54:59Z,0.5599113150288703
TXN-2026-00732,53.39,pos,HEALTHCARE,2026-06-14T06:51:47Z,0.09062614273440812
TXN-2026-00733,110.73,pos,FUEL,2026-06-04T03:22:30Z,0.6322996395610169
TXN-2026-00734,128.17,ecom,ONLINE_SERVICES,2026-07-17T12:15:02Z,0.3470295085339007
TXN-2026-00735,211.43,ecom,FUEL,2026-06-30T20:24:17Z,0.5976063840192734
TXN-2026-00736,1360.65,pos,ENTERTAINMENT,2026-06-15T00:37:36Z,0.7831265729572426
TXN-2026-00737,256.02,ecom,UTILITIES,2026-06-09T03:20:04Z,0.8817772124936558
TXN-2026-00738,106.26,pos,HOME_GOODS,2026-07-02T02:33:53Z,0.41907978831655435
TXN-2026-00739,249.05,ecom,GROCERY,2026-06-08T01:08:36Z,0.8756852793774026
TXN-2026-00740,220.76,atm,GROCERY,2026-06-03T16:57:50Z,0.5772986463895755
TXN-2026-00741,80.82,ecom,JEWELRY,2026-07-23T01:15:02Z,0.8134497675287458
TXN-2026-00742,93.76,transfer,ONLINE_SERVICES,2026-06-18T04:46:39Z,0.25615471599985207
TXN-2026-00743,16.3,pos,ELECTRONICS,2026-06-18T20:44:41Z,0.056867851663878616
TXN-2026-00744,28.99,atm,ONLINE_SERVICES,2026-06-25T00:38:15Z,0.7301191901113836
TXN-2026-00745,49.98,pos,ELECTRONICS,2026-06-18T04:55:51Z,0.41479075377882446
TXN-2026-00746,57.06,transfer,RESTAURANT,2026-07-30T03:11:33Z,0.2823468934329788
TXN-2026-00747,37.18,ecom,ONLINE_SERVICES,2026-06-12T11:51:47Z,0.22465385725026168
TXN-2026-00748,238.65,pos,JEWELRY,2026-06-10T12:36:47Z,0.18941239358604023
TXN-2026-00749,55.45,pos,ONLINE_SERVICES,2026-06-29T11:51:29Z,0.07503668647914759
TXN-2026-00750,207.89,transfer,TELECOM,2026-07-11T02:19:26Z,0.40547366249456523
TXN-2026-00751,24.59,pos,GROCERY,2026-07-30T15:51:55Z,0.07019919339615109
TXN-2026-00752,46.3,pos,ENTERTAINMENT,2026-07-29T23:00:45Z,0.09777561473539367
TXN-2026-00753,2414.76,ecom,GROCERY,2026-07-04T07:11:04Z,0.7353076398415673
TXN-2026-00754,28.42,pos,FUEL,2026-07-24T17:54:49Z,0.11233206271552107
TXN-2026-00755,68.93,ecom,FUEL,2026-07-30T20:32:52Z,0.46306431939226905
TXN-2026-00756,101.97,pos,GROCERY,2026-06-23T03:00:22Z,0.5186779221596411
TXN-2026-00757,70.4,ecom,TELECOM,2026-07-02T00:09:49Z,0.7978297157216561
TXN-2026-00758,363.77,pos,FUEL,2026-06-18T03:28:42Z,0.7541481526507189
TXN-2026-00759,46.13,pos,RESTAURANT,2026-06-27T23:21:57Z,0.1099137247877356
TXN-2026-00760,18.03,transfer,FASHION,2026-07-02T21:45:08Z,0.014055351157075088
TXN-2026-00761,138.67,pos,ELECTRONICS,2026-06-23T16:00:49Z,0.13841102076055967
TXN-2026-00762,162.73,pos,ONLINE_SERVICES,2026-06-19T09:31:05Z,0.11797481145354534
TXN-2026-00763,33.37,atm,HOME_GOODS,2026-07-13T13:12:30Z,0.26068200478503567
TXN-2026-00764,82.39,ecom,TRAVEL,2026-06-03T08:12:59Z,0.36105764957009373
TXN-2026-00765,29.52,pos,FASHION,2026-06-04T16:27:41Z,0.037886952308285975
TXN-2026-00766,125.24,pos,PHARMACY,2026-07-28T01:11:02Z,0.48675225184812665
TXN-2026-00767,61.91,transfer,ELECTRONICS,2026-07-02T11:21:19Z,0.04277819915193667
TXN-2026-00768,49.85,ecom,HOME_GOODS,2026-07-22T11:47:49Z,0.22513587999193457
TXN-2026-00769,90.05,pos,HEALTHCARE,2026-07-29T20:52:12Z,0.12921024329096648
TXN-2026-00770,25.04,transfer,ONLINE_SERVICES,2026-07-19T06:34:46Z,0.02232296425267496
TXN-2026-00771,176.71,atm,TELECOM,2026-06-24T14:40:45Z,0.5564166557440945
TXN-2026-00772,286.84,ecom,JEWELRY,2026-06-18T22:08:18Z,0.5509247891594119
TXN-2026-00773,11.8,ecom,JEWELRY,2026-06-25T17:49:24Z,0.20254265188576936
TXN-2026-00774,87.83,pos,RESTAURANT,2026-07-30T16:29:32Z,0.13533387356452778
TXN-2026-00775,80.6,pos,GROCERY,2026-07-11T04:56:17Z,0.4928490333191167
TXN-2026-00776,18.89,ecom,RESTAURANT,2026-07-11T19:23:20Z,0.25142482205444333
TXN-2026-00777,2043.04,transfer,UTILITIES,2026-07-20T18:06:46Z,0.22725431925231182
TXN-2026-00778,319.64,ecom,RESTAURANT,2026-06-18T06:37:40Z,0.5332735795992013
TXN-2026-00779,72.67,transfer,ELECTRONICS,2026-07-23T05:12:36Z,0.2707469196545762
TXN-2026-00780,27.01,pos,TELECOM,2026-07-09T06:04:09Z,0.06983758465951749
TXN-2026-00781,1378.4,ecom,TRAVEL,2026-07-09T03:24:24Z,0.945427710278334
TXN-2026-00782,47.21,atm,TELECOM,2026-06-06T08:09:40Z,0.3836459503154492
TXN-2026-00783,50.34,atm,ELECTRONICS,2026-07-07T14:52:10Z,0.3751092311023823
TXN-2026-00784,28.18,pos,HEALTHCARE,2026-06-02T01:06:34Z,0.36349082487463263
TXN-2026-00785,52.75,pos,FUEL,2026-06-19T07:58:56Z,0.13277521573354778
TXN-2026-00786,36.57,pos,FASHION,2026-06-08T11:59:59Z,0.03973343107646332
TXN-2026-00787,10.14,pos,FUEL,2026-06-20T19:52:18Z,0.0743772626132317
TXN-2026-00788,2141.92,ecom,TELECOM,2026-07-26T04:49:41Z,0.9559947975197847
TXN-2026-00789,5623.52,atm,ELECTRONICS,2026-06-18T04:05:20Z,0.9777987382112975
TXN-2026-00790,20.08,pos,FUEL,2026-07-09T20:21:08Z,0.09984853220969511
TXN-2026-00791,88.27,ecom,RESTAURANT,2026-06-27T16:36:49Z,0.40422996870035993
TXN-2026-00792,20.55,pos,HOME_GOODS,2026-07-25T04:18:29Z,0.25148012238737916
TXN-2026-00793,136.77,pos,HEALTHCARE,2026-06-02T22:27:23Z,0.15650045691674483
TXN-2026-00794,112.61,ecom,ONLINE_SERVICES,2026-06-05T00:36:53Z,0.7828656544922602
TXN-2026-00795,121.17,ecom,FASHION,2026-06-29T20:44:00Z,0.25922255176332276
TXN-2026-00796,35.39,pos,EDUCATION,2026-06-26T13:43:56Z,0.08258120127294022
TXN-2026-00797,476.22,transfer,FASHION,2026-06-09T23:13:25Z,0.06576235624756907
TXN-2026-00798,67.58,transfer,ONLINE_SERVICES,2026-07-12T12:52:24Z,0.037568560821344625
TXN-2026-00799,262.3,pos,PHARMACY,2026-06-02T07:18:10Z,0.15015904109573552
TXN-2026-00800,70.94,atm,FASHION,2026-07-30T01:15:17Z,0.7230370873982659
TXN-2026-00801,17.43,pos,FASHION,2026-06-19T12:32:12Z,0.028665408914140864
TXN-2026-00802,6.85,ecom,ELECTRONICS,2026-07-03T03:32:51Z,0.548473973251825
TXN-2026-00803,107.08,pos,TRAVEL,2026-07-11T02:45:14Z,0.532879825006971
TXN-2026-00804,82.55,transfer,JEWELRY,2026-07-12T16:59:49Z,0.059260844326436926
TXN-2026-00805,171.56,pos,HEALTHCARE,2026-06-14T19:38:04Z,0.16719306538158696
TXN-2026-00806,5.0,pos,HOME_GOODS,2026-07-22T02:31:06Z,0.1496890512929967
TXN-2026-00807,17.43,pos,ELECTRONICS,2026-06-08T18:31:02Z,0.0574114448820316
TXN-2026-00808,58.61,transfer,TRAVEL,2026-07-10T10:23:05Z,0.04672600293092882
TXN-2026-00809,134.6,transfer,GROCERY,2026-07-23T17:00:09Z,0.07015851404782507
TXN-2026-00810,120.33,pos,ELECTRONICS,2026-06-30T20:34:57Z,0.1352065051332184
TXN-2026-00811,121.68,atm,RESTAURANT,2026-06-22T19:31:13Z,0.5407168232843842
TXN-2026-00812,63.4,ecom,ENTERTAINMENT,2026-07-07T01:38:49Z,0.7800795442554568
TXN-2026-00813,118.47,pos,RESTAURANT,2026-07-11T05:05:09Z,0.5690911821835183
TXN-2026-00814,648.31,atm,ENTERTAINMENT,2026-07-13T08:11:53Z,0.6750839010371142
TXN-2026-00815,368.28,pos,PHARMACY,2026-07-05T22:50:10Z,0.19600777232620767
TXN-2026-00816,217.47,pos,GROCERY,2026-06-13T02:46:42Z,0.6064149603112509
TXN-2026-00817,43.89,ecom,GROCERY,2026-06-10T15:55:20Z,0.3006071197341869
TXN-2026-00818,148.69,pos,ENTERTAINMENT,2026-07-08T03:02:13Z,0.5585459368882986
TXN-2026-00819,75.93,pos,RESTAURANT,2026-07-15T15:41:29Z,0.12615584541975086
TXN-2026-00820,65.11,pos,EDUCATION,2026-07-06T19:10:34Z,0.11373358066770135
TXN-2026-00821,123.13,pos,ONLINE_SERVICES,2026-07-11T14:32:37Z,0.10957976587228895
TXN-2026-00822,82.26,pos,ENTERTAINMENT,2026-07-25T15:07:22Z,0.11618832020714613
TXN-2026-00823,217.33,pos,PHARMACY,2026-06-18T21:16:19Z,0.15723558599155346
TXN-2026-00824,25.9,pos,GROCERY,2026-07-23T16:52:47Z,0.07250834825668798
TXN-2026-00825,105.81,transfer,RESTAURANT,2026-06-04T18:27:08Z,0.07038868731477238
TXN-2026-00826,25.77,ecom,FUEL,2026-06-09T16:07:40Z,0.34086742095333494
TXN-2026-00827,13.27,pos,FUEL,2026-07-05T02:36:24Z,0.3834359870809273
TXN-2026-00828,27.05,ecom,PHARMACY,2026-06-15T09:12:34Z,0.206925161862378
TXN-2026-00829,64.73,ecom,UTILITIES,2026-06-17T05:05:04Z,0.7962812365453038
TXN-2026-00830,190.75,pos,ENTERTAINMENT,2026-07-02T20:04:13Z,0.17238593575416833
TXN-2026-00831,690.97,pos,GROCERY,2026-07-11T19:54:02Z,0.28313043345854255
TXN-2026-00832,81.8,transfer,ONLINE_SERVICES,2026-07-18T08:59:07Z,0.039435839043420955
TXN-2026-00833,224.52,atm,ELECTRONICS,2026-06-18T15:12:05Z,0.5557662583688988
TXN-2026-00834,213.32,pos,FUEL,2026-06-13T21:54:56Z,0.2584488983932061
TXN-2026-00835,121.99,atm,HEALTHCARE,2026-06-28T19:47:17Z,0.5143226140019268
TXN-2026-00836,38.57,pos,PHARMACY,2026-06-05T14:10:56Z,0.06995321952775012
TXN-2026-00837,55.29,transfer,JEWELRY,2026-06-12T10:27:50Z,0.046509085708915
TXN-2026-00838,55.86,ecom,PHARMACY,2026-06-01T10:44:00Z,0.2714084932206825
TXN-2026-00839,110.65,pos,FASHION,2026-06-07T17:17:45Z,0.06980677215801423
TXN-2026-00840,72.82,pos,PHARMACY,2026-06-18T13:07:07Z,0.09171944347663226
TXN-2026-00841,259.87,pos,UTILITIES,2026-06-01T14:18:08Z,0.19225029707465766
TXN-2026-00842,13.17,pos,UTILITIES,2026-07-24T13:46:19Z,0.0536183271900169
TXN-2026-00843,76.47,ecom,GROCERY,2026-06-30T15:54:41Z,0.35951127491789653
TXN-2026-00844,150.37,pos,GROCERY,2026-06-21T22:46:27Z,0.16231170846867515
TXN-2026-00845,107.22,transfer,TELECOM,2026-07-27T01:07:03Z,0.3285322145730322
TXN-2026-00846,69.81,ecom,EDUCATION,2026-07-30T04:37:29Z,0.8007216647293097
TXN-2026-00847,32.84,ecom,UTILITIES,2026-07-07T15:42:31Z,0.2769258491981505
TXN-2026-00848,420.11,pos,FASHION,2026-06-23T17:53:55Z,0.12561603543663255
TXN-2026-00849,66.84,pos,RESTAURANT,2026-07-02T03:21:13Z,0.4951155415166098
TXN-2026-00850,265.02,pos,JEWELRY,2026-06-29T19:32:12Z,0.20919972555492672
TXN-2026-00851,136.66,ecom,TRAVEL,2026-06-08T07:01:57Z,0.4167786422847819
TXN-2026-00852,108.11,ecom,ENTERTAINMENT,2026-07-06T02:22:27Z,0.8226588410040289
TXN-2026-00853,18.58,pos,ELECTRONICS,2026-07-30T13:12:18Z,0.056203598383851174
TXN-2026-00854,154.38,ecom,ENTERTAINMENT,2026-06-04T20:15:07Z,0.44834007300824347
TXN-2026-00855,38.12,ecom,FASHION,2026-07-16T12:25:25Z,0.15570995499394347
TXN-2026-00856,33.8,pos,RESTAURANT,2026-07-11T09:45:38Z,0.0842460569796729
TXN-2026-00857,406.64,ecom,HOME_GOODS,2026-06-21T21:04:10Z,0.4716573514682577
TXN-2026-00858,68.58,transfer,UTILITIES,2026-06-12T08:56:04Z,0.048262054474220106
TXN-2026-00859,562.88,atm,ENTERTAINMENT,2026-06-11T04:49:06Z,0.9383738463126892
TXN-2026-00860,79.85,ecom,HEALTHCARE,2026-07-13T15:16:23Z,0.36495559259992094
TXN-2026-00861,142.53,atm,HOME_GOODS,2026-07-04T23:40:01Z,0.4405480330951665
TXN-2026-00862,73.3,transfer,PHARMACY,2026-07-18T22:27:23Z,0.04595987998961041
TXN-2026-00863,390.52,atm,UTILITIES,2026-07-27T16:11:16Z,0.6485384928644469
TXN-2026-00864,50.64,transfer,FASHION,2026-07-04T22:21:53Z,0.022935908684329254
TXN-2026-00865,73.23,pos,GROCERY,2026-06-30T21:09:33Z,0.11919108303848085
TXN-2026-00866,26.94,pos,FASHION,2026-06-04T15:19:00Z,0.03597962959797582
TXN-2026-00867,1123.61,atm,EDUCATION,2026-07-20T17:09:05Z,0.7578273228749737
TXN-2026-00868,26.77,pos,TELECOM,2026-07-01T11:15:51Z,0.07301689509382012
TXN-2026-00869,216.07,ecom,TRAVEL,2026-06-21T18:08:43Z,0.500375432630033
TXN-2026-00870,12.13,pos,FASHION,2026-07-11T14:34:11Z,0.02489244507018602
TXN-2026-00871,48.61,transfer,HEALTHCARE,2026-06-30T13:26:29Z,0.042486259317467905
TXN-2026-00872,100.65,pos,TRAVEL,2026-06-16T18:32:23Z,0.13777114169171412
TXN-2026-00873,206.37,pos,EDUCATION,2026-07-24T01:05:03Z,0.60367780755274
TXN-2026-00874,140.85,atm,ONLINE_SERVICES,2026-06-04T03:47:37Z,0.8565131807578827
TXN-2026-00875,100.67,pos,UTILITIES,2026-07-11T09:46:59Z,0.12471308153341673
TXN-2026-00876,77.45,pos,GROCERY,2026-06-07T15:01:53Z,0.11551065158144076
TXN-2026-00877,360.35,atm,HOME_GOODS,2026-07-10T21:28:54Z,0.5478143407746532
TXN-2026-00878,135.35,pos,HOME_GOODS,2026-07-03T23:44:34Z,0.10981325122572966
TXN-2026-00879,74.38,ecom,UTILITIES,2026-07-22T03:29:26Z,0.8036649132939535
TXN-2026-00880,957.64,pos,FUEL,2026-07-10T14:02:58Z,0.4026885372850029
TXN-2026-00881,174.73,pos,HOME_GOODS,2026-07-28T22:33:24Z,0.12142877785055198
TXN-2026-00882,51.17,ecom,ONLINE_SERVICES,2026-07-21T04:17:50Z,0.7198002479698626
TXN-2026-00883,1071.49,ecom,TRAVEL,2026-07-20T21:33:16Z,0.6930110611319514
TXN-2026-00884,16.24,pos,ONLINE_SERVICES,2026-07-02T21:30:20Z,0.0479857066674033
TXN-2026-00885,345.34,atm,FUEL,2026-06-24T19:40:53Z,0.7287864858602375
TXN-2026-00886,34.54,pos,TRAVEL,2026-06-29T21:18:14Z,0.08975074168852225
TXN-2026-00887,384.16,ecom,UTILITIES,2026-06-22T05:43:46Z,0.9027443850714718
TXN-2026-00888,71.41,atm,JEWELRY,2026-07-06T04:51:04Z,0.8591694007061692
TXN-2026-00889,33.04,atm,FASHION,2026-06-04T19:34:21Z,0.21061345458361552
TXN-2026-00890,53.41,transfer,FASHION,2026-07-26T05:18:04Z,0.14171884980193686
TXN-2026-00891,432.16,ecom,TELECOM,2026-06-02T01:21:26Z,0.9059431060785601
TXN-2026-00892,102.91,pos,RESTAURANT,2026-07-30T21:58:56Z,0.15113248857619704
TXN-2026-00893,360.33,ecom,EDUCATION,2026-06-05T13:38:47Z,0.5447284857745865
TXN-2026-00894,25.03,ecom,ELECTRONICS,2026-07-12T11:27:30Z,0.2247502018063998
TXN-2026-00895,72.29,ecom,HOME_GOODS,2026-06-02T17:30:03Z,0.27000601279215436
TXN-2026-00896,43.98,ecom,JEWELRY,2026-07-28T19:57:23Z,0.32413030030485035
TXN-2026-00897,76.48,ecom,RESTAURANT,2026-07-22T17:36:02Z,0.390139049657469
TXN-2026-00898,32.37,pos,ENTERTAINMENT,2026-06-16T09:08:38Z,0.07317860667930058
TXN-2026-00899,146.98,pos,HEALTHCARE,2026-07-29T07:28:45Z,0.14112408141427465
TXN-2026-00900,159.04,atm,RESTAURANT,2026-07-15T17:32:06Z,0.567684068420928
TXN-2026-00901,10.28,pos,TELECOM,2026-06-14T03:23:46Z,0.27630498529252945
TXN-2026-00902,66.79,pos,EDUCATION,2026-07-02T01:17:17Z,0.46851389711545777
TXN-2026-00903,224.2,pos,GROCERY,2026-06-03T07:13:24Z,0.16752670906322345
TXN-2026-00904,12.2,pos,JEWELRY,2026-06-17T18:13:48Z,0.05682335921786161
TXN-2026-00905,34.55,transfer,EDUCATION,2026-07-14T09:54:34Z,0.03563681755155041
TXN-2026-00906,53.03,atm,FASHION,2026-07-18T07:08:58Z,0.22786561066204583
TXN-2026-00907,89.44,atm,FASHION,2026-07-10T08:23:17Z,0.27728220459960784
TXN-2026-00908,86.39,ecom,HOME_GOODS,2026-06-30T00:28:00Z,0.7343256920133296
TXN-2026-00909,231.48,pos,ONLINE_SERVICES,2026-07-10T17:20:04Z,0.1471897602495805
TXN-2026-00910,10.99,pos,ENTERTAINMENT,2026-06-10T19:41:03Z,0.05043827028431079
TXN-2026-00911,169.11,ecom,GROCERY,2026-07-16T08:16:01Z,0.43395131112702073
TXN-2026-00912,59.33,pos,JEWELRY,2026-06-16T06:20:36Z,0.10054919887845999
TXN-2026-00913,244.52,pos,EDUCATION,2026-06-19T19:01:10Z,0.19602074566196315
TXN-2026-00914,28.72,transfer,GROCERY,2026-06-21T16:45:49Z,0.034317577531190274
TXN-2026-00915,212.7,pos,UTILITIES,2026-07-03T18:40:35Z,0.18372742177667747
TXN-2026-00916,132.98,atm,ONLINE_SERVICES,2026-06-29T10:17:12Z,0.4327105342698421
TXN-2026-00917,12.83,ecom,HEALTHCARE,2026-06-27T11:05:22Z,0.18856265289676027
TXN-2026-00918,51.65,pos,EDUCATION,2026-07-23T04:59:34Z,0.4456025196472554
TXN-2026-00919,18.84,pos,ELECTRONICS,2026-06-10T18:31:40Z,0.059394331976906925
TXN-2026-00920,27.05,pos,FUEL,2026-07-30T15:47:06Z,0.1080009344475025
TXN-2026-00921,80.67,pos,HOME_GOODS,2026-06-28T11:08:25Z,0.07809419428497119
TXN-2026-00922,384.57,ecom,ONLINE_SERVICES,2026-06-28T09:48:30Z,0.46792623021211305
TXN-2026-00923,134.36,pos,TELECOM,2026-06-21T14:11:32Z,0.14993210640243654
TXN-2026-00924,79.06,pos,ONLINE_SERVICES,2026-07-03T13:18:20Z,0.08948058370362137
TXN-2026-00925,47.68,atm,HEALTHCARE,2026-07-07T19:20:06Z,0.402258376416037
TXN-2026-00926,39.34,pos,ENTERTAINMENT,2026-07-29T08:38:48Z,0.07896442227939653
TXN-2026-00927,180.07,atm,GROCERY,2026-07-28T17:34:51Z,0.5555116244125222
TXN-2026-00928,515.0,pos,FASHION,2026-07-17T14:33:08Z,0.1332899912653488
TXN-2026-00929,72.68,pos,FUEL,2026-06-09T08:46:42Z,0.15291286187366776
TXN-2026-00930,84.05,atm,HEALTHCARE,2026-07-18T16:43:49Z,0.46147199017242185
TXN-2026-00931,39.55,atm,PHARMACY,2026-07-24T20:02:40Z,0.3353133439811676
TXN-2026-00932,231.65,atm,RESTAURANT,2026-06-10T15:52:11Z,0.6069591341020558
TXN-2026-00933,57.2,atm,HEALTHCARE,2026-07-02T17:39:13Z,0.41834952865762687
TXN-2026-00934,229.76,ecom,UTILITIES,2026-07-01T16:42:11Z,0.4974312645018025
TXN-2026-00935,82.79,pos,PHARMACY,2026-06-15T03:56:57Z,0.44210210117232285
TXN-2026-00936,19.02,pos,FUEL,2026-06-21T21:07:22Z,0.09852557432486447
TXN-2026-00937,73.29,ecom,UTILITIES,2026-07-03T06:56:54Z,0.3387223778304947
TXN-2026-00938,30.66,pos,PHARMACY,2026-06-28T12:16:58Z,0.061956728569171504
TXN-2026-00939,100.31,pos,FUEL,2026-06-08T19:39:21Z,0.19132450099852447
TXN-2026-00940,328.24,atm,ELECTRONICS,2026-06-23T17:04:41Z,0.6058605170903442
TXN-2026-00941,5.64,pos,HEALTHCARE,2026-07-29T11:21:26Z,0.036173034183703365
TXN-2026-00942,102.11,atm,EDUCATION,2026-06-11T09:19:01Z,0.4721703324316505
TXN-2026-00943,152.73,ecom,TRAVEL,2026-07-17T13:01:00Z,0.4453638125101314
TXN-2026-00944,42.49,pos,ONLINE_SERVICES,2026-06-20T08:29:12Z,0.06472744607911572
TXN-2026-00945,92.09,pos,FUEL,2026-07-29T22:34:32Z,0.18976657764138813
TXN-2026-00946,842.91,ecom,PHARMACY,2026-06-29T07:36:01Z,0.574615122761959
TXN-2026-00947,96.31,pos,EDUCATION,2026-07-06T05:13:55Z,0.5230923059669805
TXN-2026-00948,195.48,ecom,ENTERTAINMENT,2026-07-19T07:03:49Z,0.44320247081447234
TXN-2026-00949,313.9,pos,ONLINE_SERVICES,2026-06-18T22:13:48Z,0.1741887531751243
TXN-2026-00950,165.96,pos,ENTERTAINMENT,2026-07-25T23:46:05Z,0.16725073916385677
TXN-2026-00951,48.42,ecom,ELECTRONICS,2026-06-08T01:56:27Z,0.7452851654672686
TXN-2026-00952,499.53,ecom,HEALTHCARE,2026-06-01T09:07:27Z,0.5683866540851263
TXN-2026-00953,77.88,pos,FASHION,2026-07-10T22:23:33Z,0.06253436954992407
TXN-2026-00954,7.97,transfer,HEALTHCARE,2026-07-01T00:20:26Z,0.12080296283067277
TXN-2026-00955,17.89,pos,HEALTHCARE,2026-06-07T01:39:29Z,0.31583995857532204
TXN-2026-00956,4318.69,atm,PHARMACY,2026-06-18T09:52:58Z,0.8152678823022323
TXN-2026-00957,37.42,ecom,UTILITIES,2026-06-07T23:13:17Z,0.30699028833872466
TXN-2026-00958,231.12,atm,ONLINE_SERVICES,2026-07-07T18:38:17Z,0.5203553881988797
TXN-2026-00959,33.16,transfer,ONLINE_SERVICES,2026-07-26T00:20:04Z,0.16702523183407844
TXN-2026-00960,38.36,pos,ENTERTAINMENT,2026-06-08T07:35:25Z,0.07734626360707221
TXN-2026-00961,191.13,ecom,TELECOM,2026-06-11T20:53:17Z,0.49077098970769223
TXN-2026-00962,327.42,ecom,FASHION,2026-06-28T20:22:11Z,0.36209257436135106
TXN-2026-00963,29.03,pos,JEWELRY,2026-07-30T23:00:12Z,0.08666323598675854
TXN-2026-00964,44.1,ecom,PHARMACY,2026-06-17T16:58:00Z,0.2614879577441388
TXN-2026-00965,242.16,ecom,FASHION,2026-07-01T23:55:41Z,0.33580822838968577
TXN-2026-00966,237.81,atm,TRAVEL,2026-07-25T04:05:26Z,0.9144313031236154
TXN-2026-00967,16.53,pos,HOME_GOODS,2026-06-02T10:53:43Z,0.03799141106915439
TXN-2026-00968,249.3,ecom,PHARMACY,2026-06-26T13:53:42Z,0.44244886549812423
TXN-2026-00969,134.67,pos,ENTERTAINMENT,2026-07-11T23:53:53Z,0.15358531885032453
TXN-2026-00970,112.57,pos,ENTERTAINMENT,2026-07-07T14:05:07Z,0.1315181432379348
TXN-2026-00971,80.7,atm,EDUCATION,2026-06-16T09:53:43Z,0.4439164946713378
TXN-2026-00972,56.88,ecom,TRAVEL,2026-06-27T07:53:12Z,0.31868388324626695
TXN-2026-00973,92.58,pos,PHARMACY,2026-07-12T16:28:53Z,0.10475195708294396
TXN-2026-00974,51.8,pos,JEWELRY,2026-07-14T09:13:21Z,0.09752254933744749
TXN-2026-00975,80.41,pos,ELECTRONICS,2026-07-01T04:29:37Z,0.4712226034433845
TXN-2026-00976,102.07,ecom,GROCERY,2026-06-23T00:10:26Z,0.8188003867250293
TXN-2026-00977,105.22,pos,ENTERTAINMENT,2026-06-29T19:29:37Z,0.13375264788453095
TXN-2026-00978,106.5,pos,PHARMACY,2026-06-26T09:02:59Z,0.10426730027066981
TXN-2026-00979,199.66,ecom,TRAVEL,2026-07-27T19:44:33Z,0.4933704512356866
TXN-2026-00980,536.43,atm,GROCERY,2026-07-20T04:51:22Z,0.9383155061763597
TXN-2026-00981,47.75,pos,ELECTRONICS,2026-06-10T21:35:54Z,0.0918479621972704
TXN-2026-00982,237.5,pos,JEWELRY,2026-07-29T15:42:24Z,0.1938953927785625
TXN-2026-00983,691.02,transfer,FUEL,2026-06-28T19:25:34Z,0.2077235130508724
TXN-2026-00984,19.27,transfer,GROCERY,2026-07-20T07:23:23Z,0.026128791439184156
TXN-2026-00985,34.93,pos,ENTERTAINMENT,2026-06-28T02:21:24Z,0.3838602643787835
TXN-2026-00986,70.15,pos,HOME_GOODS,2026-06-27T05:10:25Z,0.3784707565239539
TXN-2026-00987,295.96,atm,EDUCATION,2026-06-09T18:32:24Z,0.6224294515448499
TXN-2026-00988,17.08,pos,EDUCATION,2026-07-18T20:07:38Z,0.06434842878551336
TXN-2026-00989,37.49,pos,TRAVEL,2026-06-10T00:21:59Z,0.4027077274012921
TXN-2026-00990,117.97,ecom,ENTERTAINMENT,2026-06-03T03:55:31Z,0.8302240751170626
TXN-2026-00991,39.59,pos,FASHION,2026-06-27T00:28:20Z,0.23877388647539502
TXN-2026-00992,270.28,ecom,JEWELRY,2026-06-06T17:06:08Z,0.5307789976548929
TXN-2026-00993,373.02,ecom,TELECOM,2026-06-30T01:04:20Z,0.8996434390744165
TXN-2026-00994,31.68,ecom,TELECOM,2026-07-17T02:21:59Z,0.7332843445385541
TXN-2026-00995,238.24,ecom,TELECOM,2026-07-21T07:44:51Z,0.483694646344837
TXN-2026-00996,37.87,atm,FUEL,2026-06-12T08:32:42Z,0.4511195158775951
TXN-2026-00997,61.2,pos,EDUCATION,2026-06-18T14:38:50Z,0.10572875037816694
TXN-2026-00998,46.71,ecom,RESTAURANT,2026-07-16T19:52:29Z,0.34005476272065
TXN-2026-00999,151.07,pos,PHARMACY,2026-07-25T23:31:13Z,0.13764438683703245
TXN-2026-01000,177.11,ecom,ONLINE_SERVICES,2026-06-14T23:33:23Z,0.41090268167240984
TXN-2026-01001,254.41,ecom,TRAVEL,2026-06-27T00:48:18Z,0.8803591868260932
TXN-2026-01002,57.43,pos,ONLINE_SERVICES,2026-06-08T18:18:11Z,0.0815178017925897
TXN-2026-01003,55.22,pos,EDUCATION,2026-07-27T21:40:48Z,0.10797780999098833
TXN-2026-01004,2050.41,ecom,ENTERTAINMENT,2026-07-12T05:43:58Z,0.9526154633299828
TXN-2026-01005,39.11,ecom,ONLINE_SERVICES,2026-07-03T02:38:36Z,0.688693650545291
TXN-2026-01006,69.53,pos,UTILITIES,2026-06-24T00:47:38Z,0.47034153501770737
TXN-2026-01007,121.73,pos,TELECOM,2026-06-09T09:04:57Z,0.13762007441770735
TXN-2026-01008,64.06,pos,ONLINE_SERVICES,2026-06-12T14:32:41Z,0.08233414647022258
TXN-2026-01009,322.28,transfer,GROCERY,2026-06-27T16:30:55Z,0.1025045518651224
TXN-2026-01010,269.31,atm,JEWELRY,2026-06-02T14:30:52Z,0.611714906076817
TXN-2026-01011,649.03,pos,HEALTHCARE,2026-06-29T13:50:07Z,0.26512961292198
TXN-2026-01012,1074.36,atm,EDUCATION,2026-06-24T13:42:21Z,0.7459596062957484
TXN-2026-01013,653.06,ecom,ENTERTAINMENT,2026-06-16T08:21:18Z,0.5915888539185105
TXN-2026-01014,155.49,pos,FASHION,2026-06-10T16:18:01Z,0.08054685138433064
TXN-2026-01015,20.41,pos,UTILITIES,2026-07-14T09:09:47Z,0.06235163713460046
TXN-2026-01016,30.13,pos,RESTAURANT,2026-06-17T11:46:32Z,0.08168576948783271
TXN-2026-01017,84.76,ecom,JEWELRY,2026-07-26T15:41:10Z,0.38677128828428203
TXN-2026-01018,47.91,pos,ELECTRONICS,2026-06-15T04:17:38Z,0.40987752749037687
TXN-2026-01019,113.73,atm,HOME_GOODS,2026-07-11T03:21:32Z,0.8242512535174048
TXN-2026-01020,21.46,atm,JEWELRY,2026-06-16T07:16:51Z,0.3024973968796955
TXN-2026-01021,28.44,pos,FASHION,2026-07-24T02:57:57Z,0.21489720763233858
TXN-2026-01022,98.13,pos,EDUCATION,2026-07-05T01:20:50Z,0.514940021654751
TXN-2026-01023,193.44,ecom,RESTAURANT,2026-06-01T18:27:55Z,0.5034449886629122
TXN-2026-01024,220.76,ecom,UTILITIES,2026-06-01T08:48:26Z,0.4717357058726372
TXN-2026-01025,28.47,transfer,FASHION,2026-06-22T08:43:35Z,0.01518337075718693
TXN-2026-01026,76.38,transfer,ENTERTAINMENT,2026-06-12T02:48:27Z,0.28189217471483485
TXN-2026-01027,1364.39,atm,RESTAURANT,2026-06-14T09:32:19Z,0.7751480771536186
TXN-2026-01028,86.36,transfer,RESTAURANT,2026-06-11T06:49:25Z,0.057096228970565543
TXN-2026-01029,83.66,ecom,EDUCATION,2026-06-15T08:30:59Z,0.3583342274505451
TXN-2026-01030,344.09,ecom,HOME_GOODS,2026-06-28T18:25:48Z,0.44367332894330214
TXN-2026-01031,21.31,ecom,TRAVEL,2026-06-19T11:01:20Z,0.2342549523905773
TXN-2026-01032,50.3,ecom,EDUCATION,2026-07-25T08:06:04Z,0.3041428027933204
TXN-2026-01033,175.93,transfer,GROCERY,2026-07-29T22:31:15Z,0.08302283819193061
TXN-2026-01034,168.56,ecom,FASHION,2026-06-19T03:30:08Z,0.7379871073653631
TXN-2026-01035,79.78,ecom,ONLINE_SERVICES,2026-06-16T10:36:34Z,0.29264046192042714
TXN-2026-01036,1519.53,atm,ELECTRONICS,2026-07-18T10:54:23Z,0.7512630544144621
TXN-2026-01037,23.4,pos,HEALTHCARE,2026-07-30T00:08:07Z,0.3411472237934748
TXN-2026-01038,274.74,atm,HOME_GOODS,2026-07-03T11:01:36Z,0.48882108509752864
TXN-2026-01039,106.03,ecom,ONLINE_SERVICES,2026-06-05T18:05:35Z,0.340400066795002
TXN-2026-01040,1142.78,ecom,ENTERTAINMENT,2026-06-28T08:29:28Z,0.6556404520409063
TXN-2026-01041,430.34,atm,HEALTHCARE,2026-06-02T12:36:18Z,0.6452187454844817
TXN-2026-01042,41.03,pos,TRAVEL,2026-07-14T10:34:29Z,0.0871157148379993
TXN-2026-01043,99.29,atm,RESTAURANT,2026-07-05T19:54:02Z,0.5161585113825291
TXN-2026-01044,77.97,atm,TELECOM,2026-06-20T05:27:17Z,0.8627744263304896
TXN-2026-01045,171.49,pos,FUEL,2026-06-04T14:28:25Z,0.2256095702698443
TXN-2026-01046,893.43,atm,ELECTRONICS,2026-07-08T23:33:07Z,0.7273845234005187
TXN-2026-01047,178.35,transfer,FUEL,2026-06-17T16:07:29Z,0.11603825860107779
TXN-2026-01048,22.65,pos,HOME_GOODS,2026-06-20T02:27:54Z,0.25614377073990385
TXN-2026-01049,480.22,atm,GROCERY,2026-07-12T10:02:09Z,0.6520534658667992
TXN-2026-01050,698.24,ecom,TRAVEL,2026-06-04T19:51:13Z,0.6420190764078854
TXN-2026-01051,818.33,transfer,TRAVEL,2026-06-12T11:56:59Z,0.1514532103330232
TXN-2026-01052,16.3,pos,UTILITIES,2026-07-10T10:01:50Z,0.057085801393026964
TXN-2026-01053,100.85,transfer,GROCERY,2026-07-17T16:10:10Z,0.0609572154764611
TXN-2026-01054,18.27,pos,ELECTRONICS,2026-06-27T17:28:08Z,0.05802991568279384
TXN-2026-01055,33.06,ecom,PHARMACY,2026-07-24T18:12:08Z,0.23962724327224194
TXN-2026-01056,373.58,pos,ELECTRONICS,2026-06-19T19:06:15Z,0.2117026820410292
TXN-2026-01057,1961.59,ecom,JEWELRY,2026-06-18T04:20:27Z,0.9551343085917886
TXN-2026-01058,118.17,ecom,EDUCATION,2026-06-13T05:00:09Z,0.8396833123231573
TXN-2026-01059,559.59,atm,RESTAURANT,2026-07-07T12:28:13Z,0.6970840202103598
TXN-2026-01060,8.52,ecom,UTILITIES,2026-06-17T10:51:55Z,0.16351692902513965
TXN-2026-01061,36.24,pos,EDUCATION,2026-07-05T04:06:14Z,0.40423687807896813
TXN-2026-01062,43.59,pos,HOME_GOODS,2026-07-06T02:55:32Z,0.3195348976746764
TXN-2026-01063,284.22,atm,RESTAURANT,2026-07-18T11:33:38Z,0.6206906743569087
TXN-2026-01064,896.7,ecom,HEALTHCARE,2026-06-24T05:06:43Z,0.9322527797426367
TXN-2026-01065,245.7,pos,RESTAURANT,2026-07-28T16:26:57Z,0.20506273875576267
TXN-2026-01066,110.05,transfer,GROCERY,2026-07-17T19:38:04Z,0.06530842722862865
TXN-2026-01067,115.89,pos,TRAVEL,2026-06-13T07:53:22Z,0.13235141294390415
TXN-2026-01068,53.2,pos,FUEL,2026-07-19T10:00:40Z,0.1369010048273503
TXN-2026-01069,558.68,ecom,FASHION,2026-07-10T14:09:04Z,0.4089958246065304
TXN-2026-01070,21.39,pos,TELECOM,2026-06-28T18:10:56Z,0.07085899676371284
TXN-2026-01071,10.12,transfer,HOME_GOODS,2026-07-13T15:53:44Z,0.014212443433173237
TXN-2026-01072,1659.74,atm,FASHION,2026-07-28T08:40:32Z,0.6143497938234681
TXN-2026-01073,69.0,pos,EDUCATION,2026-06-15T18:27:42Z,0.1155133362528186
TXN-2026-01074,411.62,ecom,ONLINE_SERVICES,2026-07-04T21:24:02Z,0.5074644099817847
TXN-2026-01075,554.42,ecom,HEALTHCARE,2026-06-26T22:47:02Z,0.613433234060598
TXN-2026-01076,440.21,atm,GROCERY,2026-07-13T00:13:36Z,0.9298137615378356
TXN-2026-01077,70.06,atm,HEALTHCARE,2026-06-23T21:22:22Z,0.4525988822029507
TXN-2026-01078,148.54,pos,HEALTHCARE,2026-07-20T17:41:20Z,0.15491616668233274
TXN-2026-01079,106.73,pos,ONLINE_SERVICES,2026-06-15T10:53:19Z,0.09920612129417383
TXN-2026-01080,56.87,ecom,UTILITIES,2026-06-17T22:31:22Z,0.34880678891751404
TXN-2026-01081,401.06,pos,RESTAURANT,2026-07-15T20:35:18Z,0.2545849839930768
TXN-2026-01082,592.12,pos,ELECTRONICS,2026-06-10T22:21:34Z,0.2575793984415844
TXN-2026-01083,637.18,atm,TELECOM,2026-06-06T10:14:28Z,0.6921701999644929
TXN-2026-01084,69.25,transfer,GROCERY,2026-06-15T07:56:14Z,0.04696469424239586
TXN-2026-01085,103.6,ecom,ENTERTAINMENT,2026-07-07T06:26:11Z,0.3665653843337631
TXN-2026-01086,322.95,atm,PHARMACY,2026-06-24T11:57:59Z,0.5593134725217379
TXN-2026-01087,52.75,atm,HEALTHCARE,2026-06-09T03:58:50Z,0.8303391403022908
TXN-2026-01088,234.25,pos,PHARMACY,2026-07-06T07:29:17Z,0.14326215855785482
TXN-2026-01089,82.94,pos,ENTERTAINMENT,2026-06-23T15:55:45Z,0.11659752523402574
TXN-2026-01090,897.99,transfer,FASHION,2026-07-17T00:45:38Z,0.3819497477505606
TXN-2026-01091,185.44,ecom,FASHION,2026-06-22T07:36:51Z,0.273121603427756
TXN-2026-01092,276.95,ecom,HOME_GOODS,2026-06-08T02:39:04Z,0.832511086489225
TXN-2026-01093,13.25,transfer,HOME_GOODS,2026-07-02T23:07:21Z,0.017385797761764025
TXN-2026-01094,103.7,ecom,UTILITIES,2026-07-15T15:08:54Z,0.39956499079021085
TXN-2026-01095,84.32,ecom,TRAVEL,2026-06-23T20:40:05Z,0.39307133335269634
TXN-2026-01096,19.55,pos,TELECOM,2026-06-11T00:33:00Z,0.3316474295950155
TXN-2026-01097,97.39,pos,ELECTRONICS,2026-06-14T11:06:55Z,0.11384275914416533
TXN-2026-01098,420.64,ecom,TELECOM,2026-07-23T14:01:39Z,0.57076355954096
TXN-2026-01099,210.55,ecom,ONLINE_SERVICES,2026-07-02T06:38:09Z,0.3885559805394505
TXN-2026-01100,132.8,atm,EDUCATION,2026-07-06T02:21:15Z,0.8854944364352608
TXN-2026-01101,841.06,pos,GROCERY,2026-06-07T16:05:42Z,0.29645195385399575
TXN-2026-01102,25.9,pos,PHARMACY,2026-06-26T13:24:05Z,0.05805110970699171
TXN-2026-01103,685.07,pos,EDUCATION,2026-07-15T01:33:53Z,0.7322523676905208
TXN-2026-01104,774.4,atm,HEALTHCARE,2026-07-12T10:47:03Z,0.7035187938326188
TXN-2026-01105,136.16,pos,HOME_GOODS,2026-07-03T16:54:11Z,0.10314437196794231
TXN-2026-01106,53.95,ecom,TRAVEL,2026-06-14T18:40:39Z,0.3383840300587131
TXN-2026-01107,49.99,pos,RESTAURANT,2026-06-25T07:23:58Z,0.09796865052691776
TXN-2026-01108,238.55,pos,UTILITIES,2026-07-28T20:19:13Z,0.19551303078156657
TXN-2026-01109,477.16,atm,RESTAURANT,2026-07-09T00:40:44Z,0.9389464334757764
TXN-2026-01110,17.42,pos,HEALTHCARE,2026-06-08T05:57:50Z,0.32222626301191243
TXN-2026-01111,284.38,transfer,HEALTHCARE,2026-07-05T09:18:54Z,0.09103745508081908
TXN-2026-01112,80.21,atm,TELECOM,2026-07-25T15:12:08Z,0.4635632107198175
TXN-2026-01113,109.05,pos,EDUCATION,2026-06-28T19:23:28Z,0.14137990322567792
TXN-2026-01114,276.1,ecom,JEWELRY,2026-06-14T23:20:02Z,0.548902501375451
TXN-2026-01115,232.03,ecom,TELECOM,2026-06-10T09:32:04Z,0.4856917178804092
TXN-2026-01116,29.93,ecom,ENTERTAINMENT,2026-07-24T07:38:33Z,0.24369084028363291
TXN-2026-01117,87.32,pos,JEWELRY,2026-06-11T23:59:20Z,0.1385501638232143
TXN-2026-01118,88.89,ecom,GROCERY,2026-07-23T12:49:36Z,0.36910902839808307
TXN-2026-01119,133.78,ecom,TELECOM,2026-06-25T09:43:39Z,0.41943941515493377
TXN-2026-01120,243.53,ecom,ONLINE_SERVICES,2026-07-28T04:29:34Z,0.8454223256045373
TXN-2026-01121,6.26,transfer,TELECOM,2026-06-28T09:09:02Z,0.017031513990767785
TXN-2026-01122,22.32,atm,FUEL,2026-06-14T12:26:56Z,0.4002690461457085
TXN-2026-01123,36.98,pos,UTILITIES,2026-06-14T07:13:45Z,0.07936116183942614
TXN-2026-01124,91.81,ecom,ONLINE_SERVICES,2026-07-26T13:23:41Z,0.31358849920897086
TXN-2026-01125,59.91,pos,HOME_GOODS,2026-06-22T17:56:10Z,0.07246609599626734
TXN-2026-01126,38.62,pos,RESTAURANT,2026-06-18T23:43:36Z,0.10187809350921813
TXN-2026-01127,988.03,ecom,HOME_GOODS,2026-07-02T10:39:59Z,0.5511543164346066
TXN-2026-01128,194.21,pos,TELECOM,2026-07-28T11:12:47Z,0.16976061278782295
TXN-2026-01129,127.45,ecom,HOME_GOODS,2026-06-12T09:19:06Z,0.3092645517559298
TXN-2026-01130,100.6,ecom,ONLINE_SERVICES,2026-07-11T15:44:17Z,0.32777375593967667
TXN-2026-01131,51.32,pos,TELECOM,2026-06-11T00:37:44Z,0.4393956675706169
TXN-2026-01132,221.77,pos,GROCERY,2026-06-06T11:04:11Z,0.17266679111769048
TXN-2026-01133,22.82,pos,UTILITIES,2026-07-21T02:22:38Z,0.34775966674781345
TXN-2026-01134,52.44,pos,TRAVEL,2026-07-03T08:33:57Z,0.0951126734349393
TXN-2026-01135,175.59,pos,ENTERTAINMENT,2026-06-22T17:02:08Z,0.16241196522296356
TXN-2026-01136,36.92,transfer,FUEL,2026-06-18T22:24:21Z,0.06134136327152312
TXN-2026-01137,71.61,pos,RESTAURANT,2026-07-29T14:58:42Z,0.12195084577425665
TXN-2026-01138,140.77,pos,TRAVEL,2026-06-05T05:23:04Z,0.5733974235677826
TXN-2026-01139,921.51,ecom,PHARMACY,2026-06-10T18:40:55Z,0.6127771101343837
TXN-2026-01140,240.15,ecom,GROCERY,2026-07-18T02:11:05Z,0.8748886727323636
TXN-2026-01141,98.81,pos,PHARMACY,2026-07-23T06:45:31Z,0.09812073645767148
TXN-2026-01142,76.23,ecom,HOME_GOODS,2026-07-05T18:12:44Z,0.2771691120679973
TXN-2026-01143,181.58,pos,UTILITIES,2026-06-27T16:40:18Z,0.16950464057930584
TXN-2026-01144,240.33,ecom,JEWELRY,2026-06-11T02:03:04Z,0.8820627302118769
TXN-2026-01145,286.49,pos,EDUCATION,2026-07-18T21:05:20Z,0.21193546711538572
TXN-2026-01146,36.0,atm,ENTERTAINMENT,2026-06-24T15:19:48Z,0.3549946216648459
TXN-2026-01147,17.83,pos,PHARMACY,2026-06-21T12:29:55Z,0.048728821020974096
TXN-2026-01148,357.61,atm,FUEL,2026-07-26T20:09:25Z,0.7341799552049776
TXN-2026-01149,138.14,ecom,TRAVEL,2026-06-13T00:31:25Z,0.8453682146043834
TXN-2026-01150,67.22,pos,RESTAURANT,2026-06-28T13:54:10Z,0.11763478696585687
TXN-2026-01151,36.38,ecom,FASHION,2026-07-02T06:26:31Z,0.14487962917757755
TXN-2026-01152,263.93,ecom,UTILITIES,2026-07-09T04:33:18Z,0.8843849388690637
TXN-2026-01153,53.23,pos,ENTERTAINMENT,2026-06-21T22:14:58Z,0.10286964608744194
TXN-2026-01154,49.61,pos,EDUCATION,2026-06-09T10:50:40Z,0.09298496265686458
TXN-2026-01155,95.0,pos,TELECOM,2026-07-02T14:38:57Z,0.12974629127268925
TXN-2026-01156,45.02,pos,EDUCATION,2026-07-25T01:30:15Z,0.4217529025365306
TXN-2026-01157,142.29,atm,PHARMACY,2026-07-27T17:12:52Z,0.4755050767422731
TXN-2026-01158,162.3,ecom,RESTAURANT,2026-06-16T12:27:44Z,0.4665059298492878
TXN-2026-01159,33.59,ecom,FUEL,2026-07-29T04:28:40Z,0.8089630702032266
TXN-2026-01160,40.85,pos,TELECOM,2026-07-16T19:29:18Z,0.09473193263133539
TXN-2026-01161,116.51,ecom,PHARMACY,2026-06-28T20:20:25Z,0.3709628475804926
TXN-2026-01162,18.84,pos,FASHION,2026-06-03T16:03:46Z,0.030912404877655272
TXN-2026-01163,9.6,pos,HEALTHCARE,2026-06-23T10:05:26Z,0.044607182088445364
TXN-2026-01164,114.79,pos,FUEL,2026-06-10T17:52:05Z,0.19830227226948818
TXN-2026-01165,179.62,pos,UTILITIES,2026-07-01T01:02:14Z,0.5870156565631478
TXN-2026-01166,83.06,ecom,PHARMACY,2026-06-26T00:32:48Z,0.768872982803211
TXN-2026-01167,71.9,pos,ONLINE_SERVICES,2026-06-06T18:56:23Z,0.08999712363551732
TXN-2026-01168,139.97,pos,UTILITIES,2026-07-06T11:32:24Z,0.1458148035576137
TXN-2026-01169,128.97,pos,UTILITIES,2026-07-03T12:13:11Z,0.1422018437408435
TXN-2026-01170,14.69,ecom,HOME_GOODS,2026-07-18T23:19:53Z,0.15630249282512973
TXN-2026-01171,57.06,atm,HOME_GOODS,2026-06-20T00:13:53Z,0.7651203911619696
TXN-2026-01172,64.69,pos,PHARMACY,2026-07-19T05:58:31Z,0.41804119236640547
TXN-2026-01173,101.27,ecom,TELECOM,2026-06-11T03:03:23Z,0.8291818564799939
TXN-2026-01174,44.76,atm,ELECTRONICS,2026-06-20T01:57:07Z,0.8022286115880293
TXN-2026-01175,313.79,pos,UTILITIES,2026-06-02T15:11:00Z,0.20864396486039616
TXN-2026-01176,246.18,atm,ONLINE_SERVICES,2026-06-02T22:36:30Z,0.5384086080686008
TXN-2026-01177,137.21,ecom,HOME_GOODS,2026-06-01T18:57:02Z,0.33763232609750715
TXN-2026-01178,39.03,ecom,EDUCATION,2026-07-26T06:15:44Z,0.2749104955825362
TXN-2026-01179,144.29,ecom,HEALTHCARE,2026-07-25T23:03:18Z,0.45418826500812937
TXN-2026-01180,23.15,atm,JEWELRY,2026-06-24T23:35:34Z,0.3468169731698553
TXN-2026-01181,133.19,pos,PHARMACY,2026-07-14T15:43:34Z,0.12135900627904717
TXN-2026-01182,244.64,ecom,TELECOM,2026-07-05T21:10:56Z,0.5234064032214627
TXN-2026-01183,155.3,pos,UTILITIES,2026-07-22T18:08:52Z,0.1618805099371203
TXN-2026-01184,176.41,atm,JEWELRY,2026-07-07T00:16:59Z,0.9007004920590643
TXN-2026-01185,188.96,ecom,EDUCATION,2026-06-15T18:22:47Z,0.4792684775232366
TXN-2026-01186,654.35,ecom,HOME_GOODS,2026-07-16T00:57:50Z,0.8810315018685156
TXN-2026-01187,566.76,atm,FASHION,2026-06-07T06:01:01Z,0.4799478482266047
TXN-2026-01188,50.22,atm,UTILITIES,2026-06-08T13:22:42Z,0.3980552719218783
TXN-2026-01189,101.95,pos,ONLINE_SERVICES,2026-07-10T18:02:43Z,0.10481492821932657
TXN-2026-01190,57.6,pos,HEALTHCARE,2026-07-19T17:49:06Z,0.10388253499604581
TXN-2026-01191,125.88,pos,ENTERTAINMENT,2026-06-17T17:05:05Z,0.14159550366199733
TXN-2026-01192,14.72,pos,ONLINE_SERVICES,2026-07-25T14:13:39Z,0.04286708424623423
TXN-2026-01193,59.7,pos,JEWELRY,2026-06-30T08:44:36Z,0.10272695367637398
TXN-2026-01194,48.31,ecom,ENTERTAINMENT,2026-07-25T05:02:18Z,0.7644533940283933
TXN-2026-01195,59.9,ecom,RESTAURANT,2026-07-14T18:54:31Z,0.3649182162180307
TXN-2026-01196,90.32,pos,TRAVEL,2026-07-02T11:50:44Z,0.1235362819183584
TXN-2026-01197,15.46,pos,ENTERTAINMENT,2026-07-15T13:04:04Z,0.05505275385072136
TXN-2026-01198,75.02,pos,FUEL,2026-07-30T04:07:01Z,0.5900459920916423
TXN-2026-01199,17.59,pos,FASHION,2026-07-13T05:37:26Z,0.18403502070527897
TXN-2026-01200,8.27,pos,HEALTHCARE,2026-07-08T16:00:19Z,0.0444795120892666
TXN-2026-01201,141.95,ecom,ENTERTAINMENT,2026-06-25T17:40:40Z,0.43058706538646246
TXN-2026-01202,13.8,pos,EDUCATION,2026-06-05T18:10:15Z,0.05755639123406118
TXN-2026-01203,42.12,pos,HOME_GOODS,2026-06-13T21:46:59Z,0.06436532993458267
TXN-2026-01204,68.76,ecom,TRAVEL,2026-07-03T13:41:55Z,0.35298955268992277
TXN-2026-01205,352.48,ecom,FUEL,2026-07-12T01:23:17Z,0.9275016402776626
TXN-2026-01206,865.27,pos,JEWELRY,2026-07-25T15:32:31Z,0.3113183020699645
TXN-2026-01207,206.69,ecom,ONLINE_SERVICES,2026-06-18T08:55:18Z,0.3913756940436268
TXN-2026-01208,30.74,transfer,ONLINE_SERVICES,2026-07-14T13:17:16Z,0.02634637729031012
TXN-2026-01209,258.0,ecom,RESTAURANT,2026-07-05T17:20:13Z,0.5358369537523844
TXN-2026-01210,45.25,atm,UTILITIES,2026-07-11T10:11:56Z,0.3787649572414766
TXN-2026-01211,27.28,ecom,PHARMACY,2026-06-17T03:24:52Z,0.6682699594293086
TXN-2026-01212,457.49,transfer,ENTERTAINMENT,2026-07-23T08:32:36Z,0.10863949464161943
TXN-2026-01213,124.88,ecom,ENTERTAINMENT,2026-06-09T05:07:23Z,0.8369481249757176
TXN-2026-01214,9.76,pos,JEWELRY,2026-07-30T23:43:27Z,0.05431395784897172
TXN-2026-01215,35.25,transfer,HEALTHCARE,2026-06-15T07:39:38Z,0.034515659075978915
TXN-2026-01216,47.31,pos,ONLINE_SERVICES,2026-07-22T12:13:34Z,0.07059948641779629
TXN-2026-01217,56.03,atm,ELECTRONICS,2026-06-11T05:58:14Z,0.8248704143872037
TXN-2026-01218,64.57,pos,ONLINE_SERVICES,2026-07-25T02:26:45Z,0.39415655128149385
TXN-2026-01219,138.28,pos,JEWELRY,2026-07-14T15:27:50Z,0.15603833609293852
TXN-2026-01220,129.37,ecom,HOME_GOODS,2026-06-10T22:04:38Z,0.34058065867450665
TXN-2026-01221,44.1,pos,HEALTHCARE,2026-07-09T15:01:43Z,0.09081211603932055
TXN-2026-01222,56.22,pos,PHARMACY,2026-06-28T23:28:58Z,0.09004241299870541
TXN-2026-01223,41.32,ecom,TRAVEL,2026-07-04T19:33:51Z,0.31263602141517766
TXN-2026-01224,327.23,pos,RESTAURANT,2026-06-19T04:54:27Z,0.6818057172937192
TXN-2026-01225,706.38,atm,ONLINE_SERVICES,2026-07-28T05:15:01Z,0.93043999300847
TXN-2026-01226,36.89,pos,EDUCATION,2026-06-30T17:48:23Z,0.08736016850653455
TXN-2026-01227,14.86,atm,EDUCATION,2026-07-03T16:57:03Z,0.27805575885929357
TXN-2026-01228,21.21,pos,TRAVEL,2026-06-24T18:50:17Z,0.07057205280932591
TXN-2026-01229,56.6,ecom,EDUCATION,2026-07-04T15:43:48Z,0.3322614772642531
TXN-2026-01230,36.64,transfer,JEWELRY,2026-07-16T23:25:48Z,0.04386637011154191
TXN-2026-01231,53.71,pos,ONLINE_SERVICES,2026-06-02T10:31:12Z,0.07326923554605802
TXN-2026-01232,566.9,atm,ENTERTAINMENT,2026-06-20T12:15:09Z,0.6698399294323528
TXN-2026-01233,78.19,ecom,TELECOM,2026-06-04T07:09:57Z,0.3529567065976156
TXN-2026-01234,48.06,ecom,FUEL,2026-07-23T16:35:30Z,0.41020530755245316
TXN-2026-01235,7.3,pos,ELECTRONICS,2026-06-18T01:01:32Z,0.22038950059403956
TXN-2026-01236,60.45,pos,ONLINE_SERVICES,2026-06-19T11:03:51Z,0.07796934992187902
TXN-2026-01237,384.08,atm,HEALTHCARE,2026-06-10T12:21:42Z,0.6324158770602687
TXN-2026-01238,99.94,transfer,ELECTRONICS,2026-06-15T01:02:19Z,0.29348738539215674
TXN-2026-01239,185.29,pos,ONLINE_SERVICES,2026-07-01T02:14:29Z,0.5202140513289641
TXN-2026-01240,49.86,ecom,TELECOM,2026-06-24T15:16:36Z,0.3231765304252032
TXN-2026-01241,2010.61,ecom,FASHION,2026-06-16T07:52:01Z,0.5460351865206882
TXN-2026-01242,176.35,pos,HEALTHCARE,2026-06-17T03:52:09Z,0.5850097963712069
TXN-2026-01243,54.37,ecom,JEWELRY,2026-06-27T18:21:19Z,0.3444269033950641
TXN-2026-01244,22.36,transfer,UTILITIES,2026-07-27T01:27:25Z,0.18451803046699738
TXN-2026-01245,280.75,pos,RESTAURANT,2026-06-14T12:27:54Z,0.20888075344911117
TXN-2026-01246,43.66,pos,ONLINE_SERVICES,2026-06-06T03:05:05Z,0.3526753598792826
TXN-2026-01247,66.7,ecom,GROCERY,2026-07-23T22:22:42Z,0.36114119290814606
TXN-2026-01248,71.89,pos,GROCERY,2026-06-19T19:53:33Z,0.1161007793743292
TXN-2026-01249,156.93,ecom,HEALTHCARE,2026-06-15T22:18:02Z,0.46172828207249184
TXN-2026-01250,86.25,ecom,ENTERTAINMENT,2026-06-19T20:45:52Z,0.37997087024410386
TXN-2026-01251,83.53,ecom,RESTAURANT,2026-06-10T01:05:03Z,0.8222263381077944
TXN-2026-01252,171.06,pos,HEALTHCARE,2026-07-16T15:27:26Z,0.1612720858268613
TXN-2026-01253,41.48,pos,FUEL,2026-07-02T14:42:25Z,0.1280029821575932
TXN-2026-01254,119.84,ecom,HEALTHCARE,2026-07-29T18:55:44Z,0.41920232897439896
TXN-2026-01255,43.01,ecom,PHARMACY,2026-06-18T06:46:11Z,0.2396644262796158
TXN-2026-01256,181.92,pos,PHARMACY,2026-06-01T03:30:49Z,0.5372481158417698
TXN-2026-01257,95.8,ecom,JEWELRY,2026-07-08T19:59:39Z,0.41097200971906644
TXN-2026-01258,132.3,atm,ENTERTAINMENT,2026-06-02T13:37:40Z,0.5022328469524858
TXN-2026-01259,63.27,ecom,TELECOM,2026-06-29T08:19:57Z,0.33231061131013473
TXN-2026-01260,252.52,pos,FASHION,2026-07-28T17:26:01Z,0.10078665346893023
TXN-2026-01261,34.35,pos,ELECTRONICS,2026-06-12T17:41:12Z,0.07654679973698494
TXN-2026-01262,139.0,pos,ENTERTAINMENT,2026-07-13T09:42:16Z,0.13735787333635968
TXN-2026-01263,67.66,atm,FASHION,2026-07-06T20:04:04Z,0.2753607263645353
TXN-2026-01264,951.49,transfer,ELECTRONICS,2026-06-18T05:07:48Z,0.5649213698369334
TXN-2026-01265,230.28,ecom,ENTERTAINMENT,2026-06-06T11:50:05Z,0.4733535049983868
TXN-2026-01266,56.34,ecom,FASHION,2026-07-04T22:34:12Z,0.1979494014993459
TXN-2026-01267,176.13,pos,JEWELRY,2026-06-11T06:39:40Z,0.15918753012867215
TXN-2026-01268,90.02,pos,UTILITIES,2026-06-21T20:23:12Z,0.1314807721127606
TXN-2026-01269,21.84,transfer,UTILITIES,2026-06-01T10:55:29Z,0.029150781252717646
TXN-2026-01270,64.24,ecom,EDUCATION,2026-07-02T17:35:46Z,0.3506487469095917
TXN-2026-01271,174.24,pos,JEWELRY,2026-07-25T03:03:19Z,0.5990946993928754
TXN-2026-01272,61.6,pos,HOME_GOODS,2026-07-04T11:04:31Z,0.06922823039919945
TXN-2026-01273,35.15,ecom,HOME_GOODS,2026-07-09T03:23:07Z,0.6493514091013546
TXN-2026-01274,209.59,atm,TRAVEL,2026-06-06T07:03:17Z,0.5587870705567046
TXN-2026-01275,170.83,ecom,TELECOM,2026-07-28T12:48:59Z,0.45636482611506596
TXN-2026-01276,46.54,pos,PHARMACY,2026-06-05T03:37:00Z,0.3752257599481389
TXN-2026-01277,36.04,pos,ONLINE_SERVICES,2026-06-12T20:58:36Z,0.06760878706903328
TXN-2026-01278,1852.33,ecom,TRAVEL,2026-07-14T16:15:26Z,0.736848666444377
TXN-2026-01279,105.33,ecom,GROCERY,2026-06-25T06:52:33Z,0.37367956117964335
TXN-2026-01280,43.23,pos,ONLINE_SERVICES,2026-07-25T03:45:26Z,0.35159568437135175
TXN-2026-01281,160.64,pos,TRAVEL,2026-07-08T03:42:15Z,0.5839540115394716
TXN-2026-01282,39.1,ecom,HEALTHCARE,2026-06-14T08:07:36Z,0.2748924965259429
TXN-2026-01283,6.46,pos,ENTERTAINMENT,2026-07-21T03:55:23Z,0.22587840946121127
TXN-2026-01284,1292.11,ecom,ENTERTAINMENT,2026-06-10T06:24:22Z,0.6644282475394688
TXN-2026-01285,899.67,pos,ENTERTAINMENT,2026-07-04T09:13:26Z,0.2835659797261746
TXN-2026-01286,84.36,pos,EDUCATION,2026-06-23T09:41:14Z,0.11583735121785414
TXN-2026-01287,71.23,pos,ENTERTAINMENT,2026-07-06T16:41:59Z,0.11025714690560925
TXN-2026-01288,155.26,ecom,HEALTHCARE,2026-06-26T00:04:36Z,0.8474143826370583
TXN-2026-01289,214.1,transfer,HOME_GOODS,2026-07-04T05:40:31Z,0.31173034226688645
TXN-2026-01290,187.79,atm,EDUCATION,2026-06-01T15:12:11Z,0.5614406745115823
TXN-2026-01291,46.05,ecom,UTILITIES,2026-07-09T18:36:22Z,0.3170721371805491
TXN-2026-01292,40.81,atm,PHARMACY,2026-07-01T07:34:21Z,0.3089833159472532
TXN-2026-01293,57.54,ecom,TRAVEL,2026-07-18T02:06:43Z,0.7851755972591835
TXN-2026-01294,88.92,pos,ELECTRONICS,2026-06-18T20:37:56Z,0.11896829264157766
TXN-2026-01295,308.49,atm,EDUCATION,2026-07-19T07:02:30Z,0.5999736073895803
TXN-2026-01296,59.74,ecom,TELECOM,2026-06-22T03:05:32Z,0.7900092292579642
TXN-2026-01297,13.11,ecom,HEALTHCARE,2026-07-11T18:01:42Z,0.20156206950329694
TXN-2026-01298,127.16,pos,GROCERY,2026-06-14T06:08:18Z,0.1313091825589374
TXN-2026-01299,33.21,ecom,HEALTHCARE,2026-07-27T09:53:43Z,0.2616874192675786
TXN-2026-01300,125.94,ecom,GROCERY,2026-06-11T06:04:09Z,0.39417396847677355
TXN-2026-01301,695.02,ecom,JEWELRY,2026-07-28T18:57:58Z,0.6444202513790178
TXN-2026-01302,56.03,ecom,ONLINE_SERVICES,2026-06-12T19:53:50Z,0.2770738449332136
TXN-2026-01303,111.65,atm,RESTAURANT,2026-07-05T14:59:05Z,0.5173317464574272
TXN-2026-01304,96.51,ecom,JEWELRY,2026-07-08T22:47:52Z,0.41943753477890994
TXN-2026-01305,76.74,pos,GROCERY,2026-07-27T02:15:34Z,0.48171543993527766
TXN-2026-01306,126.08,pos,PHARMACY,2026-06-03T13:31:54Z,0.11638541594472333
TXN-2026-01307,103.15,pos,ENTERTAINMENT,2026-06-21T14:10:43Z,0.1267553562748307
TXN-2026-01308,395.7,pos,GROCERY,2026-07-26T23:01:05Z,0.23877364359404574
TXN-2026-01309,473.99,ecom,ENTERTAINMENT,2026-06-24T01:50:40Z,0.9040934920143021
TXN-2026-01310,226.16,pos,ELECTRONICS,2026-06-19T09:16:10Z,0.15927269742486527
TXN-2026-01311,401.93,ecom,EDUCATION,2026-07-21T01:20:24Z,0.9011485794177143
TXN-2026-01312,237.52,pos,ONLINE_SERVICES,2026-07-11T10:05:23Z,0.13976051825712613
TXN-2026-01313,69.61,atm,JEWELRY,2026-07-13T01:23:19Z,0.8538102913530328
TXN-2026-01314,134.81,ecom,UTILITIES,2026-06-16T13:38:54Z,0.4253423665542819
TXN-2026-01315,196.95,transfer,HOME_GOODS,2026-06-05T01:17:51Z,0.2943380936379683
TXN-2026-01316,273.02,atm,ELECTRONICS,2026-07-17T08:54:41Z,0.5612579561628621
TXN-2026-01317,157.14,ecom,RESTAURANT,2026-06-18T07:09:43Z,0.44966234387348103
TXN-2026-01318,34.84,ecom,HEALTHCARE,2026-07-13T21:46:19Z,0.2912576845890107
TXN-2026-01319,181.47,pos,HEALTHCARE,2026-06-14T03:19:49Z,0.5883855818257098
TXN-2026-01320,106.05,atm,FASHION,2026-07-26T01:11:25Z,0.7602407797162124
TXN-2026-01321,67.88,pos,ELECTRONICS,2026-07-21T08:55:18Z,0.09467975681608269
TXN-2026-01322,73.86,pos,HEALTHCARE,2026-06-18T10:46:08Z,0.10831827960834682
TXN-2026-01323,44.93,pos,HOME_GOODS,2026-06-14T06:48:52Z,0.05720412331307109
TXN-2026-01324,284.64,ecom,TELECOM,2026-06-15T04:51:06Z,0.8901910373868317
TXN-2026-01325,146.03,ecom,ONLINE_SERVICES,2026-07-12T10:14:02Z,0.3567190429113797
TXN-2026-01326,196.34,transfer,ONLINE_SERVICES,2026-06-21T12:06:29Z,0.0614397969361743
TXN-2026-01327,268.31,ecom,PHARMACY,2026-06-09T19:33:59Z,0.46683892600510635
TXN-2026-01328,145.7,ecom,HEALTHCARE,2026-07-23T19:07:46Z,0.44503318969545547
TXN-2026-01329,412.35,atm,TRAVEL,2026-07-26T16:40:49Z,0.6592591016673043
TXN-2026-01330,56.6,pos,JEWELRY,2026-07-08T04:48:26Z,0.4670152892928388
TXN-2026-01331,75.46,ecom,ELECTRONICS,2026-06-22T13:04:05Z,0.33397595764592564
TXN-2026-01332,232.37,pos,JEWELRY,2026-06-03T11:40:01Z,0.1858427753401232
TXN-2026-01333,29.86,pos,HEALTHCARE,2026-06-03T06:55:03Z,0.07022554968839845
TXN-2026-01334,165.32,pos,HOME_GOODS,2026-07-14T14:04:20Z,0.11013794544442766
TXN-2026-01335,54.89,pos,HOME_GOODS,2026-06-28T18:06:31Z,0.07036776894633286
TXN-2026-01336,23.4,transfer,ONLINE_SERVICES,2026-06-17T09:47:02Z,0.022311419494003275
TXN-2026-01337,71.73,atm,PHARMACY,2026-07-13T17:47:57Z,0.39418234816781655
TXN-2026-01338,231.89,ecom,ONLINE_SERVICES,2026-07-13T11:28:44Z,0.4123585416372514
TXN-2026-01339,1273.65,atm,FASHION,2026-07-16T14:16:37Z,0.5983964942983547
TXN-2026-01340,99.65,ecom,UTILITIES,2026-07-22T12:55:49Z,0.3874921047498641
TXN-2026-01341,461.46,ecom,UTILITIES,2026-06-22T18:06:18Z,0.5867728992661702
TXN-2026-01342,35.99,transfer,TELECOM,2026-07-20T07:18:49Z,0.03626757550390771
TXN-2026-01343,857.99,ecom,GROCERY,2026-06-26T20:07:29Z,0.6573525587329779
TXN-2026-01344,40.26,ecom,FASHION,2026-06-21T21:42:38Z,0.17213437375347831
TXN-2026-01345,344.12,atm,HOME_GOODS,2026-06-01T11:26:56Z,0.5162594716879594
TXN-2026-01346,366.07,ecom,PHARMACY,2026-07-19T11:34:43Z,0.48380702677355353
TXN-2026-01347,1833.32,pos,FUEL,2026-06-14T00:35:30Z,0.8675698507442291
TXN-2026-01348,42.97,atm,EDUCATION,2026-07-07T10:59:48Z,0.3733413748355478
TXN-2026-01349,5.71,pos,EDUCATION,2026-06-01T00:42:54Z,0.21962078443930558
TXN-2026-01350,56.44,pos,GROCERY,2026-06-06T21:12:52Z,0.10663849929145933
TXN-2026-01351,55.0,ecom,ELECTRONICS,2026-07-25T23:20:03Z,0.3233791961287828
TXN-2026-01352,196.28,ecom,HOME_GOODS,2026-06-27T20:09:03Z,0.3825035795017317
TXN-2026-01353,59.21,pos,FASHION,2026-06-29T04:46:25Z,0.28397920234100865
TXN-2026-01354,845.68,pos,EDUCATION,2026-07-30T12:59:03Z,0.29342380345493624
TXN-2026-01355,53.78,ecom,FASHION,2026-06-13T14:14:05Z,0.18168921366246385
TXN-2026-01356,80.77,pos,TELECOM,2026-06-01T06:54:57Z,0.1125328495988613
TXN-2026-01357,77.78,atm,RESTAURANT,2026-07-05T18:22:24Z,0.48404035940343487
TXN-2026-01358,88.09,atm,JEWELRY,2026-06-04T23:10:55Z,0.5013676196935323
TXN-2026-01359,35.07,pos,FASHION,2026-06-07T12:30:34Z,0.039372536791049476
TXN-2026-01360,199.91,atm,UTILITIES,2026-06-05T00:53:10Z,0.9021986997794941
TXN-2026-01361,597.41,ecom,FASHION,2026-06-11T18:34:21Z,0.42710646086867804
TXN-2026-01362,688.94,atm,RESTAURANT,2026-07-27T03:54:32Z,0.9499626406528658
TXN-2026-01363,70.42,transfer,GROCERY,2026-07-05T23:40:27Z,0.05544667296439242
TXN-2026-01364,217.52,pos,HOME_GOODS,2026-06-26T16:49:51Z,0.12620378804452567
TXN-2026-01365,29.19,ecom,TRAVEL,2026-06-21T21:10:05Z,0.282483298439532
TXN-2026-01366,120.16,ecom,ENTERTAINMENT,2026-06-05T16:41:49Z,0.4083512686761049
TXN-2026-01367,187.37,atm,GROCERY,2026-07-14T08:15:27Z,0.537038581288336
TXN-2026-01368,94.7,atm,GROCERY,2026-07-16T22:16:32Z,0.4908003503837371
TXN-2026-01369,68.5,ecom,UTILITIES,2026-07-03T14:51:48Z,0.35020177419026266
TXN-2026-01370,54.35,pos,JEWELRY,2026-06-13T17:49:42Z,0.10730728988923731
TXN-2026-01371,252.43,transfer,ELECTRONICS,2026-06-30T15:39:34Z,0.08434696322791144
TXN-2026-01372,154.3,ecom,FUEL,2026-06-10T04:20:33Z,0.8982476133672751
TXN-2026-01373,117.31,ecom,GROCERY,2026-07-11T07:23:03Z,0.38845527640769917
TXN-2026-01374,82.23,atm,FUEL,2026-07-14T14:36:02Z,0.5594357810663025
TXN-2026-01375,43.17,pos,PHARMACY,2026-07-04T12:29:37Z,0.07212650929113694
TXN-2026-01376,278.32,pos,UTILITIES,2026-07-25T08:50:25Z,0.18776339627443314
TXN-2026-01377,17.62,pos,TRAVEL,2026-07-29T10:11:34Z,0.060221213895309045
TXN-2026-01378,13.2,pos,ONLINE_SERVICES,2026-06-22T16:38:50Z,0.04169755926814375
TXN-2026-01379,144.53,ecom,PHARMACY,2026-06-25T17:20:01Z,0.3882276432877436
TXN-2026-01380,993.71,atm,RESTAURANT,2026-07-28T16:52:36Z,0.7605479623518748
TXN-2026-01381,98.4,ecom,HEALTHCARE,2026-07-21T01:05:53Z,0.8181128107384371
TXN-2026-01382,35.98,pos,ENTERTAINMENT,2026-06-12T11:39:56Z,0.07815013333969036
TXN-2026-01383,483.83,atm,ENTERTAINMENT,2026-07-25T04:44:55Z,0.9339603008416123
TXN-2026-01384,27.47,pos,PHARMACY,2026-07-04T03:44:37Z,0.31850197581783013
TXN-2026-01385,26.33,pos,TRAVEL,2026-07-06T11:25:10Z,0.07246175562331612
TXN-2026-01386,96.53,pos,GROCERY,2026-07-19T14:34:28Z,0.1256930440132883
TXN-2026-01387,206.42,pos,HEALTHCARE,2026-07-11T10:46:37Z,0.16665525672809187
TXN-2026-01388,192.64,atm,HOME_GOODS,2026-06-09T09:39:58Z,0.4406607178917491
TXN-2026-01389,182.56,transfer,GROCERY,2026-06-15T18:41:56Z,0.0812343179361411
TXN-2026-01390,108.57,ecom,HOME_GOODS,2026-06-14T20:40:27Z,0.31721707745715916
TXN-2026-01391,163.89,pos,ONLINE_SERVICES,2026-06-10T15:54:44Z,0.12502145866021253
TXN-2026-01392,88.18,atm,HEALTHCARE,2026-07-18T22:10:58Z,0.4828464028425955
TXN-2026-01393,1437.01,ecom,EDUCATION,2026-06-13T02:08:12Z,0.9449462024847467
TXN-2026-01394,78.51,pos,FUEL,2026-07-02T05:13:45Z,0.5978566619402628
TXN-2026-01395,100.54,ecom,UTILITIES,2026-07-28T11:30:29Z,0.38603963774114236
TXN-2026-01396,141.3,ecom,FASHION,2026-07-26T18:02:20Z,0.2696763202160109
TXN-2026-01397,107.28,pos,UTILITIES,2026-06-26T01:35:55Z,0.5253161134037112
TXN-2026-01398,133.89,ecom,ELECTRONICS,2026-06-29T22:46:13Z,0.42099463244332747
TXN-2026-01399,383.14,transfer,RESTAURANT,2026-07-08T02:40:19Z,0.4952505257103468
TXN-2026-01400,122.21,pos,PHARMACY,2026-07-07T17:13:20Z,0.1191482967862205
TXN-2026-01401,9.33,ecom,ENTERTAINMENT,2026-06-19T07:01:36Z,0.15855773628757872
TXN-2026-01402,146.57,atm,EDUCATION,2026-06-08T05:57:28Z,0.8932836867775702
TXN-2026-01403,306.14,pos,UTILITIES,2026-07-04T15:46:07Z,0.20666392093561756
TXN-2026-01404,423.6,pos,JEWELRY,2026-06-09T04:01:51Z,0.6995228320621499
TXN-2026-01405,389.06,ecom,TRAVEL,2026-07-22T21:56:29Z,0.5791974634566651
TXN-2026-01406,1270.61,ecom,HEALTHCARE,2026-06-23T05:15:40Z,0.942250010866636
TXN-2026-01407,40.45,pos,GROCERY,2026-07-30T12:41:05Z,0.08478738163145343
TXN-2026-01408,955.36,atm,TRAVEL,2026-06-06T00:49:09Z,0.952842375170356
TXN-2026-01409,151.83,ecom,HEALTHCARE,2026-07-23T06:58:00Z,0.4167013522960799
TXN-2026-01410,187.13,ecom,ELECTRONICS,2026-06-26T01:40:09Z,0.8490949351878098
TXN-2026-01411,61.21,transfer,FUEL,2026-06-04T03:38:49Z,0.3585867367755986
TXN-2026-01412,37.13,pos,TELECOM,2026-07-17T01:28:08Z,0.40421240605563796
TXN-2026-01413,93.56,pos,FASHION,2026-06-22T06:34:00Z,0.05810394175082587
TXN-2026-01414,155.49,atm,EDUCATION,2026-07-21T09:11:06Z,0.5231438128407089
TXN-2026-01415,366.2,pos,PHARMACY,2026-06-21T04:09:38Z,0.6225942159300336
TXN-2026-01416,999.78,pos,HOME_GOODS,2026-06-05T23:47:41Z,0.24645609154207876
TXN-2026-01417,58.17,ecom,ENTERTAINMENT,2026-06-10T08:12:27Z,0.3089980836125239
TXN-2026-01418,45.11,pos,TELECOM,2026-07-18T04:01:09Z,0.43445477362019985
TXN-2026-01419,18.74,ecom,FASHION,2026-06-04T14:46:46Z,0.11876065708710466
TXN-2026-01420,214.48,pos,RESTAURANT,2026-06-07T10:20:16Z,0.18486694164231848
TXN-2026-01421,797.65,pos,GROCERY,2026-06-26T15:36:58Z,0.28893300068942923
TXN-2026-01422,106.25,ecom,PHARMACY,2026-06-23T11:18:27Z,0.3392470047467146
TXN-2026-01423,28.47,ecom,GROCERY,2026-07-20T03:51:50Z,0.7164839114343703
TXN-2026-01424,58.81,atm,JEWELRY,2026-06-18T02:31:10Z,0.8447539692561369
TXN-2026-01425,151.19,pos,ELECTRONICS,2026-06-13T16:02:26Z,0.1434952827762866
TXN-2026-01426,443.0,ecom,PHARMACY,2026-07-04T08:31:19Z,0.4992469415684497
TXN-2026-01427,83.66,pos,PHARMACY,2026-06-23T14:27:45Z,0.09837898232267543
TXN-2026-01428,962.61,pos,GROCERY,2026-07-09T12:10:52Z,0.3015313304827643
TXN-2026-01429,24.95,pos,ONLINE_SERVICES,2026-06-09T22:54:30Z,0.05856820616928779
TXN-2026-01430,94.21,pos,FUEL,2026-06-05T03:03:28Z,0.6139222131124453
TXN-2026-01431,303.34,pos,RESTAURANT,2026-06-05T22:36:48Z,0.2333206331425347
TXN-2026-01432,48.53,transfer,ELECTRONICS,2026-06-17T19:38:32Z,0.04142613048831352
TXN-2026-01433,210.31,atm,JEWELRY,2026-07-08T14:43:07Z,0.5827503769143068
TXN-2026-01434,20.33,pos,FUEL,2026-06-04T15:30:36Z,0.0957562251243533
TXN-2026-01435,113.33,pos,HEALTHCARE,2026-07-29T03:39:28Z,0.5321094809965483
TXN-2026-01436,31.01,pos,FUEL,2026-06-04T16:29:52Z,0.11544437628400751
TXN-2026-01437,690.47,ecom,UTILITIES,2026-06-07T17:51:05Z,0.6311094639241976
TXN-2026-01438,710.52,ecom,JEWELRY,2026-07-20T18:28:57Z,0.6468851318153784
TXN-2026-01439,161.41,ecom,ONLINE_SERVICES,2026-07-25T02:34:59Z,0.8142866241381803
TXN-2026-01440,34.22,pos,ELECTRONICS,2026-06-23T16:32:47Z,0.07568657885156621
TXN-2026-01441,58.82,pos,EDUCATION,2026-07-13T02:53:53Z,0.455899298866057
TXN-2026-01442,8.25,pos,FUEL,2026-06-06T05:32:57Z,0.34169121794862267
TXN-2026-01443,227.96,pos,HEALTHCARE,2026-07-13T15:42:40Z,0.18108132177506697
TXN-2026-01444,8.38,pos,ELECTRONICS,2026-07-21T18:27:07Z,0.04193621481753531
TXN-2026-01445,174.99,ecom,UTILITIES,2026-06-25T11:06:49Z,0.4514125377659727
TXN-2026-01446,25.81,pos,ONLINE_SERVICES,2026-06-25T17:15:46Z,0.056603628775143695
TXN-2026-01447,83.75,pos,TRAVEL,2026-06-10T05:59:22Z,0.5110115871492517
TXN-2026-01448,150.86,pos,JEWELRY,2026-06-26T17:44:32Z,0.16453767624137147
TXN-2026-01449,83.85,pos,EDUCATION,2026-06-05T13:01:39Z,0.11986977709552447
TXN-2026-01450,144.15,transfer,ELECTRONICS,2026-07-17T07:22:42Z,0.06061062146680969
TXN-2026-01451,23.22,pos,GROCERY,2026-07-06T16:06:25Z,0.06913081427524614
TXN-2026-01452,188.12,transfer,FASHION,2026-06-17T03:39:06Z,0.22925268940597918
TXN-2026-01453,26.61,pos,ONLINE_SERVICES,2026-07-01T23:30:57Z,0.06085656466125944
TXN-2026-01454,162.69,ecom,EDUCATION,2026-07-05T23:00:55Z,0.47411616180323074
TXN-2026-01455,34.25,pos,JEWELRY,2026-06-12T12:40:24Z,0.08382993602509983
TXN-2026-01456,88.65,ecom,TELECOM,2026-06-29T09:59:32Z,0.3717958199344703
TXN-2026-01457,32.47,pos,PHARMACY,2026-07-09T21:11:03Z,0.06937746518236752
TXN-2026-01458,109.73,atm,GROCERY,2026-06-06T13:43:46Z,0.48517459115262423
TXN-2026-01459,100.44,pos,PHARMACY,2026-07-08T08:20:23Z,0.10069760971592244
TXN-2026-01460,110.9,pos,UTILITIES,2026-06-09T09:33:37Z,0.12992312679110707
TXN-2026-01461,216.22,atm,EDUCATION,2026-06-27T01:20:50Z,0.9065417089663209
TXN-2026-01462,25.75,pos,HOME_GOODS,2026-06-22T17:57:01Z,0.04964576016623385
TXN-2026-01463,123.17,atm,GROCERY,2026-07-21T11:16:51Z,0.49396449939090703
TXN-2026-01464,47.75,pos,FUEL,2026-06-07T12:40:21Z,0.1332816332721596
TXN-2026-01465,31.52,pos,TRAVEL,2026-06-12T14:27:56Z,0.08068072764322011
TXN-2026-01466,49.17,atm,ONLINE_SERVICES,2026-06-07T02:23:58Z,0.7803636376655946
TXN-2026-01467,68.7,pos,ENTERTAINMENT,2026-07-06T04:12:55Z,0.4679928804831793
TXN-2026-01468,44.94,pos,EDUCATION,2026-07-16T13:50:16Z,0.09163881219870161
TXN-2026-01469,8.76,pos,FASHION,2026-07-01T10:14:27Z,0.02073877833906729
TXN-2026-01470,15.48,pos,JEWELRY,2026-06-11T11:16:32Z,0.058758771185807405
TXN-2026-01471,14.98,ecom,TELECOM,2026-06-18T01:02:43Z,0.6572274188106588
TXN-2026-01472,51.59,pos,ENTERTAINMENT,2026-06-13T02:07:08Z,0.4287756568965297
TXN-2026-01473,349.58,ecom,HEALTHCARE,2026-07-10T23:52:05Z,0.5614668720968885
TXN-2026-01474,355.88,atm,RESTAURANT,2026-07-14T23:10:31Z,0.6742091280159939
TXN-2026-01475,235.38,pos,ELECTRONICS,2026-06-01T20:34:03Z,0.1780735947089115
TXN-2026-01476,95.98,pos,HEALTHCARE,2026-07-09T07:20:46Z,0.11787695070049393
TXN-2026-01477,97.8,pos,HOME_GOODS,2026-06-05T22:55:25Z,0.0944345826482695
TXN-2026-01478,42.11,transfer,HOME_GOODS,2026-07-13T11:16:16Z,0.026129117705613332
TXN-2026-01479,190.15,ecom,ENTERTAINMENT,2026-07-16T17:06:00Z,0.4657227487907713
TXN-2026-01480,437.88,pos,ENTERTAINMENT,2026-06-17T17:47:24Z,0.23235488562877984
TXN-2026-01481,65.42,transfer,PHARMACY,2026-07-24T15:06:17Z,0.040668206924402726
TXN-2026-01482,596.78,pos,ELECTRONICS,2026-07-16T08:11:17Z,0.23133566173119463
TXN-2026-01483,171.25,ecom,RESTAURANT,2026-06-08T20:42:35Z,0.49384184154585964
TXN-2026-01484,38.05,transfer,ONLINE_SERVICES,2026-07-26T16:59:03Z,0.02997238619893109
TXN-2026-01485,79.61,pos,TELECOM,2026-06-25T03:02:58Z,0.49977807121103646
TXN-2026-01486,154.45,pos,ELECTRONICS,2026-06-25T02:18:03Z,0.5449541557502171
TXN-2026-01487,28.48,ecom,EDUCATION,2026-06-27T17:41:08Z,0.26800698152135977
TXN-2026-01488,6.01,pos,UTILITIES,2026-06-02T14:53:48Z,0.038993359067691476
TXN-2026-01489,18.65,transfer,ONLINE_SERVICES,2026-06-22T00:57:44Z,0.13269321340082457
TXN-2026-01490,2027.91,pos,FASHION,2026-06-20T02:45:05Z,0.6845817659507685
TXN-2026-01491,434.63,ecom,TELECOM,2026-07-10T15:02:33Z,0.5772182441889601
TXN-2026-01492,83.84,pos,FUEL,2026-06-10T12:34:46Z,0.16781048078277597
TXN-2026-01493,412.56,ecom,JEWELRY,2026-07-07T03:30:33Z,0.9077126061757121
TXN-2026-01494,49.26,atm,FUEL,2026-06-05T18:29:57Z,0.5084648537593682
TXN-2026-01495,7.08,pos,TELECOM,2026-07-04T18:35:53Z,0.04427157191198151
TXN-2026-01496,1169.97,ecom,GROCERY,2026-06-05T14:23:21Z,0.677103625054126
TXN-2026-01497,56.61,ecom,ENTERTAINMENT,2026-07-21T02:06:34Z,0.7724257636629585
TXN-2026-01498,128.08,ecom,TRAVEL,2026-06-10T19:30:21Z,0.4397129873603928
TXN-2026-01499,89.32,ecom,PHARMACY,2026-07-23T17:22:43Z,0.3344538888513814
TXN-2026-01500,74.51,pos,EDUCATION,2026-07-07T04:08:54Z,0.48948550732698726
TXN-2026-01501,5.78,pos,UTILITIES,2026-07-28T10:26:17Z,0.036875687607483616
TXN-2026-01502,68.8,pos,HOME_GOODS,2026-06-11T17:39:20Z,0.07707499461376137
TXN-2026-01503,32.42,pos,HEALTHCARE,2026-06-06T04:26:04Z,0.38637182993384195
TXN-2026-01504,122.42,pos,PHARMACY,2026-06-08T18:23:00Z,0.12033548976715108
TXN-2026-01505,133.71,pos,FUEL,2026-07-23T14:03:52Z,0.20518493073685654
TXN-2026-01506,128.14,pos,FUEL,2026-06-01T15:16:57Z,0.2035223404559775
TXN-2026-01507,79.08,pos,ONLINE_SERVICES,2026-07-06T18:13:55Z,0.09383192742353658
TXN-2026-01508,173.42,pos,ENTERTAINMENT,2026-07-17T02:39:50Z,0.5743508174444855
TXN-2026-01509,50.71,transfer,HEALTHCARE,2026-07-20T17:42:39Z,0.04508132915276146
TXN-2026-01510,349.67,ecom,FASHION,2026-06-17T16:48:56Z,0.35986523363305295
TXN-2026-01511,91.97,atm,JEWELRY,2026-06-29T06:37:35Z,0.4623233736828108
TXN-2026-01512,94.62,ecom,JEWELRY,2026-07-22T07:24:58Z,0.37963156137812704
TXN-2026-01513,51.17,pos,ENTERTAINMENT,2026-06-22T11:05:23Z,0.09117134467508635
TXN-2026-01514,218.46,ecom,GROCERY,2026-06-22T10:06:02Z,0.46996469913880057
TXN-2026-01515,75.43,pos,ELECTRONICS,2026-07-09T21:01:09Z,0.11191609903414303
TXN-2026-01516,227.75,ecom,GROCERY,2026-07-11T00:25:45Z,0.8696887447919551
TXN-2026-01517,1374.7,ecom,GROCERY,2026-06-12T14:57:20Z,0.6940901223133921
TXN-2026-01518,58.28,atm,HEALTHCARE,2026-07-17T05:58:56Z,0.8398074344783604
TXN-2026-01519,69.29,pos,HOME_GOODS,2026-07-16T06:54:08Z,0.06952032925252156
TXN-2026-01520,114.45,ecom,UTILITIES,2026-06-15T21:48:53Z,0.42631885751342724
TXN-2026-01521,172.73,pos,FASHION,2026-06-01T08:22:08Z,0.0781854362658402
TXN-2026-01522,95.7,ecom,EDUCATION,2026-06-20T20:39:58Z,0.4031412309019622
TXN-2026-01523,23.06,transfer,PHARMACY,2026-07-29T11:43:36Z,0.024145213061776902
TXN-2026-01524,52.46,pos,GROCERY,2026-07-07T00:41:01Z,0.43114266345732
TXN-2026-01525,127.03,ecom,HEALTHCARE,2026-07-20T22:57:15Z,0.4363336543402451
TXN-2026-01526,302.58,ecom,RESTAURANT,2026-06-19T09:37:44Z,0.5344050789860246
TXN-2026-01527,55.59,atm,TRAVEL,2026-06-01T02:31:13Z,0.8380530450277439
TXN-2026-01528,66.5,pos,ELECTRONICS,2026-07-08T01:40:11Z,0.44073439691204774
TXN-2026-01529,267.51,pos,EDUCATION,2026-07-14T01:22:15Z,0.6334866318825307
TXN-2026-01530,56.83,pos,TELECOM,2026-06-09T19:59:00Z,0.10919619477882679
TXN-2026-01531,77.82,atm,ONLINE_SERVICES,2026-07-26T05:05:10Z,0.8205466385306249
TXN-2026-01532,16.61,pos,HOME_GOODS,2026-07-27T05:51:00Z,0.23521961057926458
TXN-2026-01533,22.7,transfer,TELECOM,2026-06-11T07:45:48Z,0.02937916919699862
TXN-2026-01534,149.58,transfer,ELECTRONICS,2026-07-13T05:04:22Z,0.3449896313626944
TXN-2026-01535,74.25,pos,ELECTRONICS,2026-06-24T10:35:35Z,0.1003211220893272
TXN-2026-01536,19.51,ecom,ENTERTAINMENT,2026-06-25T17:33:02Z,0.22632148245089206
TXN-2026-01537,189.15,ecom,RESTAURANT,2026-07-29T18:30:57Z,0.5007167064592983
TXN-2026-01538,30.92,atm,UTILITIES,2026-06-11T23:48:30Z,0.36804953135623425
TXN-2026-01539,168.77,pos,TELECOM,2026-07-13T04:03:16Z,0.5923960425793985
TXN-2026-01540,156.46,ecom,HEALTHCARE,2026-06-27T11:36:38Z,0.43301053215641194
TXN-2026-01541,257.08,pos,RESTAURANT,2026-07-16T22:09:14Z,0.21920492894920524
TXN-2026-01542,13.27,pos,TELECOM,2026-06-03T04:32:05Z,0.30207860400161185
TXN-2026-01543,2321.98,ecom,HOME_GOODS,2026-06-29T14:29:22Z,0.660324672855513
TXN-2026-01544,199.52,pos,ELECTRONICS,2026-07-09T02:26:43Z,0.5756249174555687
TXN-2026-01545,1006.38,ecom,JEWELRY,2026-06-18T02:39:24Z,0.937677959155679
TXN-2026-01546,618.6,atm,RESTAURANT,2026-06-01T16:03:23Z,0.7158826867774838
TXN-2026-01547,64.8,ecom,EDUCATION,2026-06-10T02:36:32Z,0.7915106639080517
TXN-2026-01548,288.91,ecom,EDUCATION,2026-07-12T01:28:27Z,0.885849027953158
TXN-2026-01549,97.02,ecom,PHARMACY,2026-06-09T05:24:08Z,0.7907190228375595
TXN-2026-01550,60.65,pos,EDUCATION,2026-07-24T23:21:41Z,0.1144973547340306
TXN-2026-01551,168.31,ecom,GROCERY,2026-07-09T21:39:06Z,0.4669335698200272
TXN-2026-01552,236.39,pos,HOME_GOODS,2026-07-07T21:24:16Z,0.13678163643230065
TXN-2026-01553,29.02,transfer,FASHION,2026-06-04T11:34:15Z,0.015798455087596055
TXN-2026-01554,158.85,transfer,GROCERY,2026-06-06T22:53:23Z,0.07931976173430004
TXN-2026-01555,897.79,atm,FUEL,2026-06-18T15:21:50Z,0.8042748230247295
TXN-2026-01556,483.92,atm,FASHION,2026-06-13T11:15:27Z,0.47371235369831644
TXN-2026-01557,46.99,ecom,JEWELRY,2026-06-28T06:57:17Z,0.3017951409236892
TXN-2026-01558,10.32,pos,JEWELRY,2026-07-10T09:32:05Z,0.048414206974250217
TXN-2026-01559,75.57,ecom,FUEL,2026-06-08T07:00:29Z,0.440474893460566
TXN-2026-01560,72.33,ecom,ELECTRONICS,2026-07-30T09:03:42Z,0.3202933476464406
TXN-2026-01561,186.13,pos,PHARMACY,2026-07-22T01:28:36Z,0.5348282473151312
TXN-2026-01562,90.51,pos,TELECOM,2026-06-08T15:33:52Z,0.128285444278027
TXN-2026-01563,229.29,pos,TELECOM,2026-06-11T06:23:52Z,0.17384241129450756
TXN-2026-01564,37.53,atm,FASHION,2026-07-27T21:31:03Z,0.2244771301381377
TXN-2026-01565,57.1,pos,JEWELRY,2026-07-18T04:14:57Z,0.4680677979654323
TXN-2026-01566,48.94,pos,UTILITIES,2026-06-30T00:07:17Z,0.4285819912392927
TXN-2026-01567,159.43,atm,TELECOM,2026-07-30T11:20:41Z,0.5362617007530649
TXN-2026-01568,73.96,ecom,UTILITIES,2026-06-20T05:20:29Z,0.8065094872476795
TXN-2026-01569,284.12,ecom,ELECTRONICS,2026-06-26T16:51:40Z,0.4962095648540803
TXN-2026-01570,51.85,pos,RESTAURANT,2026-07-16T04:33:49Z,0.46723490777652804
TXN-2026-01571,142.82,ecom,HOME_GOODS,2026-06-09T23:23:39Z,0.3538293888098958
TXN-2026-01572,527.21,pos,UTILITIES,2026-06-15T22:39:12Z,0.26758245382666307
TXN-2026-01573,44.12,atm,RESTAURANT,2026-06-06T16:22:02Z,0.4116021743615097
TXN-2026-01574,385.0,ecom,ENTERTAINMENT,2026-06-08T16:51:10Z,0.5488477670162651
TXN-2026-01575,189.66,pos,UTILITIES,2026-07-06T21:35:40Z,0.18007963448868203
TXN-2026-01576,3620.25,ecom,HOME_GOODS,2026-07-19T08:34:55Z,0.6940942485169135
TXN-2026-01577,32.9,pos,RESTAURANT,2026-07-16T16:01:40Z,0.08900777622137332
TXN-2026-01578,349.73,pos,UTILITIES,2026-07-16T21:43:40Z,0.22834972899936817
TXN-2026-01579,604.3,atm,ONLINE_SERVICES,2026-06-24T20:03:57Z,0.6390335487221408
TXN-2026-01580,368.93,atm,ENTERTAINMENT,2026-07-25T20:07:34Z,0.6413514739506219
TXN-2026-01581,6.46,pos,UTILITIES,2026-06-20T03:41:35Z,0.2339086437229456
TXN-2026-01582,51.35,pos,EDUCATION,2026-06-04T16:50:18Z,0.09987590317490422
TXN-2026-01583,32.99,pos,HEALTHCARE,2026-06-24T10:16:36Z,0.07626205579537991
TXN-2026-01584,45.37,pos,ELECTRONICS,2026-06-05T02:36:49Z,0.3985719504440699
TXN-2026-01585,185.16,ecom,FUEL,2026-06-21T14:35:31Z,0.5666871620202657
TXN-2026-01586,65.21,atm,GROCERY,2026-06-11T21:00:04Z,0.4433855673597684
TXN-2026-01587,13.38,transfer,ONLINE_SERVICES,2026-07-28T19:25:29Z,0.019181716921938857
TXN-2026-01588,42.91,ecom,ELECTRONICS,2026-07-01T07:05:51Z,0.2642218957509503
TXN-2026-01589,100.34,transfer,HEALTHCARE,2026-07-10T15:41:34Z,0.06037547039780174
TXN-2026-01590,126.64,transfer,UTILITIES,2026-06-08T19:05:40Z,0.07108643286506046
TXN-2026-01591,98.85,atm,UTILITIES,2026-06-10T01:10:07Z,0.8687911870102968
TXN-2026-01592,91.72,pos,EDUCATION,2026-07-29T09:30:00Z,0.12004572300846293
TXN-2026-01593,197.1,pos,UTILITIES,2026-06-20T18:28:37Z,0.17823171752701905
TXN-2026-01594,52.95,pos,RESTAURANT,2026-07-15T01:16:54Z,0.4619579541128654
TXN-2026-01595,195.03,ecom,GROCERY,2026-06-18T18:27:39Z,0.4769986351365534
TXN-2026-01596,206.09,atm,ONLINE_SERVICES,2026-07-15T12:14:20Z,0.49076876756426874
TXN-2026-01597,34.42,pos,ELECTRONICS,2026-06-27T21:13:27Z,0.07961945660643299
TXN-2026-01598,202.02,ecom,TELECOM,2026-07-24T18:48:21Z,0.49229749463357586
TXN-2026-01599,45.18,transfer,EDUCATION,2026-06-05T09:39:07Z,0.0403057244640871
TXN-2026-01600,50.36,atm,HOME_GOODS,2026-06-19T07:36:56Z,0.28730166115054206
TXN-2026-01601,84.85,ecom,TRAVEL,2026-07-09T23:30:46Z,0.4012883401871746
TXN-2026-01602,66.06,pos,GROCERY,2026-06-12T03:55:30Z,0.4662938008162314
TXN-2026-01603,172.87,pos,HEALTHCARE,2026-07-01T18:08:54Z,0.1662579574933123
TXN-2026-01604,61.42,pos,ONLINE_SERVICES,2026-07-30T02:09:46Z,0.3884206004996137
TXN-2026-01605,44.09,pos,EDUCATION,2026-07-26T11:33:45Z,0.0891723002323729
TXN-2026-01606,140.59,ecom,HOME_GOODS,2026-06-28T02:59:36Z,0.7813564138408864
TXN-2026-01607,117.79,ecom,FUEL,2026-06-15T17:35:23Z,0.5199603640942604
TXN-2026-01608,10.35,pos,FUEL,2026-06-09T01:54:15Z,0.35493673546247495
TXN-2026-01609,29.35,pos,FASHION,2026-07-08T13:32:47Z,0.03666606256506444
TXN-2026-01610,419.62,pos,HEALTHCARE,2026-06-18T12:48:37Z,0.2239435380700526
TXN-2026-01611,24.14,pos,FASHION,2026-06-03T09:13:53Z,0.032220654012220996
TXN-2026-01612,113.97,atm,HOME_GOODS,2026-06-11T17:39:17Z,0.39889976503001207
TXN-2026-01613,38.26,transfer,TRAVEL,2026-06-10T19:50:14Z,0.042047034231130924
TXN-2026-01614,38.34,pos,ELECTRONICS,2026-06-17T13:29:28Z,0.07729881498417296
TXN-2026-01615,20.18,pos,FUEL,2026-07-10T11:48:52Z,0.09191557628282862
TXN-2026-01616,56.85,pos,UTILITIES,2026-07-28T05:58:14Z,0.45919955316612054
TXN-2026-01617,48.76,pos,JEWELRY,2026-07-22T18:51:47Z,0.10338247177244238
TXN-2026-01618,162.8,transfer,UTILITIES,2026-07-27T11:03:28Z,0.07367580833291483
TXN-2026-01619,353.66,atm,ENTERTAINMENT,2026-06-21T08:26:06Z,0.6071744197066483
TXN-2026-01620,355.68,ecom,RESTAURANT,2026-06-10T21:30:40Z,0.5846402951314583
TXN-2026-01621,91.08,ecom,EDUCATION,2026-07-05T09:45:16Z,0.37026630029794316
TXN-2026-01622,127.79,pos,ONLINE_SERVICES,2026-06-12T03:08:05Z,0.47770763029279684
TXN-2026-01623,248.93,ecom,HEALTHCARE,2026-07-18T19:03:42Z,0.5099637985026207
TXN-2026-01624,98.14,pos,GROCERY,2026-07-08T19:39:16Z,0.1324545891606006
TXN-2026-01625,51.05,ecom,TRAVEL,2026-06-12T05:01:23Z,0.7807253791673027
TXN-2026-01626,12.29,pos,UTILITIES,2026-07-08T20:24:54Z,0.055771505168901905
TXN-2026-01627,36.74,pos,FASHION,2026-07-28T00:19:32Z,0.23236145579821038
TXN-2026-01628,16.83,pos,TRAVEL,2026-07-14T12:49:32Z,0.06020162136437968
TXN-2026-01629,837.2,pos,FASHION,2026-06-26T13:40:42Z,0.1617462787123272
TXN-2026-01630,80.01,ecom,FUEL,2026-07-29T15:30:20Z,0.467988953770679
TXN-2026-01631,163.04,atm,PHARMACY,2026-07-09T04:01:41Z,0.8738039852066489
TXN-2026-01632,140.96,pos,PHARMACY,2026-06-10T18:20:20Z,0.12777259774209596
TXN-2026-01633,1370.87,ecom,TRAVEL,2026-07-13T05:02:27Z,0.9463582901829855
TXN-2026-01634,274.57,ecom,GROCERY,2026-06-07T06:13:46Z,0.48734279479121106
TXN-2026-01635,1394.77,ecom,HOME_GOODS,2026-06-11T02:52:41Z,0.9162854911119661
TXN-2026-01636,172.06,transfer,TRAVEL,2026-06-19T16:42:58Z,0.08078967257606709
TXN-2026-01637,259.48,ecom,FUEL,2026-06-21T08:35:34Z,0.5914791832608094
TXN-2026-01638,291.8,atm,HOME_GOODS,2026-07-30T16:58:59Z,0.5091973559751433
TXN-2026-01639,594.95,pos,HEALTHCARE,2026-06-08T19:27:46Z,0.26906285167906546
TXN-2026-01640,151.27,pos,TRAVEL,2026-06-10T05:04:12Z,0.5819239201569023
TXN-2026-01641,138.27,pos,RESTAURANT,2026-07-17T15:32:58Z,0.16177789443606286
TXN-2026-01642,242.95,pos,HOME_GOODS,2026-07-09T19:17:36Z,0.13589536349292128
TXN-2026-01643,59.3,pos,TELECOM,2026-07-18T22:47:10Z,0.1143327646314005
TXN-2026-01644,75.5,ecom,JEWELRY,2026-06-13T03:00:20Z,0.8116179524764058
TXN-2026-01645,932.98,ecom,GROCERY,2026-06-11T13:53:51Z,0.6500928889935682
TXN-2026-01646,46.13,ecom,FUEL,2026-06-28T07:54:14Z,0.38305011860312593
TXN-2026-01647,52.28,atm,RESTAURANT,2026-07-28T23:05:32Z,0.4494191357940243
TXN-2026-01648,207.1,transfer,EDUCATION,2026-06-26T14:06:15Z,0.08459019440369271
TXN-2026-01649,146.59,pos,JEWELRY,2026-06-15T22:38:09Z,0.16985642016563182
TXN-2026-01650,235.09,ecom,ONLINE_SERVICES,2026-07-01T10:45:48Z,0.41144896714109275
TXN-2026-01651,108.53,pos,EDUCATION,2026-07-08T05:00:40Z,0.5375046629016251
TXN-2026-01652,261.8,ecom,ENTERTAINMENT,2026-07-08T13:37:54Z,0.4941679449181116
TXN-2026-01653,319.23,transfer,HOME_GOODS,2026-06-25T11:44:52Z,0.06677458152964343
TXN-2026-01654,305.36,atm,ONLINE_SERVICES,2026-06-29T06:19:39Z,0.5229955855564135
TXN-2026-01655,127.79,ecom,EDUCATION,2026-06-09T18:55:38Z,0.43215211695841743
TXN-2026-01656,49.14,pos,ONLINE_SERVICES,2026-06-20T02:48:28Z,0.3632896102075051
TXN-2026-01657,73.08,pos,UTILITIES,2026-07-14T19:54:36Z,0.11929809118957936
TXN-2026-01658,18.93,pos,ONLINE_SERVICES,2026-06-19T14:33:40Z,0.047890441402004325
TXN-2026-01659,225.56,transfer,FASHION,2026-06-17T09:20:00Z,0.040538645224190775
TXN-2026-01660,35.27,transfer,ELECTRONICS,2026-06-30T01:25:25Z,0.20114096644336943
TXN-2026-01661,390.64,pos,ELECTRONICS,2026-06-13T21:51:02Z,0.21890725348300383
TXN-2026-01662,208.65,ecom,ONLINE_SERVICES,2026-07-24T23:06:35Z,0.43033528598363835
TXN-2026-01663,40.12,atm,TELECOM,2026-06-25T21:25:06Z,0.39739806394124527
TXN-2026-01664,117.91,pos,ELECTRONICS,2026-06-13T14:34:42Z,0.12695828477184903
TXN-2026-01665,18.83,transfer,UTILITIES,2026-06-27T20:51:02Z,0.03016297904178192
TXN-2026-01666,106.95,pos,TELECOM,2026-06-18T09:19:16Z,0.1303386950630586
TXN-2026-01667,15.78,ecom,TELECOM,2026-06-11T09:02:24Z,0.20681733188281742
TXN-2026-01668,334.92,ecom,FUEL,2026-07-30T13:49:11Z,0.6333583940749578
TXN-2026-01669,131.96,ecom,FASHION,2026-07-02T09:30:57Z,0.24539093839304138
TXN-2026-01670,235.07,atm,PHARMACY,2026-06-21T05:06:54Z,0.8931675992136607
TXN-2026-01671,53.52,pos,HEALTHCARE,2026-07-15T19:03:00Z,0.10254592199270411
TXN-2026-01672,146.97,transfer,TELECOM,2026-07-20T20:09:40Z,0.07826604441347902
TXN-2026-01673,96.87,ecom,ONLINE_SERVICES,2026-07-14T10:35:20Z,0.3124437102048445
TXN-2026-01674,26.84,pos,HOME_GOODS,2026-06-21T03:25:07Z,0.2737077877221818
TXN-2026-01675,49.49,transfer,JEWELRY,2026-06-29T14:19:17Z,0.04600304883074135
TXN-2026-01676,22.07,pos,EDUCATION,2026-07-04T23:47:54Z,0.07402678489121625
TXN-2026-01677,393.73,pos,EDUCATION,2026-06-17T09:54:57Z,0.21697338703129398
TXN-2026-01678,81.54,ecom,GROCERY,2026-06-14T13:05:55Z,0.3618513518108684
TXN-2026-01679,77.45,pos,GROCERY,2026-07-27T05:51:58Z,0.4906429440594838
TXN-2026-01680,123.98,ecom,RESTAURANT,2026-06-05T10:11:07Z,0.42901857670637533
TXN-2026-01681,26.06,ecom,ENTERTAINMENT,2026-07-26T03:22:27Z,0.7032581431183206
TXN-2026-01682,127.44,ecom,HEALTHCARE,2026-07-30T05:37:51Z,0.8416706410127937
TXN-2026-01683,71.16,ecom,ONLINE_SERVICES,2026-07-21T13:16:57Z,0.2877162192511573
TXN-2026-01684,222.02,ecom,GROCERY,2026-07-05T19:35:21Z,0.4953647412459527
TXN-2026-01685,252.09,ecom,TRAVEL,2026-06-19T09:10:41Z,0.49568183914733743
TXN-2026-01686,783.48,atm,FASHION,2026-06-30T18:23:28Z,0.5505934498627063
TXN-2026-01687,295.41,ecom,EDUCATION,2026-07-18T03:53:37Z,0.8890162320397722
TXN-2026-01688,453.08,ecom,ENTERTAINMENT,2026-07-28T21:54:40Z,0.5811814344025764
TXN-2026-01689,37.94,atm,ENTERTAINMENT,2026-07-08T16:19:58Z,0.3631478182708076
TXN-2026-01690,82.48,atm,RESTAURANT,2026-06-11T16:25:33Z,0.4859099374416267
TXN-2026-01691,113.64,ecom,EDUCATION,2026-07-20T02:36:15Z,0.832803169887818
TXN-2026-01692,1497.46,ecom,TELECOM,2026-07-10T21:58:55Z,0.7267616659787258
TXN-2026-01693,1024.26,ecom,FUEL,2026-06-15T11:05:40Z,0.7449028051250587
TXN-2026-01694,341.1,transfer,GROCERY,2026-06-13T04:43:25Z,0.45892585078519327
TXN-2026-01695,112.0,pos,HOME_GOODS,2026-07-01T09:08:41Z,0.08862363240723112
TXN-2026-01696,12.5,pos,ONLINE_SERVICES,2026-07-23T17:51:06Z,0.041129965028123695
TXN-2026-01697,20.22,ecom,RESTAURANT,2026-07-30T22:50:50Z,0.2634575331955763
TXN-2026-01698,77.13,pos,ENTERTAINMENT,2026-07-07T07:13:22Z,0.10493246921734067
TXN-2026-01699,18.07,atm,FUEL,2026-06-19T14:42:15Z,0.3818035827322246
TXN-2026-01700,90.01,pos,ENTERTAINMENT,2026-07-21T03:06:24Z,0.49796463839551
TXN-2026-01701,57.12,atm,TELECOM,2026-06-30T00:54:10Z,0.8370471549909511
TXN-2026-01702,160.73,transfer,FASHION,2026-07-23T22:43:26Z,0.03941453090291508
TXN-2026-01703,12.94,ecom,RESTAURANT,2026-07-11T09:26:53Z,0.2027482899658248
TXN-2026-01704,72.02,pos,UTILITIES,2026-06-17T04:31:26Z,0.4849844203756573
TXN-2026-01705,90.94,ecom,UTILITIES,2026-07-19T18:14:37Z,0.3918459287820424
TXN-2026-01706,13.44,pos,EDUCATION,2026-06-17T22:48:55Z,0.059187411959958164
TXN-2026-01707,78.32,ecom,EDUCATION,2026-06-23T03:54:45Z,0.807818208468441
TXN-2026-01708,27.98,pos,ENTERTAINMENT,2026-06-13T00:41:27Z,0.35452470656395035
TXN-2026-01709,42.0,ecom,HOME_GOODS,2026-06-14T18:32:48Z,0.2235680124663431
TXN-2026-01710,42.75,pos,HEALTHCARE,2026-07-17T07:13:25Z,0.08301515727912846
TXN-2026-01711,95.67,pos,GROCERY,2026-06-23T06:32:52Z,0.11635968205348
TXN-2026-01712,43.23,pos,PHARMACY,2026-06-03T08:04:41Z,0.06942658317368194
TXN-2026-01713,471.29,ecom,TRAVEL,2026-07-24T22:17:06Z,0.6043163396040938
TXN-2026-01714,98.24,pos,JEWELRY,2026-07-01T22:39:19Z,0.14420547030097355
TXN-2026-01715,168.84,ecom,HEALTHCARE,2026-06-25T08:55:59Z,0.43441814078196367
TXN-2026-01716,571.97,pos,ENTERTAINMENT,2026-07-14T06:11:26Z,0.2351633346931674
TXN-2026-01717,21.7,pos,FUEL,2026-06-04T15:00:09Z,0.09842548155108403
TXN-2026-01718,165.5,pos,TELECOM,2026-06-16T12:57:51Z,0.16047336318288738
TXN-2026-01719,83.12,ecom,GROCERY,2026-06-21T00:03:06Z,0.8035863007347517
TXN-2026-01720,151.22,transfer,GROCERY,2026-06-30T02:12:48Z,0.3585557325902808
TXN-2026-01721,172.84,ecom,HEALTHCARE,2026-07-12T12:31:09Z,0.4475093210334303
TXN-2026-01722,127.71,pos,TELECOM,2026-06-27T03:31:07Z,0.5567566184460964
TXN-2026-01723,945.14,pos,TRAVEL,2026-06-19T04:11:23Z,0.7709725695740975
TXN-2026-01724,19.97,pos,TRAVEL,2026-07-19T02:09:46Z,0.3384063466090083
TXN-2026-01725,196.16,atm,FUEL,2026-06-12T13:41:40Z,0.6570774265804048
TXN-2026-01726,304.83,ecom,ELECTRONICS,2026-06-20T23:35:01Z,0.5230211945238128
TXN-2026-01727,86.4,pos,FUEL,2026-07-30T17:37:59Z,0.17733165762490138
TXN-2026-01728,622.0,atm,EDUCATION,2026-07-22T17:56:26Z,0.7009623818958192
TXN-2026-01729,62.18,ecom,TRAVEL,2026-06-04T00:32:33Z,0.787937477489371
TXN-2026-01730,105.67,ecom,RESTAURANT,2026-06-06T18:07:36Z,0.43047749422443066
TXN-2026-01731,36.92,pos,GROCERY,2026-07-19T16:59:52Z,0.08464639083688116
TXN-2026-01732,63.6,ecom,HOME_GOODS,2026-06-15T08:34:17Z,0.24045219846542756
TXN-2026-01733,58.35,pos,JEWELRY,2026-06-12T04:45:54Z,0.47066113819889555
TXN-2026-01734,57.0,pos,HEALTHCARE,2026-06-10T00:22:57Z,0.44160708579699426
TXN-2026-01735,23.96,pos,JEWELRY,2026-07-18T22:25:29Z,0.07900366625939993
TXN-2026-01736,478.93,ecom,ONLINE_SERVICES,2026-06-06T03:16:07Z,0.8827310590649015
TXN-2026-01737,568.25,ecom,HEALTHCARE,2026-06-09T21:31:12Z,0.6138127170446513
TXN-2026-01738,99.02,pos,GROCERY,2026-06-20T17:53:05Z,0.13056573555408518
TXN-2026-01739,353.63,transfer,HOME_GOODS,2026-06-18T21:14:15Z,0.07705080885391674
TXN-2026-01740,427.76,atm,ENTERTAINMENT,2026-07-13T19:35:41Z,0.655430463553329
TXN-2026-01741,33.36,pos,GROCERY,2026-07-25T21:00:04Z,0.08495120945968586
TXN-2026-01742,19.93,pos,FUEL,2026-07-07T19:38:16Z,0.09860405558958786
TXN-2026-01743,662.79,pos,JEWELRY,2026-07-16T17:58:05Z,0.288366258974989
TXN-2026-01744,17.37,pos,TELECOM,2026-07-03T02:31:16Z,0.3241558594585725
TXN-2026-01745,220.17,pos,TRAVEL,2026-06-30T00:00:18Z,0.6132789487294337
TXN-2026-01746,171.73,ecom,TRAVEL,2026-07-06T03:43:26Z,0.8624508592437405
TXN-2026-01747,14.14,pos,HOME_GOODS,2026-06-12T07:03:16Z,0.03440136103125212
TXN-2026-01748,79.67,pos,RESTAURANT,2026-06-02T02:46:56Z,0.5136867940658069
TXN-2026-01749,161.84,pos,PHARMACY,2026-06-21T07:52:49Z,0.1225599765727821
TXN-2026-01750,1160.63,transfer,FASHION,2026-06-29T13:14:54Z,0.08924979841052652
TXN-2026-01751,73.28,pos,PHARMACY,2026-07-11T06:46:19Z,0.08605429707552432
TXN-2026-01752,160.51,ecom,FUEL,2026-06-21T03:47:43Z,0.8990444601639399
TXN-2026-01753,66.14,ecom,HOME_GOODS,2026-07-30T11:59:44Z,0.24973124371364844
TXN-2026-01754,111.11,transfer,TELECOM,2026-06-27T17:28:32Z,0.06703268603828327
TXN-2026-01755,56.2,pos,RESTAURANT,2026-07-30T03:51:32Z,0.4742756962397882
TXN-2026-01756,43.64,pos,PHARMACY,2026-06-27T23:48:24Z,0.08057482744100572
TXN-2026-01757,97.35,ecom,EDUCATION,2026-07-07T05:01:25Z,0.8266324089650555
TXN-2026-01758,340.57,atm,ELECTRONICS,2026-07-20T06:34:35Z,0.5825366481736115
TXN-2026-01759,359.3,pos,PHARMACY,2026-07-03T16:51:11Z,0.18451389669243176
TXN-2026-01760,38.96,ecom,FUEL,2026-06-02T11:54:06Z,0.37387536912426184
TXN-2026-01761,8.95,pos,HEALTHCARE,2026-06-12T07:55:01Z,0.04202836239359542
TXN-2026-01762,65.68,ecom,JEWELRY,2026-06-16T15:09:06Z,0.35801264704670216
TXN-2026-01763,41.07,pos,ONLINE_SERVICES,2026-07-10T19:58:03Z,0.07095198705950523
TXN-2026-01764,160.55,transfer,RESTAURANT,2026-07-19T22:31:47Z,0.0881354690328249
TXN-2026-01765,28.15,pos,UTILITIES,2026-07-19T01:46:32Z,0.36805821707743513
TXN-2026-01766,130.04,atm,UTILITIES,2026-07-26T11:58:00Z,0.5062665769222522
TXN-2026-01767,103.38,pos,ELECTRONICS,2026-07-24T14:33:47Z,0.12005849378266482
TXN-2026-01768,318.23,ecom,GROCERY,2026-06-27T03:27:01Z,0.8901748874750594
TXN-2026-01769,59.09,ecom,EDUCATION,2026-06-08T17:12:31Z,0.3415460523532428
TXN-2026-01770,514.19,ecom,ELECTRONICS,2026-07-14T23:45:35Z,0.5859504971927315
TXN-2026-01771,351.45,ecom,UTILITIES,2026-07-20T04:13:56Z,0.897913516604669
TXN-2026-01772,178.94,pos,GROCERY,2026-07-13T12:35:22Z,0.15964697663034938
TXN-2026-01773,17.25,ecom,PHARMACY,2026-06-08T07:36:54Z,0.1715511800698479
TXN-2026-01774,115.44,ecom,HOME_GOODS,2026-06-10T12:04:00Z,0.30570285884762083
TXN-2026-01775,357.38,ecom,FASHION,2026-07-25T06:44:47Z,0.33858322020839643
TXN-2026-01776,149.64,ecom,FASHION,2026-06-01T09:58:06Z,0.25687430930572863
TXN-2026-01777,15.72,pos,TELECOM,2026-06-24T22:35:24Z,0.06448370100121431
TXN-2026-01778,24.02,pos,HOME_GOODS,2026-06-06T00:20:01Z,0.25741957459305403
TXN-2026-01779,2287.47,ecom,HOME_GOODS,2026-07-25T03:20:30Z,0.9337148218141602
TXN-2026-01780,51.58,transfer,ELECTRONICS,2026-06-15T18:23:48Z,0.04217916817986759
TXN-2026-01781,220.18,pos,UTILITIES,2026-06-15T23:24:01Z,0.19429900964998834
TXN-2026-01782,113.19,atm,HOME_GOODS,2026-06-10T01:22:04Z,0.8208697916958962
TXN-2026-01783,772.98,pos,FUEL,2026-07-01T17:41:48Z,0.38517272515844797
TXN-2026-01784,94.99,pos,ENTERTAINMENT,2026-07-27T14:18:52Z,0.12240322950066973
TXN-2026-01785,87.97,pos,TRAVEL,2026-07-20T12:43:33Z,0.12328505164134573
TXN-2026-01786,99.99,ecom,HOME_GOODS,2026-06-27T13:16:08Z,0.2932834291489813
TXN-2026-01787,163.42,transfer,HOME_GOODS,2026-06-22T06:46:35Z,0.04672797267381692
TXN-2026-01788,23.8,pos,TRAVEL,2026-07-17T16:53:30Z,0.07277383856331954
TXN-2026-01789,43.25,transfer,JEWELRY,2026-06-22T11:49:15Z,0.041976042259546195
TXN-2026-01790,186.69,ecom,HOME_GOODS,2026-06-13T18:26:47Z,0.3718772116915578
TXN-2026-01791,272.83,pos,RESTAURANT,2026-06-27T14:03:47Z,0.21002549819286523
TXN-2026-01792,64.7,pos,TRAVEL,2026-07-16T00:15:53Z,0.4668881197654593
TXN-2026-01793,251.22,atm,ENTERTAINMENT,2026-07-16T05:11:41Z,0.9121316050126989
TXN-2026-01794,439.81,pos,ENTERTAINMENT,2026-07-02T13:38:07Z,0.2253709308809219
TXN-2026-01795,54.85,atm,PHARMACY,2026-07-06T12:36:35Z,0.3518090874240344
TXN-2026-01796,302.33,atm,ONLINE_SERVICES,2026-07-28T05:47:26Z,0.8983727661405474
TXN-2026-01797,18.53,pos,HOME_GOODS,2026-06-02T02:28:29Z,0.23871460608788952
TXN-2026-01798,46.38,pos,RESTAURANT,2026-07-27T10:43:00Z,0.09756046515694239
TXN-2026-01799,27.54,pos,TELECOM,2026-07-25T03:55:51Z,0.3754772237565295
TXN-2026-01800,22.23,pos,RESTAURANT,2026-07-18T12:48:59Z,0.07226408212881864
TXN-2026-01801,49.58,atm,JEWELRY,2026-06-15T23:38:14Z,0.4325540349862771
TXN-2026-01802,334.11,ecom,JEWELRY,2026-07-07T03:52:24Z,0.8987241887594344
TXN-2026-01803,58.78,pos,HOME_GOODS,2026-06-26T20:21:52Z,0.07396776966966613
TXN-2026-01804,25.33,ecom,PHARMACY,2026-07-08T11:01:28Z,0.2052737032488928
TXN-2026-01805,344.89,atm,HOME_GOODS,2026-07-05T00:42:45Z,0.8863447014184901
TXN-2026-01806,25.45,pos,ELECTRONICS,2026-06-03T18:14:11Z,0.06775708470107387
TXN-2026-01807,33.79,pos,ELECTRONICS,2026-06-22T22:43:57Z,0.07974056869871614
TXN-2026-01808,335.0,ecom,JEWELRY,2026-07-21T06:39:12Z,0.5282694221613298
TXN-2026-01809,47.43,ecom,TRAVEL,2026-07-05T20:14:07Z,0.3292838082004568
TXN-2026-01810,160.97,pos,ONLINE_SERVICES,2026-07-29T19:38:39Z,0.12867416993269923
TXN-2026-01811,41.53,pos,ENTERTAINMENT,2026-06-11T02:58:00Z,0.4035476623017622
TXN-2026-01812,53.78,ecom,ONLINE_SERVICES,2026-07-10T03:37:08Z,0.7225047564583066
TXN-2026-01813,21.81,pos,FUEL,2026-06-18T15:20:09Z,0.09863551517582347
TXN-2026-01814,192.33,ecom,TELECOM,2026-07-22T07:01:00Z,0.45773382639582516
TXN-2026-01815,103.72,ecom,ELECTRONICS,2026-06-22T11:00:20Z,0.36418033146357426
TXN-2026-01816,107.42,pos,ONLINE_SERVICES,2026-07-13T01:33:54Z,0.4515752050983972
TXN-2026-01817,59.37,ecom,TRAVEL,2026-07-26T04:09:05Z,0.7911719992847878
TXN-2026-01818,80.17,pos,TELECOM,2026-06-12T23:59:00Z,0.13108345836102106
TXN-2026-01819,63.69,pos,RESTAURANT,2026-07-26T19:03:10Z,0.12148643418444416
TXN-2026-01820,39.15,pos,FUEL,2026-07-21T11:47:33Z,0.12157304866741536
TXN-2026-01821,6.83,pos,EDUCATION,2026-06-18T12:30:08Z,0.040321108058682546
TXN-2026-01822,21.94,atm,UTILITIES,2026-06-11T17:10:11Z,0.3176115892645845
TXN-2026-01823,201.87,atm,TELECOM,2026-07-27T09:28:11Z,0.5595289902180887
TXN-2026-01824,70.48,atm,UTILITIES,2026-07-30T08:05:18Z,0.42489863288570406
TXN-2026-01825,65.14,pos,HEALTHCARE,2026-06-26T00:16:58Z,0.45750261807109477
TXN-2026-01826,97.78,pos,TRAVEL,2026-06-15T19:04:03Z,0.13734649875965058
TXN-2026-01827,219.4,pos,FASHION,2026-07-25T00:44:02Z,0.4178043286002322
TXN-2026-01828,34.63,ecom,UTILITIES,2026-06-26T03:59:43Z,0.7393910409749656
TXN-2026-01829,137.4,pos,JEWELRY,2026-06-01T18:20:14Z,0.15978687110168965
TXN-2026-01830,62.52,pos,HOME_GOODS,2026-06-15T21:07:13Z,0.07676285672854742
TXN-2026-01831,258.0,pos,ELECTRONICS,2026-06-13T22:06:24Z,0.18787304645395808
TXN-2026-01832,36.71,pos,HEALTHCARE,2026-07-01T21:57:24Z,0.08877251864132933
TXN-2026-01833,592.03,atm,RESTAURANT,2026-06-12T19:02:52Z,0.717882185031541
TXN-2026-01834,13.75,pos,PHARMACY,2026-06-02T02:53:54Z,0.25109699221495174
TXN-2026-01835,64.02,pos,RESTAURANT,2026-06-18T02:49:31Z,0.4873184471258556
TXN-2026-01836,190.28,atm,EDUCATION,2026-07-19T00:10:22Z,0.9002031524211607
TXN-2026-01837,68.26,ecom,GROCERY,2026-06-13T16:27:46Z,0.3493601643955928
TXN-2026-01838,148.78,ecom,RESTAURANT,2026-07-27T10:30:47Z,0.450831463713646
TXN-2026-01839,409.06,ecom,GROCERY,2026-06-05T08:43:27Z,0.5410681003415008
TXN-2026-01840,55.41,ecom,HEALTHCARE,2026-07-03T16:16:17Z,0.3274895582841472
TXN-2026-01841,570.86,ecom,UTILITIES,2026-06-27T08:57:26Z,0.5866666361314723
TXN-2026-01842,251.76,atm,FUEL,2026-07-21T02:23:42Z,0.940453312734131
TXN-2026-01843,20.86,pos,GROCERY,2026-07-15T05:36:53Z,0.34018224569117356
TXN-2026-01844,42.87,pos,HEALTHCARE,2026-07-06T12:01:18Z,0.08717901668599519
TXN-2026-01845,21.4,pos,RESTAURANT,2026-07-08T16:15:13Z,0.07388450097483401
TXN-2026-01846,460.51,ecom,GROCERY,2026-07-21T03:35:59Z,0.9066016077627096
TXN-2026-01847,47.02,transfer,UTILITIES,2026-06-02T16:28:32Z,0.0439561680294666
TXN-2026-01848,68.75,pos,ONLINE_SERVICES,2026-06-27T06:19:43Z,0.07867836091558668
TXN-2026-01849,439.88,pos,GROCERY,2026-07-07T04:08:53Z,0.6892421668485705
TXN-2026-01850,1244.53,atm,FUEL,2026-07-05T12:43:46Z,0.8236877716905029
TXN-2026-01851,1167.36,pos,EDUCATION,2026-07-01T06:51:37Z,0.3134865452040868
TXN-2026-01852,71.55,atm,TELECOM,2026-06-10T13:44:20Z,0.4447205236509882
TXN-2026-01853,736.6,ecom,HOME_GOODS,2026-06-11T12:37:18Z,0.5206668798755352
TXN-2026-01854,454.08,ecom,UTILITIES,2026-07-27T02:43:49Z,0.9070726489249082
TXN-2026-01855,279.43,pos,PHARMACY,2026-06-27T14:01:24Z,0.1638974981940071
TXN-2026-01856,295.89,pos,GROCERY,2026-06-18T07:35:58Z,0.18723645564906152
TXN-2026-01857,37.09,ecom,HEALTHCARE,2026-07-26T00:24:40Z,0.7357473620753836
TXN-2026-01858,141.49,pos,TELECOM,2026-07-19T01:06:24Z,0.5638743133001225
TXN-2026-01859,132.34,pos,ENTERTAINMENT,2026-06-04T19:09:26Z,0.14717294445668516
TXN-2026-01860,94.78,pos,JEWELRY,2026-07-11T02:29:10Z,0.5239221037109743
TXN-2026-01861,85.68,ecom,EDUCATION,2026-07-04T10:48:01Z,0.3658165331716541
TXN-2026-01862,314.72,ecom,PHARMACY,2026-06-06T02:26:34Z,0.8664740285924076
TXN-2026-01863,384.79,atm,TRAVEL,2026-06-09T00:35:02Z,0.92836721778643
TXN-2026-01864,267.46,ecom,UTILITIES,2026-07-30T13:12:43Z,0.5081131278587271
TXN-2026-01865,2265.21,ecom,UTILITIES,2026-07-28T00:05:11Z,0.9544722336051198
TXN-2026-01866,118.53,pos,TRAVEL,2026-06-27T19:01:37Z,0.14877555156664066
TXN-2026-01867,185.24,ecom,FASHION,2026-07-23T22:03:15Z,0.30514591266620456
TXN-2026-01868,8.12,pos,FUEL,2026-07-28T22:19:02Z,0.06992169893397521
TXN-2026-01869,152.83,pos,JEWELRY,2026-06-02T07:55:25Z,0.15150515161993883
TXN-2026-01870,69.98,ecom,ENTERTAINMENT,2026-07-16T12:26:09Z,0.33758673743027334
TXN-2026-01871,663.85,ecom,ONLINE_SERVICES,2026-07-08T02:08:23Z,0.8972972009194439
TXN-2026-01872,21.2,transfer,TRAVEL,2026-06-12T05:26:36Z,0.1902490419297488
TXN-2026-01873,60.63,ecom,TRAVEL,2026-07-10T18:58:56Z,0.3510595763184404
TXN-2026-01874,467.84,ecom,ENTERTAINMENT,2026-07-03T14:45:31Z,0.5671567424061079
TXN-2026-01875,20.17,pos,JEWELRY,2026-07-26T08:57:38Z,0.06401115802687217
TXN-2026-01876,70.42,ecom,RESTAURANT,2026-06-01T00:00:57Z,0.8082434660860595
TXN-2026-01877,756.24,transfer,TRAVEL,2026-06-05T09:47:41Z,0.1439752052359999
TXN-2026-01878,40.28,transfer,ELECTRONICS,2026-06-14T16:51:36Z,0.03689981464747095
TXN-2026-01879,91.2,pos,ONLINE_SERVICES,2026-07-24T21:24:19Z,0.10270818185731753
TXN-2026-01880,99.25,pos,HEALTHCARE,2026-06-12T07:21:53Z,0.11957419377247813
TXN-2026-01881,100.74,transfer,ELECTRONICS,2026-07-28T19:25:08Z,0.057898738702528825
TXN-2026-01882,137.33,atm,ELECTRONICS,2026-07-11T00:28:39Z,0.8733573414105124
TXN-2026-01883,214.84,pos,EDUCATION,2026-07-20T09:54:54Z,0.17098246490272898
TXN-2026-01884,265.96,ecom,ELECTRONICS,2026-06-05T21:12:30Z,0.5011993710217392
TXN-2026-01885,117.18,ecom,ELECTRONICS,2026-06-04T07:26:05Z,0.36822511593012835
TXN-2026-01886,716.91,atm,HEALTHCARE,2026-06-05T18:12:33Z,0.7129738168342603
TXN-2026-01887,119.62,atm,HOME_GOODS,2026-06-01T08:31:27Z,0.38214402603715375
TXN-2026-01888,157.02,pos,TRAVEL,2026-06-05T00:44:53Z,0.5736248195015761
TXN-2026-01889,1668.47,ecom,TELECOM,2026-06-23T02:30:44Z,0.9495717121267955
TXN-2026-01890,52.11,pos,FASHION,2026-06-17T01:38:52Z,0.26551939702691907
TXN-2026-01891,131.03,ecom,EDUCATION,2026-07-22T19:25:42Z,0.4377024263474246
TXN-2026-01892,346.5,transfer,GROCERY,2026-06-01T01:18:00Z,0.4530641672503267
TXN-2026-01893,93.17,pos,GROCERY,2026-07-08T12:25:49Z,0.1215750631521037
TXN-2026-01894,102.21,transfer,JEWELRY,2026-06-18T20:44:47Z,0.06788593893171826
TXN-2026-01895,71.56,ecom,PHARMACY,2026-07-09T06:55:13Z,0.2870117323362098
TXN-2026-01896,5.95,pos,TELECOM,2026-07-03T16:57:03Z,0.04043890205062772
TXN-2026-01897,89.13,transfer,GROCERY,2026-07-14T22:07:38Z,0.06111673001328004
TXN-2026-01898,161.79,pos,UTILITIES,2026-06-25T12:06:06Z,0.15617295743459275
TXN-2026-01899,12.56,pos,UTILITIES,2026-06-26T01:18:29Z,0.2859930956429693
TXN-2026-01900,281.89,ecom,ENTERTAINMENT,2026-06-18T11:45:17Z,0.4979609819633858
TXN-2026-01901,288.79,ecom,UTILITIES,2026-07-18T02:52:39Z,0.8867171879274163
TXN-2026-01902,46.01,atm,ENTERTAINMENT,2026-06-16T10:44:48Z,0.3700080655218146
TXN-2026-01903,47.89,pos,JEWELRY,2026-07-02T17:58:28Z,0.10162916577970582
TXN-2026-01904,32.34,pos,PHARMACY,2026-06-16T13:53:00Z,0.06406558426846139
TXN-2026-01905,806.54,ecom,FASHION,2026-07-08T03:00:55Z,0.8580278867893233
TXN-2026-01906,56.76,pos,HEALTHCARE,2026-06-17T10:10:44Z,0.09666118573961133
TXN-2026-01907,164.07,pos,ELECTRONICS,2026-06-26T01:03:39Z,0.5496471098703339
TXN-2026-01908,111.14,pos,HOME_GOODS,2026-06-18T20:37:08Z,0.09800764351601689
TXN-2026-01909,41.66,pos,PHARMACY,2026-07-06T00:40:35Z,0.355686816419274
TXN-2026-01910,337.56,ecom,FASHION,2026-06-26T05:55:10Z,0.8013326760948541
TXN-2026-01911,5.17,pos,GROCERY,2026-06-07T13:53:08Z,0.03556003664707452
TXN-2026-01912,219.94,pos,HOME_GOODS,2026-07-28T12:01:08Z,0.12225112531247166
TXN-2026-01913,106.29,pos,RESTAURANT,2026-06-15T21:46:40Z,0.1531522875326333
TXN-2026-01914,43.99,pos,GROCERY,2026-06-04T11:08:11Z,0.08711727312048624
TXN-2026-01915,295.78,ecom,GROCERY,2026-06-07T21:51:20Z,0.5354619952552843
TXN-2026-01916,463.46,pos,TELECOM,2026-07-30T16:40:36Z,0.24765287829967497
TXN-2026-01917,9.1,ecom,FUEL,2026-07-06T07:12:56Z,0.22616203148646424
TXN-2026-01918,162.26,ecom,FUEL,2026-07-14T14:03:49Z,0.5508582912747783
TXN-2026-01919,136.43,pos,FASHION,2026-06-11T00:38:23Z,0.3628910951546487
TXN-2026-01920,367.13,atm,TRAVEL,2026-07-01T06:50:43Z,0.6222283969044818
TXN-2026-01921,238.32,pos,JEWELRY,2026-07-19T05:52:25Z,0.6399159431013121
TXN-2026-01922,44.73,ecom,FASHION,2026-06-16T19:59:45Z,0.17637241939244383
TXN-2026-01923,17.97,pos,UTILITIES,2026-06-17T22:00:04Z,0.06697088224319568
TXN-2026-01924,146.81,ecom,FASHION,2026-07-08T16:09:56Z,0.26922800912053435
TXN-2026-01925,487.09,ecom,TRAVEL,2026-07-07T22:38:39Z,0.6081587893252258
TXN-2026-01926,144.58,pos,GROCERY,2026-06-19T07:13:43Z,0.13983505292028342
TXN-2026-01927,71.83,pos,TRAVEL,2026-06-14T06:04:26Z,0.10695960751424513
TXN-2026-01928,627.34,ecom,GROCERY,2026-06-14T17:23:03Z,0.6147395292506107
TXN-2026-01929,56.47,ecom,FASHION,2026-07-17T01:40:30Z,0.6190289786993248
TXN-2026-01930,120.75,pos,UTILITIES,2026-07-21T11:32:10Z,0.13710920808408023
TXN-2026-01931,349.62,atm,GROCERY,2026-06-26T06:51:32Z,0.6062265146818532
TXN-2026-01932,11.03,transfer,HEALTHCARE,2026-06-18T10:38:31Z,0.021051931548098184
TXN-2026-01933,2716.07,ecom,ENTERTAINMENT,2026-07-16T08:53:38Z,0.7440554430275743
TXN-2026-01934,231.28,ecom,GROCERY,2026-06-21T10:00:55Z,0.4768878082207177
TXN-2026-01935,35.16,pos,TRAVEL,2026-06-09T03:10:45Z,0.40288706286947473
TXN-2026-01936,235.38,ecom,PHARMACY,2026-06-29T13:47:44Z,0.4355557549645033
TXN-2026-01937,8.36,transfer,ENTERTAINMENT,2026-07-30T20:10:21Z,0.02017141945883188
TXN-2026-01938,156.13,ecom,HOME_GOODS,2026-06-10T04:13:28Z,0.7933748010340063
TXN-2026-01939,58.19,pos,GROCERY,2026-07-17T06:44:46Z,0.09386578598407065
TXN-2026-01940,634.49,ecom,ONLINE_SERVICES,2026-07-19T21:20:32Z,0.5599878770945073
TXN-2026-01941,2424.52,atm,JEWELRY,2026-06-10T06:25:51Z,0.8091371262843309
TXN-2026-01942,115.15,ecom,TRAVEL,2026-06-09T00:06:26Z,0.8334647283771907
TXN-2026-01943,72.31,transfer,PHARMACY,2026-06-26T10:20:48Z,0.04051740069563912
TXN-2026-01944,50.04,pos,FUEL,2026-07-04T13:51:33Z,0.13712644504001653
TXN-2026-01945,185.32,pos,ELECTRONICS,2026-07-20T16:37:39Z,0.1560939470885515
TXN-2026-01946,8.63,pos,FUEL,2026-06-27T06:02:56Z,0.06133191911065492
TXN-2026-01947,287.26,pos,EDUCATION,2026-07-05T19:47:34Z,0.20868825578821223
TXN-2026-01948,48.79,atm,HEALTHCARE,2026-07-08T00:37:49Z,0.8204363398348659
TXN-2026-01949,391.19,atm,TRAVEL,2026-06-10T17:17:07Z,0.6558196717753042
TXN-2026-01950,103.64,ecom,FASHION,2026-06-14T11:48:49Z,0.22799783764554865
TXN-2026-01951,103.32,pos,UTILITIES,2026-06-17T21:01:56Z,0.14054324292071949
TXN-2026-01952,99.74,pos,HEALTHCARE,2026-07-12T01:51:14Z,0.5114612425038765
TXN-2026-01953,63.61,ecom,ONLINE_SERVICES,2026-06-03T07:06:36Z,0.2644154095015493
TXN-2026-01954,25.67,pos,PHARMACY,2026-07-03T13:47:17Z,0.05782185345375987
TXN-2026-01955,78.46,pos,UTILITIES,2026-07-03T08:06:36Z,0.11110201215608762
TXN-2026-01956,44.41,pos,TELECOM,2026-06-24T23:35:24Z,0.10197013915551371
TXN-2026-01957,15.3,pos,HOME_GOODS,2026-07-24T18:13:42Z,0.039779695313456875
TXN-2026-01958,188.48,transfer,EDUCATION,2026-07-03T04:18:49Z,0.3943198034940865
TXN-2026-01959,426.75,ecom,ONLINE_SERVICES,2026-06-30T23:09:14Z,0.5170773793324085
TXN-2026-01960,14.87,transfer,GROCERY,2026-07-07T01:02:45Z,0.1547256575895114
TXN-2026-01961,305.21,ecom,GROCERY,2026-07-22T14:28:37Z,0.5210812456459619
TXN-2026-01962,31.07,pos,PHARMACY,2026-06-05T17:34:39Z,0.06544171410087947
TXN-2026-01963,114.16,pos,ENTERTAINMENT,2026-06-20T11:32:38Z,0.12874599666946523
TXN-2026-01964,87.46,pos,FASHION,2026-06-14T16:01:55Z,0.06215362204994471
TXN-2026-01965,287.11,pos,ELECTRONICS,2026-07-11T10:47:05Z,0.17697880756140497
TXN-2026-01966,875.43,atm,JEWELRY,2026-07-21T03:32:49Z,0.9533675348617997
TXN-2026-01967,39.63,ecom,HOME_GOODS,2026-06-09T07:30:49Z,0.19981366453743238
TXN-2026-01968,34.92,atm,RESTAURANT,2026-07-13T13:42:19Z,0.37749818386167616
TXN-2026-01969,105.85,ecom,ONLINE_SERVICES,2026-07-17T07:12:21Z,0.3149519035273575
TXN-2026-01970,29.76,pos,HEALTHCARE,2026-07-22T21:57:56Z,0.08103534645702676
TXN-2026-01971,242.18,pos,UTILITIES,2026-07-12T02:33:30Z,0.6242322940884752
TXN-2026-01972,44.31,pos,FASHION,2026-06-14T03:04:19Z,0.25458395262712075
TXN-2026-01973,21.63,pos,TRAVEL,2026-06-29T03:20:40Z,0.3491658390561251
TXN-2026-01974,935.2,ecom,TELECOM,2026-07-05T01:55:56Z,0.9335213310070127
TXN-2026-01975,37.8,pos,JEWELRY,2026-07-01T18:51:18Z,0.09263375616414384
TXN-2026-01976,52.13,ecom,FUEL,2026-06-09T19:20:30Z,0.4273085436862755
TXN-2026-01977,25.32,transfer,PHARMACY,2026-07-09T22:42:09Z,0.028179459860845225
TXN-2026-01978,359.66,transfer,EDUCATION,2026-06-09T18:53:05Z,0.1119639960186352
TXN-2026-01979,119.0,pos,FASHION,2026-06-23T20:47:16Z,0.07425520554093723
TXN-2026-01980,33.79,transfer,TELECOM,2026-06-25T15:45:16Z,0.03818274081115724
TXN-2026-01981,17.93,ecom,UTILITIES,2026-06-18T23:59:59Z,0.23858192645895684
TXN-2026-01982,124.09,pos,TRAVEL,2026-07-06T02:41:53Z,0.5506273607109488
TXN-2026-01983,51.62,ecom,HEALTHCARE,2026-07-15T15:51:28Z,0.31777564581657747
TXN-2026-01984,640.24,ecom,HEALTHCARE,2026-06-19T21:40:15Z,0.6275261587852227
TXN-2026-01985,127.55,transfer,HEALTHCARE,2026-06-12T03:35:57Z,0.34271851529408026
TXN-2026-01986,49.63,pos,HEALTHCARE,2026-06-28T02:00:08Z,0.4303905785003937
TXN-2026-01987,153.98,pos,HOME_GOODS,2026-07-15T07:17:39Z,0.1000302468670617
TXN-2026-01988,376.54,ecom,FUEL,2026-07-02T11:39:47Z,0.6417405080388364
TXN-2026-01989,291.23,ecom,FASHION,2026-06-19T00:39:10Z,0.7808296860198167
TXN-2026-01990,61.62,pos,FASHION,2026-07-26T12:52:03Z,0.05094663316024297
TXN-2026-01991,883.43,ecom,EDUCATION,2026-07-12T12:57:39Z,0.6472185277216287
TXN-2026-01992,259.84,ecom,ENTERTAINMENT,2026-07-27T08:51:05Z,0.4802245884569985
TXN-2026-01993,146.78,pos,TRAVEL,2026-06-05T23:46:13Z,0.16815823080055292
TXN-2026-01994,142.1,atm,FUEL,2026-07-29T17:14:36Z,0.6307083120905957
TXN-2026-01995,30.51,transfer,FASHION,2026-06-06T11:43:30Z,0.01617115094204756
TXN-2026-01996,196.5,pos,HEALTHCARE,2026-07-04T14:37:52Z,0.16913487944295208
TXN-2026-01997,56.93,ecom,FASHION,2026-06-28T13:06:32Z,0.18421821099180283
TXN-2026-01998,141.34,ecom,GROCERY,2026-06-20T06:37:05Z,0.4076255980968099
TXN-2026-01999,69.48,pos,UTILITIES,2026-07-06T14:06:02Z,0.11148971158730799
TXN-2026-02000,216.55,pos,ENTERTAINMENT,2026-07-06T20:53:00Z,0.18137468955394973
TXN-2026-02001,6.99,pos,FASHION,2026-06-01T12:02:03Z,0.019230987374854836
TXN-2026-02002,26.54,pos,PHARMACY,2026-07-14T10:58:53Z,0.05697842166625482
TXN-2026-02003,70.72,pos,FUEL,2026-06-05T08:20:47Z,0.1512123452317897
TXN-2026-02004,8.7,pos,RESTAURANT,2026-06-10T04:08:54Z,0.2767708385225672
TXN-2026-02005,27.83,pos,UTILITIES,2026-06-09T20:01:06Z,0.07941678486667318
TXN-2026-02006,20.2,pos,FASHION,2026-06-13T07:41:11Z,0.02912392580954316
TXN-2026-02007,97.27,pos,HEALTHCARE,2026-07-26T13:43:18Z,0.1252480275211875
TXN-2026-02008,308.74,ecom,FASHION,2026-06-29T13:50:00Z,0.3389558140037624
TXN-2026-02009,22.01,ecom,HEALTHCARE,2026-07-11T21:30:40Z,0.24860845532453169
TXN-2026-02010,46.85,ecom,PHARMACY,2026-06-15T11:25:53Z,0.25703281244192155
TXN-2026-02011,83.66,pos,PHARMACY,2026-07-02T12:10:23Z,0.09654406597853521
TXN-2026-02012,9.7,pos,ELECTRONICS,2026-06-24T07:15:25Z,0.03996008589985773
TXN-2026-02013,61.45,transfer,FUEL,2026-06-15T10:13:35Z,0.06855338599760859
TXN-2026-02014,99.01,ecom,TELECOM,2026-06-19T06:56:58Z,0.37699597986509614
TXN-2026-02015,58.85,pos,UTILITIES,2026-07-30T13:12:47Z,0.10284406611492318
TXN-2026-02016,20.29,pos,JEWELRY,2026-06-16T21:36:01Z,0.07281800334611425
TXN-2026-02017,358.59,ecom,RESTAURANT,2026-07-19T17:50:42Z,0.575445739839526
TXN-2026-02018,40.57,ecom,JEWELRY,2026-07-21T16:41:12Z,0.3090187550469835
TXN-2026-02019,69.1,pos,GROCERY,2026-07-24T00:06:17Z,0.4639044694212051
TXN-2026-02020,86.31,pos,TELECOM,2026-06-08T09:25:50Z,0.11901735242832634
TXN-2026-02021,111.05,pos,TRAVEL,2026-07-15T09:22:48Z,0.1323715175183405
TXN-2026-02022,775.94,ecom,ENTERTAINMENT,2026-07-28T09:00:13Z,0.6142431361228747
TXN-2026-02023,136.96,pos,FUEL,2026-06-19T18:29:05Z,0.21402787120734626
TXN-2026-02024,83.3,pos,TELECOM,2026-06-15T19:07:02Z,0.12846199540419348
TXN-2026-02025,191.22,pos,EDUCATION,2026-06-18T23:37:02Z,0.1840196946011477
TXN-2026-02026,64.44,transfer,RESTAURANT,2026-07-24T15:42:51Z,0.05459489855376304
TXN-2026-02027,29.06,ecom,HEALTHCARE,2026-06-05T13:31:38Z,0.25754753539248826
TXN-2026-02028,22.52,transfer,ELECTRONICS,2026-07-08T21:42:05Z,0.02974307348516813
TXN-2026-02029,215.11,pos,JEWELRY,2026-06-27T03:25:58Z,0.6234546389327543
TXN-2026-02030,146.32,pos,FASHION,2026-07-28T23:59:21Z,0.08382581268231343
TXN-2026-02031,172.16,pos,GROCERY,2026-07-13T03:31:53Z,0.5815162912968871
TXN-2026-02032,134.48,pos,PHARMACY,2026-07-15T02:50:31Z,0.4979952059848456
TXN-2026-02033,36.9,pos,HOME_GOODS,2026-07-26T00:10:59Z,0.2981155138683976
TXN-2026-02034,381.92,atm,ENTERTAINMENT,2026-06-09T15:59:44Z,0.6331989382016681
TXN-2026-02035,52.42,pos,HOME_GOODS,2026-06-16T17:50:05Z,0.0682686273605906
TXN-2026-02036,27.43,ecom,FUEL,2026-06-19T05:15:41Z,0.7953991457634648
TXN-2026-02037,101.74,pos,PHARMACY,2026-07-13T05:24:04Z,0.4720190862428561
TXN-2026-02038,12.43,pos,PHARMACY,2026-07-18T09:57:04Z,0.040382583085495374
TXN-2026-02039,109.11,transfer,ENTERTAINMENT,2026-07-10T08:33:33Z,0.057190316819908
TXN-2026-02040,81.2,ecom,ONLINE_SERVICES,2026-07-11T22:46:21Z,0.3210597127929773
TXN-2026-02041,46.99,pos,JEWELRY,2026-06-12T14:40:46Z,0.09800131834001281
TXN-2026-02042,48.79,pos,UTILITIES,2026-06-17T12:55:00Z,0.09393867451138654
TXN-2026-02043,250.73,transfer,ELECTRONICS,2026-06-27T05:16:02Z,0.40377125011250764
TXN-2026-02044,51.27,transfer,HOME_GOODS,2026-06-04T21:17:51Z,0.031686054441701826
TXN-2026-02045,23.8,pos,HEALTHCARE,2026-07-21T21:10:08Z,0.0735282918685092
TXN-2026-02046,30.6,pos,TRAVEL,2026-07-01T10:55:09Z,0.07664049016987527
TXN-2026-02047,192.09,pos,GROCERY,2026-06-29T19:51:07Z,0.1746039933810904
TXN-2026-02048,35.24,ecom,TELECOM,2026-07-23T10:12:20Z,0.27744993424076336
TXN-2026-02049,49.24,atm,FUEL,2026-07-30T21:23:31Z,0.5162340454825107
TXN-2026-02050,5.0,pos,JEWELRY,2026-06-22T07:19:04Z,0.03523918868483652
TXN-2026-02051,124.58,pos,ENTERTAINMENT,2026-06-19T23:56:40Z,0.14873508260830304
TXN-2026-02052,418.13,ecom,JEWELRY,2026-06-25T07:48:22Z,0.5576838330199891
TXN-2026-02053,806.26,pos,TRAVEL,2026-06-29T08:59:58Z,0.28401386593019345
TXN-2026-02054,773.63,pos,PHARMACY,2026-07-29T15:50:23Z,0.245628727619363
TXN-2026-02055,103.56,pos,FUEL,2026-07-11T01:44:19Z,0.6198216325498316
TXN-2026-02056,40.92,pos,FUEL,2026-06-15T14:48:17Z,0.12728018134097122
TXN-2026-02057,15.53,pos,TELECOM,2026-06-05T09:37:57Z,0.05647253293139509
TXN-2026-02058,9.2,pos,FASHION,2026-07-10T19:10:40Z,0.023217667351207578
TXN-2026-02059,258.55,pos,TELECOM,2026-07-14T05:15:47Z,0.6438148089781356
TXN-2026-02060,262.69,ecom,EDUCATION,2026-07-17T10:21:15Z,0.49850215981898904
TXN-2026-02061,21.6,transfer,FUEL,2026-07-22T12:00:10Z,0.043711218126740004
TXN-2026-02062,15.18,pos,EDUCATION,2026-07-10T10:43:38Z,0.055433302640286716
TXN-2026-02063,48.9,ecom,EDUCATION,2026-06-03T08:01:58Z,0.30128588926970046
TXN-2026-02064,131.6,ecom,ELECTRONICS,2026-06-19T05:38:08Z,0.8317576124427364
TXN-2026-02065,51.94,pos,ELECTRONICS,2026-06-12T12:24:38Z,0.0874786131121074
TXN-2026-02066,833.62,pos,TRAVEL,2026-06-14T03:53:14Z,0.7580527404275256
TXN-2026-02067,46.02,pos,GROCERY,2026-06-04T03:36:15Z,0.4234349101196913
TXN-2026-02068,454.47,ecom,ENTERTAINMENT,2026-06-28T03:24:09Z,0.904122419242276
TXN-2026-02069,19.69,pos,HEALTHCARE,2026-07-08T19:51:57Z,0.0664089704594587
TXN-2026-02070,125.96,pos,EDUCATION,2026-07-29T17:49:04Z,0.14744059841637577
TXN-2026-02071,239.04,pos,EDUCATION,2026-07-19T11:12:43Z,0.1815564953815977
TXN-2026-02072,134.92,pos,FUEL,2026-06-23T05:42:30Z,0.6589956785286951
TXN-2026-02073,70.4,atm,UTILITIES,2026-06-27T21:04:51Z,0.45818566868378785
TXN-2026-02074,135.67,ecom,FUEL,2026-07-30T14:01:24Z,0.5292612546420543
TXN-2026-02075,107.52,ecom,JEWELRY,2026-07-26T04:24:52Z,0.8378095574849493
TXN-2026-02076,386.6,pos,FASHION,2026-06-13T00:02:01Z,0.48609153320475146
TXN-2026-02077,2812.49,ecom,TELECOM,2026-07-15T22:04:13Z,0.7853042101612078
TXN-2026-02078,432.55,ecom,JEWELRY,2026-06-14T04:30:48Z,0.9104825502102691
TXN-2026-02079,358.59,pos,ONLINE_SERVICES,2026-06-02T12:51:22Z,0.1685954852728253
TXN-2026-02080,149.79,pos,HOME_GOODS,2026-07-27T11:04:51Z,0.10260826532918822
TXN-2026-02081,48.53,transfer,TELECOM,2026-07-30T12:39:30Z,0.04373288243872896
TXN-2026-02082,30.26,pos,FUEL,2026-07-22T18:18:45Z,0.11639368148882129
TXN-2026-02083,14.64,transfer,ONLINE_SERVICES,2026-06-21T12:34:59Z,0.018590193302987123
TXN-2026-02084,551.59,pos,FUEL,2026-07-27T13:45:31Z,0.33756076144492625
TXN-2026-02085,239.2,atm,FASHION,2026-06-09T02:08:36Z,0.8263185334694155
TXN-2026-02086,34.05,pos,GROCERY,2026-07-06T22:59:54Z,0.08653119618295776
TXN-2026-02087,25.68,atm,TRAVEL,2026-06-19T22:41:03Z,0.3502576232211829
TXN-2026-02088,36.55,ecom,TRAVEL,2026-07-14T04:49:15Z,0.7502118016444453
TXN-2026-02089,43.56,ecom,FASHION,2026-06-26T15:25:49Z,0.16860867441545113
TXN-2026-02090,78.48,ecom,UTILITIES,2026-06-09T04:01:52Z,0.809335392202976
TXN-2026-02091,164.41,atm,HOME_GOODS,2026-07-19T06:27:54Z,0.41414633659271394
TXN-2026-02092,83.75,pos,HEALTHCARE,2026-07-17T23:40:05Z,0.12878517521919933
TXN-2026-02093,17.07,transfer,TELECOM,2026-06-09T00:35:23Z,0.16786778919261125
TXN-2026-02094,12.58,pos,RESTAURANT,2026-07-19T02:58:36Z,0.3064415785751482
TXN-2026-02095,43.75,pos,TELECOM,2026-07-01T11:50:57Z,0.09047497187640353
TXN-2026-02096,389.44,ecom,ONLINE_SERVICES,2026-06-03T09:16:40Z,0.46945513807740946
TXN-2026-02097,28.07,pos,JEWELRY,2026-07-24T10:12:33Z,0.07539941305213295
TXN-2026-02098,74.57,ecom,ENTERTAINMENT,2026-06-13T01:39:40Z,0.7932074993040676
TXN-2026-02099,237.7,pos,ENTERTAINMENT,2026-06-17T01:05:59Z,0.6088936572737993
TXN-2026-02100,141.94,pos,TELECOM,2026-07-12T22:13:30Z,0.16451124377593523
TXN-2026-02101,94.14,transfer,JEWELRY,2026-07-24T12:28:22Z,0.06048919213237394
TXN-2026-02102,3176.1,ecom,GROCERY,2026-06-22T17:13:23Z,0.7790315989809441
TXN-2026-02103,25.84,pos,HEALTHCARE,2026-06-24T07:15:37Z,0.06654152589822605
TXN-2026-02104,113.36,ecom,ELECTRONICS,2026-07-01T10:35:02Z,0.3717725193546426
TXN-2026-02105,339.22,ecom,HOME_GOODS,2026-06-11T14:11:30Z,0.43169453054482804
TXN-2026-02106,20.26,pos,PHARMACY,2026-07-18T22:03:10Z,0.056901300393397906
TXN-2026-02107,216.11,transfer,GROCERY,2026-06-13T00:34:58Z,0.3944106634506078
TXN-2026-02108,599.13,ecom,EDUCATION,2026-07-16T05:30:50Z,0.9203158855888349
TXN-2026-02109,83.51,atm,JEWELRY,2026-07-15T23:30:41Z,0.494913677307018
TXN-2026-02110,161.63,pos,ENTERTAINMENT,2026-06-19T21:18:31Z,0.16260763079290855
TXN-2026-02111,19.86,ecom,ENTERTAINMENT,2026-07-30T22:57:27Z,0.23707716901746406
TXN-2026-02112,92.65,ecom,FUEL,2026-07-20T14:26:18Z,0.48307502607936476
TXN-2026-02113,118.52,pos,ONLINE_SERVICES,2026-07-30T09:08:43Z,0.10287273208101312
TXN-2026-02114,277.37,ecom,HEALTHCARE,2026-06-16T19:45:00Z,0.523127818870662
TXN-2026-02115,16.83,pos,ELECTRONICS,2026-07-08T03:05:58Z,0.2955638704528609
TXN-2026-02116,62.95,pos,FUEL,2026-06-03T04:25:22Z,0.5694438148307445
TXN-2026-02117,35.11,transfer,RESTAURANT,2026-07-03T22:13:22Z,0.04438314734332801
TXN-2026-02118,69.54,pos,FUEL,2026-06-17T12:15:57Z,0.15557637167746993
TXN-2026-02119,72.87,pos,RESTAURANT,2026-07-13T13:27:23Z,0.12173526949322266
TXN-2026-02120,486.57,pos,HOME_GOODS,2026-07-18T21:42:09Z,0.1838888080545014
TXN-2026-02121,297.72,atm,PHARMACY,2026-07-23T04:31:56Z,0.902755224587551
TXN-2026-02122,402.04,ecom,TELECOM,2026-06-16T10:57:26Z,0.5550698788080305
TXN-2026-02123,88.15,pos,GROCERY,2026-06-29T16:07:46Z,0.12317795250964343
TXN-2026-02124,1293.7,transfer,TRAVEL,2026-06-15T10:44:17Z,0.18095877571250935
TXN-2026-02125,238.8,ecom,ONLINE_SERVICES,2026-06-17T22:14:40Z,0.4439398541340662
TXN-2026-02126,264.12,atm,FUEL,2026-06-05T11:54:55Z,0.6844523614681575
TXN-2026-02127,231.3,atm,TELECOM,2026-07-24T02:02:22Z,0.9117361918487935
TXN-2026-02128,26.69,pos,TELECOM,2026-07-03T09:08:06Z,0.07152367313942763
TXN-2026-02129,468.13,ecom,PHARMACY,2026-06-07T12:51:31Z,0.5164041163691332
TXN-2026-02130,22.56,ecom,ENTERTAINMENT,2026-07-13T16:34:51Z,0.236527196255022
TXN-2026-02131,15.59,ecom,GROCERY,2026-07-27T20:10:29Z,0.21769094710620474
TXN-2026-02132,39.4,pos,FUEL,2026-07-03T00:36:44Z,0.5033008804409569
TXN-2026-02133,532.31,pos,JEWELRY,2026-07-28T22:34:38Z,0.27723088972452675
TXN-2026-02134,84.65,pos,PHARMACY,2026-06-21T10:39:30Z,0.095228640468328
TXN-2026-02135,82.6,pos,GROCERY,2026-07-06T11:47:34Z,0.11443008696369995
TXN-2026-02136,12.94,transfer,TELECOM,2026-06-07T12:21:30Z,0.024007199990932693
TXN-2026-02137,503.54,atm,PHARMACY,2026-06-29T02:41:07Z,0.9215610064627254
TXN-2026-02138,24.34,pos,GROCERY,2026-07-11T05:33:28Z,0.35658420831960425
TXN-2026-02139,87.56,pos,TRAVEL,2026-06-07T23:56:09Z,0.13596588108335672
TXN-2026-02140,22.03,pos,UTILITIES,2026-07-07T00:25:42Z,0.339334687162108
TXN-2026-02141,28.88,ecom,HOME_GOODS,2026-06-25T05:56:02Z,0.6327125318663457
TXN-2026-02142,42.79,transfer,EDUCATION,2026-06-25T20:45:27Z,0.043881795926291954
TXN-2026-02143,128.11,transfer,HEALTHCARE,2026-07-27T22:05:51Z,0.07219715695312375
TXN-2026-02144,207.53,transfer,PHARMACY,2026-07-17T12:34:57Z,0.06707950525369058
TXN-2026-02145,19.61,pos,HEALTHCARE,2026-06-28T17:34:42Z,0.06501198446305362
TXN-2026-02146,306.5,pos,HEALTHCARE,2026-07-21T09:35:47Z,0.19351130809874367
TXN-2026-02147,121.0,atm,RESTAURANT,2026-06-20T16:20:15Z,0.5322598242498386
TXN-2026-02148,72.02,ecom,JEWELRY,2026-07-28T19:18:15Z,0.3780462141086512
TXN-2026-02149,11.8,pos,RESTAURANT,2026-06-24T23:02:38Z,0.06127073193614653
TXN-2026-02150,189.24,ecom,GROCERY,2026-06-03T22:29:28Z,0.4837520561125024
TXN-2026-02151,67.6,ecom,TELECOM,2026-07-14T00:15:35Z,0.7946548845495292
TXN-2026-02152,15.04,ecom,PHARMACY,2026-06-01T09:21:01Z,0.165625493593045
TXN-2026-02153,18.11,transfer,ONLINE_SERVICES,2026-07-14T21:14:52Z,0.022434508779714726
TXN-2026-02154,567.09,pos,ELECTRONICS,2026-06-07T03:09:15Z,0.6952252713578776
TXN-2026-02155,55.04,atm,HOME_GOODS,2026-07-24T21:24:57Z,0.32742757960008884
TXN-2026-02156,77.77,ecom,ENTERTAINMENT,2026-07-16T21:22:22Z,0.3706904757156929
TXN-2026-02157,84.97,atm,HOME_GOODS,2026-07-01T21:57:59Z,0.3750726823996157
TXN-2026-02158,483.39,atm,RESTAURANT,2026-07-30T13:08:30Z,0.6840430512402919
TXN-2026-02159,38.21,pos,HOME_GOODS,2026-06-28T23:46:48Z,0.06283857716212585
TXN-2026-02160,22.25,pos,FUEL,2026-06-08T16:50:41Z,0.10040776559630514
TXN-2026-02161,209.26,ecom,ELECTRONICS,2026-06-02T07:59:39Z,0.43585142718220204
TXN-2026-02162,25.07,transfer,FASHION,2026-07-17T19:52:37Z,0.01602444510217229
TXN-2026-02163,12.68,ecom,ELECTRONICS,2026-07-23T16:58:35Z,0.18231703402685723
TXN-2026-02164,68.87,ecom,UTILITIES,2026-07-09T07:25:19Z,0.33435179002808646
TXN-2026-02165,30.77,pos,RESTAURANT,2026-07-20T11:28:24Z,0.08243561404723497
TXN-2026-02166,42.66,pos,PHARMACY,2026-07-28T02:33:54Z,0.3630988248048472
TXN-2026-02167,209.1,atm,UTILITIES,2026-07-08T15:30:07Z,0.5738830927759714
TXN-2026-02168,205.33,ecom,ELECTRONICS,2026-07-21T10:51:04Z,0.4412835041838986
TXN-2026-02169,820.69,ecom,ELECTRONICS,2026-07-02T07:52:39Z,0.6007802619928777
TXN-2026-02170,52.59,pos,ONLINE_SERVICES,2026-06-28T15:07:49Z,0.07617507263502844
TXN-2026-02171,36.01,pos,FASHION,2026-07-10T23:05:23Z,0.04448068887659549
TXN-2026-02172,170.16,pos,EDUCATION,2026-07-22T16:15:35Z,0.16532587824180323
TXN-2026-02173,212.43,atm,TRAVEL,2026-06-29T12:03:15Z,0.5732063996481268
TXN-2026-02174,38.15,ecom,RESTAURANT,2026-06-30T21:22:19Z,0.32324118826404163
TXN-2026-02175,473.27,pos,RESTAURANT,2026-06-29T05:04:03Z,0.721628537983397
TXN-2026-02176,81.63,pos,ELECTRONICS,2026-06-01T03:15:34Z,0.4704367246441614
TXN-2026-02177,57.78,pos,HEALTHCARE,2026-07-20T20:26:14Z,0.10697499894941835
TXN-2026-02178,140.78,ecom,UTILITIES,2026-06-25T19:00:29Z,0.4458990231218314
TXN-2026-02179,111.79,pos,FASHION,2026-06-04T15:58:00Z,0.06878190645486126
TXN-2026-02180,2212.17,ecom,HOME_GOODS,2026-07-13T17:53:38Z,0.6620280267657945
TXN-2026-02181,1276.14,atm,TELECOM,2026-07-10T08:51:41Z,0.7556141567630924
TXN-2026-02182,24.09,pos,ENTERTAINMENT,2026-06-22T12:52:07Z,0.06616988316764379
TXN-2026-02183,443.47,ecom,ELECTRONICS,2026-07-03T13:48:09Z,0.5425767098867643
TXN-2026-02184,24.89,pos,HEALTHCARE,2026-07-30T14:34:14Z,0.07006538343983192
TXN-2026-02185,139.96,atm,JEWELRY,2026-06-03T05:46:08Z,0.8951709189301166
TXN-2026-02186,52.85,pos,EDUCATION,2026-07-02T13:13:46Z,0.09831609618791537
TXN-2026-02187,112.27,pos,ELECTRONICS,2026-07-13T03:23:11Z,0.5089716599489608
TXN-2026-02188,19.83,transfer,HEALTHCARE,2026-06-27T08:30:01Z,0.026810038496897004
TXN-2026-02189,415.01,ecom,ENTERTAINMENT,2026-07-06T17:49:14Z,0.5604702989410463
TXN-2026-02190,414.78,ecom,ONLINE_SERVICES,2026-07-17T07:44:53Z,0.4719212816357192
TXN-2026-02191,9.51,transfer,ONLINE_SERVICES,2026-07-01T01:24:21Z,0.10220012388931694
TXN-2026-02192,13.78,pos,HEALTHCARE,2026-06-11T04:32:10Z,0.29698756889090133
TXN-2026-02193,486.34,pos,ONLINE_SERVICES,2026-07-01T10:43:28Z,0.18728155864045395
TXN-2026-02194,195.69,ecom,ONLINE_SERVICES,2026-07-30T04:06:31Z,0.8309879217460358
TXN-2026-02195,9.87,pos,HEALTHCARE,2026-07-13T03:57:00Z,0.26455670310015905
TXN-2026-02196,117.51,atm,HOME_GOODS,2026-06-27T06:53:06Z,0.37520499250581846
TXN-2026-02197,112.42,ecom,EDUCATION,2026-06-20T19:26:13Z,0.41950381083843397
TXN-2026-02198,459.21,ecom,HEALTHCARE,2026-07-27T18:03:25Z,0.5812880095829956
TXN-2026-02199,18.16,pos,ENTERTAINMENT,2026-07-15T05:07:24Z,0.3209385043687944
TXN-2026-02200,18.76,atm,RESTAURANT,2026-07-04T10:17:37Z,0.3049553933914795
TXN-2026-02201,101.24,ecom,ONLINE_SERVICES,2026-07-04T10:32:14Z,0.3170523177764611
TXN-2026-02202,290.61,ecom,TELECOM,2026-06-08T04:30:54Z,0.8911762104022605
TXN-2026-02203,9.67,transfer,PHARMACY,2026-07-18T05:20:35Z,0.11334356855022058
TXN-2026-02204,123.39,atm,TELECOM,2026-07-15T17:25:14Z,0.5208439743504861
TXN-2026-02205,20.99,pos,RESTAURANT,2026-07-20T01:38:15Z,0.35629790808290135
TXN-2026-02206,585.73,ecom,PHARMACY,2026-07-12T18:27:44Z,0.5591319116315455
TXN-2026-02207,354.24,pos,HEALTHCARE,2026-07-15T03:29:30Z,0.6644474912771928
TXN-2026-02208,60.29,transfer,FUEL,2026-07-27T06:13:39Z,0.06537417252440043
TXN-2026-02209,35.48,pos,UTILITIES,2026-06-01T22:58:11Z,0.08994436739479703
TXN-2026-02210,458.94,pos,HOME_GOODS,2026-07-24T23:14:51Z,0.18273966576844083
TXN-2026-02211,45.79,pos,TELECOM,2026-07-19T17:55:54Z,0.09766334580883382
TXN-2026-02212,8.39,pos,HEALTHCARE,2026-07-19T11:00:44Z,0.04257061453701332
TXN-2026-02213,127.77,ecom,JEWELRY,2026-06-22T13:17:00Z,0.42973463508320964
TXN-2026-02214,93.9,pos,JEWELRY,2026-06-13T14:02:20Z,0.1316888774855742
TXN-2026-02215,380.27,ecom,JEWELRY,2026-07-26T02:42:57Z,0.9034206882529815
TXN-2026-02216,12.77,pos,ONLINE_SERVICES,2026-07-08T05:02:40Z,0.23830814146401452
TXN-2026-02217,170.65,transfer,FUEL,2026-07-07T11:14:14Z,0.10869792116261569
TXN-2026-02218,24.55,atm,UTILITIES,2026-07-24T19:50:14Z,0.33376626941615634
TXN-2026-02219,6.81,pos,UTILITIES,2026-06-18T13:12:12Z,0.04061487591370398
TXN-2026-02220,80.62,pos,PHARMACY,2026-07-10T08:46:02Z,0.09146830744311656
TXN-2026-02221,484.78,pos,ONLINE_SERVICES,2026-06-22T00:28:17Z,0.6292207344706583
TXN-2026-02222,474.11,ecom,PHARMACY,2026-07-04T19:23:38Z,0.5361489171650267
TXN-2026-02223,502.56,atm,ONLINE_SERVICES,2026-06-21T06:20:38Z,0.5830073542085628
TXN-2026-02224,243.98,pos,ELECTRONICS,2026-06-01T01:48:37Z,0.5968527566184302
TXN-2026-02225,249.97,transfer,HEALTHCARE,2026-07-13T12:33:27Z,0.08845935043077867
TXN-2026-02226,85.98,ecom,ENTERTAINMENT,2026-07-12T00:55:55Z,0.8026157379482444
TXN-2026-02227,23.82,pos,EDUCATION,2026-07-21T22:59:28Z,0.07578229702111879
TXN-2026-02228,28.61,pos,HEALTHCARE,2026-06-05T17:46:32Z,0.076652595821162
TXN-2026-02229,229.13,ecom,HEALTHCARE,2026-07-15T06:23:39Z,0.4660255267329238
TXN-2026-02230,18.69,pos,TELECOM,2026-06-27T13:54:45Z,0.06365065279877523
TXN-2026-02231,18.46,transfer,TELECOM,2026-06-05T15:53:44Z,0.029011357433497854
TXN-2026-02232,194.59,pos,GROCERY,2026-07-26T21:54:15Z,0.17855190630857398
TXN-2026-02233,37.56,ecom,EDUCATION,2026-07-19T07:33:41Z,0.2733443307726951
TXN-2026-02234,37.48,atm,HOME_GOODS,2026-06-21T16:22:14Z,0.2777032449031013
TXN-2026-02235,182.78,ecom,FUEL,2026-07-22T19:41:13Z,0.5779113524402174
TXN-2026-02236,144.05,atm,TRAVEL,2026-06-25T15:03:57Z,0.5342731915698401
TXN-2026-02237,44.06,pos,FASHION,2026-07-11T19:16:25Z,0.0468575903626692
TXN-2026-02238,29.63,pos,TRAVEL,2026-07-14T13:05:30Z,0.07778335529729287
TXN-2026-02239,38.6,pos,PHARMACY,2026-06-12T21:26:56Z,0.07488080651107604
TXN-2026-02240,157.02,pos,PHARMACY,2026-07-28T17:58:56Z,0.1325265256028589
TXN-2026-02241,87.46,ecom,UTILITIES,2026-06-19T16:45:21Z,0.3824186595400778
TXN-2026-02242,10.3,ecom,EDUCATION,2026-06-02T07:30:24Z,0.17106173690165705
TXN-2026-02243,68.66,pos,HOME_GOODS,2026-06-06T09:38:28Z,0.07127983550976799
TXN-2026-02244,312.38,pos,ENTERTAINMENT,2026-06-14T01:39:37Z,0.6401045074781526
TXN-2026-02245,50.71,pos,FUEL,2026-07-03T04:15:47Z,0.5438024686918931
TXN-2026-02246,29.48,transfer,EDUCATION,2026-06-24T07:21:11Z,0.03247671654316425
TXN-2026-02247,14.32,transfer,UTILITIES,2026-07-25T18:47:05Z,0.026145251136643576
TXN-2026-02248,881.08,ecom,EDUCATION,2026-06-05T02:38:44Z,0.931102459961247
TXN-2026-02249,71.19,ecom,HEALTHCARE,2026-06-20T23:19:30Z,0.3714747500412436
TXN-2026-02250,105.95,ecom,UTILITIES,2026-06-01T08:46:29Z,0.38464233406952025
TXN-2026-02251,340.16,atm,HEALTHCARE,2026-07-16T04:23:25Z,0.9243122658679803
TXN-2026-02252,589.76,ecom,FASHION,2026-07-15T07:00:46Z,0.3977870913202953
TXN-2026-02253,181.89,pos,ENTERTAINMENT,2026-06-28T05:58:09Z,0.5876141928572511
TXN-2026-02254,81.17,pos,ELECTRONICS,2026-06-20T15:19:28Z,0.10924499792359559
TXN-2026-02255,46.94,ecom,PHARMACY,2026-07-26T09:52:08Z,0.25324312882306615
TXN-2026-02256,25.95,pos,GROCERY,2026-07-12T07:53:22Z,0.06649951187181279
TXN-2026-02257,27.91,pos,RESTAURANT,2026-06-24T02:32:43Z,0.3900256179979452
TXN-2026-02258,222.4,pos,FASHION,2026-06-06T11:13:39Z,0.09005489694930041
TXN-2026-02259,484.65,atm,EDUCATION,2026-07-04T09:45:56Z,0.6562467522989006
TXN-2026-02260,42.73,transfer,PHARMACY,2026-07-27T03:24:29Z,0.19974530606929206
TXN-2026-02261,234.14,pos,JEWELRY,2026-07-06T22:48:02Z,0.204431732716162
TXN-2026-02262,110.78,atm,HOME_GOODS,2026-07-16T19:52:11Z,0.4006025577170673
TXN-2026-02263,1683.72,ecom,RESTAURANT,2026-06-07T05:04:32Z,0.9542141398391654
TXN-2026-02264,38.7,pos,ELECTRONICS,2026-06-13T07:05:21Z,0.07325357147145282
TXN-2026-02265,168.65,pos,GROCERY,2026-06-29T14:34:05Z,0.15858409920748417
TXN-2026-02266,97.04,pos,ONLINE_SERVICES,2026-06-21T10:29:26Z,0.09516147856906615
TXN-2026-02267,128.95,pos,JEWELRY,2026-07-08T03:09:26Z,0.5635131562740125
TXN-2026-02268,40.98,pos,ELECTRONICS,2026-06-02T01:57:48Z,0.3844977326895798
TXN-2026-02269,368.62,ecom,FUEL,2026-07-11T12:10:41Z,0.64175422057405
TXN-2026-02270,53.95,ecom,UTILITIES,2026-07-30T22:05:47Z,0.3430763726523779
TXN-2026-02271,545.48,ecom,TELECOM,2026-06-09T04:35:40Z,0.9175899914354908
TXN-2026-02272,213.45,pos,GROCERY,2026-06-22T19:31:47Z,0.18212443549995438
TXN-2026-02273,92.31,ecom,ELECTRONICS,2026-07-16T01:21:43Z,0.7997157059942314
TXN-2026-02274,53.64,pos,EDUCATION,2026-06-02T05:50:59Z,0.4526730049999727
TXN-2026-02275,90.21,pos,EDUCATION,2026-06-06T20:32:46Z,0.13178183669095084
TXN-2026-02276,21.02,pos,GROCERY,2026-07-11T11:27:51Z,0.06304116380556032
TXN-2026-02277,49.84,pos,TELECOM,2026-07-29T19:39:53Z,0.10321577369895871
TXN-2026-02278,825.3,transfer,FUEL,2026-06-09T18:01:56Z,0.2205638073248674
TXN-2026-02279,174.74,transfer,ENTERTAINMENT,2026-07-19T14:57:56Z,0.07507652851863628
TXN-2026-02280,454.2,pos,ELECTRONICS,2026-07-25T16:37:51Z,0.22259094108598995
TXN-2026-02281,140.62,pos,HEALTHCARE,2026-07-22T18:46:03Z,0.15280869846482256
TXN-2026-02282,110.54,ecom,ONLINE_SERVICES,2026-07-18T13:30:13Z,0.3332607038099453
TXN-2026-02283,28.75,pos,JEWELRY,2026-07-04T12:52:40Z,0.07767307285622442
TXN-2026-02284,437.84,pos,TELECOM,2026-06-12T05:33:57Z,0.7003279166409143
TXN-2026-02285,57.78,pos,GROCERY,2026-06-22T13:34:46Z,0.09995639750961688
TXN-2026-02286,18.04,ecom,JEWELRY,2026-06-15T15:17:46Z,0.23199243338107886
TXN-2026-02287,16.23,pos,RESTAURANT,2026-07-28T11:43:50Z,0.06244393355065231
TXN-2026-02288,169.06,ecom,FASHION,2026-06-18T02:43:04Z,0.7362450593956466
TXN-2026-02289,463.12,pos,ELECTRONICS,2026-07-21T19:39:31Z,0.22972810272744798
TXN-2026-02290,266.09,ecom,PHARMACY,2026-06-23T20:27:19Z,0.46842757858799067
TXN-2026-02291,41.79,pos,EDUCATION,2026-06-12T01:53:07Z,0.4130966355520085
TXN-2026-02292,223.68,atm,PHARMACY,2026-06-10T05:59:17Z,0.890837404872025
TXN-2026-02293,105.99,pos,UTILITIES,2026-06-27T17:03:36Z,0.1370342010600495
TXN-2026-02294,122.87,transfer,EDUCATION,2026-06-03T08:00:50Z,0.06309710290184686
TXN-2026-02295,313.47,atm,ENTERTAINMENT,2026-07-27T16:25:25Z,0.6130287766633623
TXN-2026-02296,220.75,pos,FUEL,2026-07-08T04:57:25Z,0.7084416074747126
TXN-2026-02297,147.17,ecom,TRAVEL,2026-06-22T23:13:25Z,0.4667648766055372
TXN-2026-02298,186.9,pos,JEWELRY,2026-06-29T23:40:59Z,0.18875861642662137
TXN-2026-02299,166.7,transfer,HEALTHCARE,2026-06-16T00:43:31Z,0.3652969616275749
TXN-2026-02300,33.53,pos,TELECOM,2026-06-17T06:38:23Z,0.07678718847612782
TXN-2026-02301,69.68,pos,ONLINE_SERVICES,2026-07-13T18:44:36Z,0.08876585729757122
TXN-2026-02302,114.32,pos,TRAVEL,2026-06-20T03:50:19Z,0.5433549579679651
TXN-2026-02303,1139.93,ecom,JEWELRY,2026-07-04T20:21:42Z,0.702078454117571
TXN-2026-02304,69.76,pos,EDUCATION,2026-06-20T23:39:16Z,0.12151219073247052
TXN-2026-02305,72.64,ecom,PHARMACY,2026-06-01T18:17:49Z,0.31484804055551957
TXN-2026-02306,29.19,pos,HOME_GOODS,2026-07-08T14:29:07Z,0.050978080045883535
TXN-2026-02307,547.17,ecom,RESTAURANT,2026-06-17T07:42:04Z,0.6001383362175913
TXN-2026-02308,274.32,transfer,ENTERTAINMENT,2026-06-17T03:14:21Z,0.4246237710481361
TXN-2026-02309,102.41,pos,RESTAURANT,2026-06-16T04:34:23Z,0.5491153435860043
TXN-2026-02310,138.97,ecom,ONLINE_SERVICES,2026-07-24T15:23:59Z,0.36318839426427474
TXN-2026-02311,195.17,atm,FASHION,2026-06-13T13:10:15Z,0.37119877798164364
TXN-2026-02312,6.51,pos,ELECTRONICS,2026-06-29T20:45:06Z,0.03854335618798451
TXN-2026-02313,24.8,pos,FASHION,2026-06-21T18:21:02Z,0.0357139349487669
TXN-2026-02314,29.31,ecom,FUEL,2026-06-13T19:52:24Z,0.36183964381195177
TXN-2026-02315,690.95,atm,EDUCATION,2026-07-21T20:17:36Z,0.7179917190396219
TXN-2026-02316,49.17,ecom,JEWELRY,2026-06-26T22:09:07Z,0.34295623744335485
TXN-2026-02317,214.55,pos,UTILITIES,2026-06-16T11:56:43Z,0.17363357262890627
TXN-2026-02318,161.03,ecom,TRAVEL,2026-07-20T02:13:14Z,0.8574274671149006
TXN-2026-02319,226.61,pos,ENTERTAINMENT,2026-07-02T20:19:39Z,0.18468105666299967
TXN-2026-02320,62.35,transfer,PHARMACY,2026-07-07T13:28:49Z,0.03898549997538657
TXN-2026-02321,32.91,pos,GROCERY,2026-07-11T13:53:23Z,0.07821923869094514
TXN-2026-02322,112.07,pos,HOME_GOODS,2026-07-17T15:51:37Z,0.09383594612003769
TXN-2026-02323,144.27,pos,ONLINE_SERVICES,2026-06-17T20:42:10Z,0.12395149371312404
TXN-2026-02324,69.63,transfer,ONLINE_SERVICES,2026-07-07T04:53:21Z,0.22973436619644932
TXN-2026-02325,102.7,ecom,FASHION,2026-06-14T05:23:43Z,0.6933592220519399
TXN-2026-02326,443.83,pos,ELECTRONICS,2026-07-13T22:21:05Z,0.23159596579248012
TXN-2026-02327,99.57,pos,GROCERY,2026-07-08T06:28:53Z,0.11836372311597906
TXN-2026-02328,37.54,atm,FASHION,2026-06-11T00:04:16Z,0.6556220112720337
TXN-2026-02329,33.52,pos,ENTERTAINMENT,2026-06-25T00:12:00Z,0.3743408992119849
TXN-2026-02330,47.44,transfer,GROCERY,2026-06-28T03:34:15Z,0.24392200474804474
TXN-2026-02331,859.62,ecom,HEALTHCARE,2026-06-12T03:31:09Z,0.9295845921030628
TXN-2026-02332,102.49,pos,GROCERY,2026-06-25T18:14:02Z,0.13367451247083295
TXN-2026-02333,68.76,pos,FUEL,2026-07-10T02:25:02Z,0.5747501491607887
TXN-2026-02334,7.18,pos,TELECOM,2026-06-03T18:46:45Z,0.04452685151300991
TXN-2026-02335,134.51,ecom,ONLINE_SERVICES,2026-07-06T02:47:55Z,0.8005174571426932
TXN-2026-02336,68.88,pos,FUEL,2026-06-18T05:07:21Z,0.5825840641404152
TXN-2026-02337,618.39,atm,PHARMACY,2026-06-01T04:11:07Z,0.9298853325280219
TXN-2026-02338,16.03,ecom,EDUCATION,2026-06-24T17:14:48Z,0.21871385125692103
TXN-2026-02339,216.9,pos,RESTAURANT,2026-06-06T15:19:21Z,0.19370703501009104
TXN-2026-02340,280.28,ecom,PHARMACY,2026-07-29T02:09:58Z,0.8598007068266348
TXN-2026-02341,168.44,ecom,ENTERTAINMENT,2026-06-15T10:51:48Z,0.4330765613826894
TXN-2026-02342,117.39,pos,ENTERTAINMENT,2026-06-23T13:32:28Z,0.13265323630230522
TXN-2026-02343,237.62,pos,ELECTRONICS,2026-07-22T07:48:40Z,0.159703621540468
TXN-2026-02344,359.33,ecom,ELECTRONICS,2026-07-24T12:29:29Z,0.5144044577271132
TXN-2026-02345,264.77,atm,TELECOM,2026-07-14T20:42:53Z,0.6191848801097632
TXN-2026-02346,79.48,atm,GROCERY,2026-07-08T13:47:53Z,0.4463564927717405
TXN-2026-02347,161.46,transfer,PHARMACY,2026-07-25T01:37:19Z,0.31717696262007
TXN-2026-02348,16.69,pos,PHARMACY,2026-07-25T09:10:30Z,0.04594095929269852
TXN-2026-02349,123.37,atm,HEALTHCARE,2026-06-07T01:30:36Z,0.8784183029007645
TXN-2026-02350,162.22,pos,UTILITIES,2026-06-30T04:32:36Z,0.5825822265240308
TXN-2026-02351,296.0,pos,UTILITIES,2026-07-25T11:47:26Z,0.19729356297084047
TXN-2026-02352,297.09,ecom,TRAVEL,2026-06-14T16:08:59Z,0.5338955571962942
TXN-2026-02353,208.78,atm,ENTERTAINMENT,2026-07-19T20:13:36Z,0.5753606426620772
TXN-2026-02354,127.22,ecom,TRAVEL,2026-06-23T03:08:35Z,0.8442289087264966
TXN-2026-02355,35.42,transfer,FASHION,2026-07-14T07:03:50Z,0.016640950121051445
TXN-2026-02356,16.37,pos,FUEL,2026-07-16T00:53:54Z,0.4013871463860707
TXN-2026-02357,26.11,pos,TRAVEL,2026-07-27T12:20:49Z,0.07289827532253161
TXN-2026-02358,112.98,pos,ENTERTAINMENT,2026-07-21T12:55:16Z,0.1293520615052407
TXN-2026-02359,211.98,pos,ONLINE_SERVICES,2026-07-04T00:16:10Z,0.5313425917223653
TXN-2026-02360,601.21,ecom,GROCERY,2026-07-22T00:30:35Z,0.9146440266359045
TXN-2026-02361,64.56,ecom,TRAVEL,2026-06-05T15:02:57Z,0.3508197953916076
TXN-2026-02362,343.24,transfer,ONLINE_SERVICES,2026-07-05T15:36:33Z,0.08144869776581634
TXN-2026-02363,28.9,pos,EDUCATION,2026-06-24T13:11:36Z,0.0755873005871763
TXN-2026-02364,36.42,pos,FASHION,2026-07-06T16:00:30Z,0.041693471323686615
TXN-2026-02365,33.38,pos,UTILITIES,2026-07-16T20:48:00Z,0.0859454892918807
TXN-2026-02366,49.01,transfer,ELECTRONICS,2026-07-10T04:42:55Z,0.2331241584752493
TXN-2026-02367,10.54,pos,HEALTHCARE,2026-07-07T14:16:17Z,0.04829418877163506
TXN-2026-02368,97.5,pos,ENTERTAINMENT,2026-06-19T23:34:59Z,0.13431109880387884
TXN-2026-02369,116.11,pos,RESTAURANT,2026-07-05T22:41:00Z,0.16018960011928562
TXN-2026-02370,34.62,pos,ONLINE_SERVICES,2026-07-02T02:17:47Z,0.3255538377015309
TXN-2026-02371,107.01,ecom,ONLINE_SERVICES,2026-07-25T15:42:08Z,0.33440146324116005
TXN-2026-02372,160.42,pos,ELECTRONICS,2026-07-17T23:22:08Z,0.1564683693057158
TXN-2026-02373,209.94,atm,ONLINE_SERVICES,2026-07-01T18:21:32Z,0.5086649887059176
TXN-2026-02374,50.28,transfer,TELECOM,2026-06-28T06:51:38Z,0.04186516620310603
TXN-2026-02375,57.31,pos,TELECOM,2026-06-08T09:58:11Z,0.09981892482468646
TXN-2026-02376,12.81,pos,FUEL,2026-07-04T17:15:44Z,0.08038844853683952
TXN-2026-02377,592.06,ecom,RESTAURANT,2026-07-16T14:30:10Z,0.6265760556255562
TXN-2026-02378,48.09,pos,TELECOM,2026-07-28T14:33:31Z,0.0969765187085327
TXN-2026-02379,50.08,ecom,FASHION,2026-07-14T20:02:53Z,0.1859459910756903
TXN-2026-02380,159.73,pos,JEWELRY,2026-06-09T09:30:37Z,0.15702656967338155
TXN-2026-02381,306.82,ecom,FUEL,2026-07-01T13:08:18Z,0.6233800322264442
TXN-2026-02382,25.12,transfer,HOME_GOODS,2026-07-09T04:59:02Z,0.13778413460500402
TXN-2026-02383,1279.73,ecom,FASHION,2026-06-04T03:43:21Z,0.8833561190176826
TXN-2026-02384,35.57,pos,ENTERTAINMENT,2026-06-20T02:16:31Z,0.3859049159712008
TXN-2026-02385,12.04,pos,FASHION,2026-06-15T06:21:39Z,0.02287006589538313
TXN-2026-02386,351.51,pos,JEWELRY,2026-07-19T20:48:20Z,0.2347603984340734
TXN-2026-02387,24.56,transfer,RESTAURANT,2026-07-29T05:47:19Z,0.21193192838998653
TXN-2026-02388,15.8,pos,RESTAURANT,2026-07-07T01:45:40Z,0.3266986201455031
TXN-2026-02389,61.64,pos,TRAVEL,2026-07-24T23:45:20Z,0.11726459565731844
TXN-2026-02390,65.79,ecom,FASHION,2026-06-26T19:31:38Z,0.20491926264654345
TXN-2026-02391,102.67,transfer,RESTAURANT,2026-06-15T21:36:25Z,0.07148898470555227
TXN-2026-02392,182.7,ecom,UTILITIES,2026-07-15T11:11:32Z,0.4566115334715604
TXN-2026-02393,34.28,pos,RESTAURANT,2026-07-11T21:13:03Z,0.09499288579449319
TXN-2026-02394,70.49,atm,TRAVEL,2026-06-17T00:40:36Z,0.8503413492350502
TXN-2026-02395,272.43,pos,PHARMACY,2026-06-09T07:52:08Z,0.15253083655906707
TXN-2026-02396,517.44,ecom,PHARMACY,2026-07-25T15:03:51Z,0.5363904987740932
TXN-2026-02397,119.48,ecom,PHARMACY,2026-07-08T19:10:23Z,0.3713781255715675
TXN-2026-02398,26.95,ecom,HOME_GOODS,2026-07-04T02:37:05Z,0.6177285239578598
TXN-2026-02399,1914.9,ecom,ONLINE_SERVICES,2026-06-21T11:31:07Z,0.6629838201708159
TXN-2026-02400,61.95,transfer,UTILITIES,2026-07-21T13:07:47Z,0.04840782752569243
TXN-2026-02401,659.53,ecom,TELECOM,2026-06-21T04:00:55Z,0.9243351803969956
TXN-2026-02402,28.42,pos,FASHION,2026-07-06T21:24:32Z,0.03915333500791273
TXN-2026-02403,350.58,ecom,HEALTHCARE,2026-06-07T01:46:13Z,0.8929812593484995
TXN-2026-02404,162.44,ecom,ELECTRONICS,2026-06-18T12:42:07Z,0.4184637040170487
TXN-2026-02405,82.29,ecom,HEALTHCARE,2026-07-14T11:59:26Z,0.35868032434008545
TXN-2026-02406,161.03,ecom,PHARMACY,2026-07-01T05:33:02Z,0.8285124834947376
TXN-2026-02407,16.3,ecom,JEWELRY,2026-07-26T09:28:09Z,0.21306375333121463
TXN-2026-02408,82.19,pos,ENTERTAINMENT,2026-07-16T00:34:14Z,0.47916713318275134
TXN-2026-02409,75.35,ecom,ONLINE_SERVICES,2026-06-23T09:38:35Z,0.2848328162590389
TXN-2026-02410,56.82,pos,ENTERTAINMENT,2026-07-17T13:28:23Z,0.09724160014764306
TXN-2026-02411,36.01,pos,GROCERY,2026-06-24T12:13:19Z,0.08058453626816654
TXN-2026-02412,180.52,ecom,RESTAURANT,2026-07-17T01:08:22Z,0.8704957648508864
TXN-2026-02413,59.7,ecom,ENTERTAINMENT,2026-07-15T17:30:06Z,0.3321567301432523
TXN-2026-02414,19.96,ecom,UTILITIES,2026-06-09T11:52:18Z,0.2251671378370524
TXN-2026-02415,156.97,transfer,JEWELRY,2026-07-06T06:36:54Z,0.07192787341481022
TXN-2026-02416,49.1,ecom,ENTERTAINMENT,2026-06-26T06:00:12Z,0.2876015679095521
TXN-2026-02417,79.88,ecom,FASHION,2026-06-20T19:59:14Z,0.2205960945422044
TXN-2026-02418,109.47,pos,ENTERTAINMENT,2026-06-18T13:48:24Z,0.12880458270717474
TXN-2026-02419,95.91,pos,PHARMACY,2026-06-11T04:15:02Z,0.46230983535427456
TXN-2026-02420,170.39,pos,FUEL,2026-07-25T03:11:23Z,0.6794804289433866
TXN-2026-02421,214.63,transfer,HOME_GOODS,2026-07-03T00:21:04Z,0.3009053990619026
TXN-2026-02422,345.02,ecom,ELECTRONICS,2026-06-09T15:33:35Z,0.517268697951668
TXN-2026-02423,109.5,atm,FUEL,2026-07-06T09:19:19Z,0.5806281010544975
TXN-2026-02424,52.95,ecom,TRAVEL,2026-06-26T06:46:04Z,0.30903129894595505
TXN-2026-02425,150.12,transfer,HOME_GOODS,2026-07-05T01:44:09Z,0.26767496750325526
TXN-2026-02426,126.61,transfer,EDUCATION,2026-06-25T02:01:16Z,0.34447438194691354
TXN-2026-02427,283.23,atm,EDUCATION,2026-06-21T12:42:43Z,0.6024918895162359
TXN-2026-02428,309.77,ecom,UTILITIES,2026-06-03T07:16:05Z,0.5103640964494893
TXN-2026-02429,70.83,ecom,FASHION,2026-06-08T14:55:37Z,0.2022334050118467
TXN-2026-02430,595.85,ecom,FUEL,2026-06-19T21:52:32Z,0.7132578954450447
TXN-2026-02431,65.46,atm,FUEL,2026-07-19T04:29:20Z,0.8935020628781736
TXN-2026-02432,456.55,ecom,GROCERY,2026-07-10T20:37:39Z,0.5850188452554012
TXN-2026-02433,56.96,pos,HEALTHCARE,2026-06-01T12:01:14Z,0.09864832754355411
TXN-2026-02434,174.7,pos,ELECTRONICS,2026-06-23T15:59:25Z,0.15100746843570387
TXN-2026-02435,87.03,ecom,UTILITIES,2026-06-07T05:20:14Z,0.8184834568562173
TXN-2026-02436,7.69,pos,FASHION,2026-06-26T14:38:19Z,0.02043473582361326
TXN-2026-02437,317.86,pos,EDUCATION,2026-06-30T00:48:04Z,0.6504101291982946
TXN-2026-02438,136.11,atm,UTILITIES,2026-06-20T19:12:51Z,0.5326186126091492
TXN-2026-02439,143.4,pos,ONLINE_SERVICES,2026-06-04T01:17:39Z,0.4864714288879813
TXN-2026-02440,34.23,pos,ELECTRONICS,2026-06-29T08:14:14Z,0.07006089531893808
TXN-2026-02441,65.52,pos,TRAVEL,2026-07-23T06:46:14Z,0.10279840114642733
TXN-2026-02442,178.91,pos,ONLINE_SERVICES,2026-06-12T12:40:25Z,0.12626866845691057
TXN-2026-02443,135.38,ecom,HOME_GOODS,2026-06-30T06:36:55Z,0.308840087157142
TXN-2026-02444,119.64,pos,ENTERTAINMENT,2026-07-29T06:50:47Z,0.12548276285092863
TXN-2026-02445,120.28,pos,ENTERTAINMENT,2026-06-30T21:05:16Z,0.14399961746245643
TXN-2026-02446,5.52,atm,TELECOM,2026-06-28T00:23:23Z,0.637912836788789
TXN-2026-02447,32.23,pos,HEALTHCARE,2026-06-02T12:44:51Z,0.0769552445023399
TXN-2026-02448,269.72,pos,RESTAURANT,2026-07-09T14:00:06Z,0.20909997180092021
TXN-2026-02449,265.25,ecom,FASHION,2026-07-24T03:46:34Z,0.7783808516563355
TXN-2026-02450,31.56,transfer,PHARMACY,2026-07-25T20:03:21Z,0.030549912710307738
TXN-2026-02451,906.01,atm,EDUCATION,2026-07-18T01:05:52Z,0.95125824896878
TXN-2026-02452,67.9,atm,ENTERTAINMENT,2026-06-17T23:39:40Z,0.4477949610660006
TXN-2026-02453,161.34,ecom,JEWELRY,2026-06-25T18:39:03Z,0.4706684699962948
TXN-2026-02454,82.18,transfer,ELECTRONICS,2026-07-27T14:40:15Z,0.05020687075821804
TXN-2026-02455,219.91,pos,ELECTRONICS,2026-06-09T04:01:26Z,0.5922006299375955
TXN-2026-02456,142.75,atm,ELECTRONICS,2026-07-11T20:45:14Z,0.5139623467652831
TXN-2026-02457,61.69,pos,RESTAURANT,2026-07-29T20:39:37Z,0.12096108387680606
TXN-2026-02458,39.49,pos,HOME_GOODS,2026-07-07T21:04:45Z,0.06253613298610727
TXN-2026-02459,380.33,atm,UTILITIES,2026-07-27T19:15:29Z,0.6527189778555776
TXN-2026-02460,15.74,transfer,PHARMACY,2026-07-19T08:16:19Z,0.019686077913786872
TXN-2026-02461,165.28,ecom,FUEL,2026-07-27T03:04:19Z,0.9003293843767146
TXN-2026-02462,77.85,pos,HEALTHCARE,2026-07-02T15:05:53Z,0.11603940226560412
TXN-2026-02463,21.93,pos,UTILITIES,2026-07-01T19:03:10Z,0.07091415490557959
TXN-2026-02464,138.6,ecom,FASHION,2026-06-12T23:25:25Z,0.27818467243636674
TXN-2026-02465,211.18,atm,TRAVEL,2026-07-10T18:36:31Z,0.5877457415774978
TXN-2026-02466,43.79,pos,HOME_GOODS,2026-07-08T10:48:22Z,0.05881201333454087
TXN-2026-02467,30.6,pos,UTILITIES,2026-07-30T14:00:13Z,0.07813188296620002
TXN-2026-02468,5.35,transfer,ENTERTAINMENT,2026-06-14T06:01:50Z,0.01450107722703127
TXN-2026-02469,152.53,ecom,ONLINE_SERVICES,2026-07-29T05:51:07Z,0.8148585645958617
TXN-2026-02470,48.97,ecom,ELECTRONICS,2026-07-16T13:22:48Z,0.289396210207507
TXN-2026-02471,41.35,ecom,HOME_GOODS,2026-07-05T15:16:53Z,0.21691508752659147
TXN-2026-02472,45.53,ecom,HEALTHCARE,2026-07-11T12:20:04Z,0.29828662911600157
TXN-2026-02473,14.51,transfer,TELECOM,2026-07-10T09:44:34Z,0.024502125557774517
TXN-2026-02474,15.17,pos,GROCERY,2026-06-29T04:08:15Z,0.30567991680602463
TXN-2026-02475,44.6,transfer,UTILITIES,2026-07-23T20:17:12Z,0.04465169256322573
TXN-2026-02476,132.7,pos,FUEL,2026-07-06T00:55:38Z,0.6453392829491991
TXN-2026-02477,221.8,ecom,HOME_GOODS,2026-06-20T00:15:13Z,0.8137378007518203
TXN-2026-02478,50.93,pos,GROCERY,2026-06-17T18:29:00Z,0.09919808211513799
TXN-2026-02479,20.3,pos,UTILITIES,2026-06-10T18:26:53Z,0.06791091750034538
TXN-2026-02480,49.06,pos,PHARMACY,2026-07-16T13:06:46Z,0.07707193197393022
TXN-2026-02481,22.74,ecom,HEALTHCARE,2026-07-06T01:20:32Z,0.6906460972969203
TXN-2026-02482,29.05,pos,PHARMACY,2026-07-26T21:12:38Z,0.06604964535754958
TXN-2026-02483,24.9,pos,PHARMACY,2026-07-24T05:29:28Z,0.3130104837659866
TXN-2026-02484,78.31,transfer,FASHION,2026-06-16T00:16:58Z,0.15856888669516828
TXN-2026-02485,149.89,pos,EDUCATION,2026-07-09T07:23:44Z,0.14496458328947368
TXN-2026-02486,92.87,ecom,TRAVEL,2026-06-21T14:31:38Z,0.38929263259889035
TXN-2026-02487,42.56,pos,HEALTHCARE,2026-06-27T04:28:55Z,0.4175183662807851
TXN-2026-02488,232.85,pos,FUEL,2026-07-04T18:29:58Z,0.26063366036950336
TXN-2026-02489,10.61,pos,RESTAURANT,2026-07-09T12:03:00Z,0.05256588274961899
TXN-2026-02490,360.97,ecom,TRAVEL,2026-07-27T16:37:39Z,0.5574374774267833
TXN-2026-02491,7.86,ecom,HEALTHCARE,2026-07-09T20:30:36Z,0.17032534894600793
TXN-2026-02492,342.03,ecom,TELECOM,2026-07-14T15:47:34Z,0.5484641753949676
TXN-2026-02493,84.7,atm,JEWELRY,2026-07-05T08:49:15Z,0.45761164780454255
TXN-2026-02494,213.58,ecom,TELECOM,2026-07-01T07:31:37Z,0.4704201859122806
TXN-2026-02495,324.75,ecom,HOME_GOODS,2026-07-25T01:28:25Z,0.8416722265538702
TXN-2026-02496,87.45,atm,PHARMACY,2026-07-20T14:53:22Z,0.4096684793855077
TXN-2026-02497,214.27,ecom,TELECOM,2026-07-04T10:40:40Z,0.47861402675939957
TXN-2026-02498,25.22,atm,FUEL,2026-06-29T16:48:14Z,0.4242653332594959
TXN-2026-02499,101.52,ecom,FASHION,2026-07-24T22:13:03Z,0.24695302901441313
TXN-2026-02500,204.4,ecom,FUEL,2026-07-13T00:41:40Z,0.9066119714807055
TXN-2026-02501,132.76,pos,HEALTHCARE,2026-06-01T07:57:12Z,0.13523956745161872
TXN-2026-02502,168.97,pos,EDUCATION,2026-06-11T14:15:20Z,0.16200345424516116
TXN-2026-02503,71.05,pos,TRAVEL,2026-06-28T19:21:56Z,0.12006095433276533
TXN-2026-02504,41.17,pos,HEALTHCARE,2026-06-20T08:59:59Z,0.08244130863781152
TXN-2026-02505,18.13,pos,ONLINE_SERVICES,2026-06-06T20:09:30Z,0.04986796568255512
TXN-2026-02506,373.19,ecom,ELECTRONICS,2026-06-10T17:41:15Z,0.5320181488773363
TXN-2026-02507,273.26,pos,GROCERY,2026-06-21T10:37:21Z,0.18609899679336295
TXN-2026-02508,535.63,ecom,FUEL,2026-07-14T09:59:50Z,0.6756977882674605
TXN-2026-02509,124.85,ecom,ONLINE_SERVICES,2026-06-12T22:47:52Z,0.36805833064214627
TXN-2026-02510,19.66,ecom,HOME_GOODS,2026-06-02T05:43:11Z,0.5898575201294207
TXN-2026-02511,1844.4,pos,ENTERTAINMENT,2026-06-02T23:04:21Z,0.39414157360930246
TXN-2026-02512,44.67,ecom,RESTAURANT,2026-06-30T13:38:30Z,0.32147353260966915
TXN-2026-02513,234.44,ecom,EDUCATION,2026-07-18T20:54:53Z,0.5107187369273944
TXN-2026-02514,108.3,atm,ONLINE_SERVICES,2026-06-06T05:11:58Z,0.8429013742327092
TXN-2026-02515,112.68,ecom,UTILITIES,2026-06-12T14:49:03Z,0.4067405807248598
TXN-2026-02516,167.42,ecom,JEWELRY,2026-06-11T17:59:09Z,0.4725511402732768
TXN-2026-02517,413.04,ecom,GROCERY,2026-06-17T13:45:26Z,0.5551546214855004
TXN-2026-02518,452.81,ecom,GROCERY,2026-07-15T00:41:27Z,0.9032009391571472
TXN-2026-02519,22.54,pos,ENTERTAINMENT,2026-07-15T08:30:31Z,0.06180443041397832
TXN-2026-02520,109.74,ecom,FASHION,2026-06-30T01:27:05Z,0.6913160850259311
TXN-2026-02521,217.53,ecom,EDUCATION,2026-06-10T12:43:46Z,0.4807545809834582
TXN-2026-02522,23.78,pos,PHARMACY,2026-07-12T16:27:02Z,0.05756832285345294
TXN-2026-02523,317.93,pos,HOME_GOODS,2026-06-20T15:55:36Z,0.14673634145202086
TXN-2026-02524,62.74,ecom,TELECOM,2026-07-19T08:08:35Z,0.3314124833470622
TXN-2026-02525,173.9,atm,ELECTRONICS,2026-07-10T17:43:16Z,0.5300925821170456
TXN-2026-02526,381.44,pos,GROCERY,2026-07-14T12:31:55Z,0.2155050074991598
TXN-2026-02527,30.01,transfer,ENTERTAINMENT,2026-07-06T18:23:46Z,0.03495798441844995
TXN-2026-02528,89.92,ecom,FASHION,2026-06-21T02:05:02Z,0.6726609449128903
TXN-2026-02529,40.12,ecom,GROCERY,2026-06-19T18:30:10Z,0.29817014598877634
TXN-2026-02530,535.3,transfer,TRAVEL,2026-06-24T19:50:38Z,0.13621278514998228
TXN-2026-02531,195.52,ecom,HOME_GOODS,2026-07-26T23:28:47Z,0.38947197646493376
TXN-2026-02532,193.11,pos,FUEL,2026-07-19T23:16:42Z,0.2531968650773842
TXN-2026-02533,49.97,ecom,ENTERTAINMENT,2026-07-20T19:49:14Z,0.31798547993339255
TXN-2026-02534,580.49,ecom,EDUCATION,2026-06-25T17:07:47Z,0.6115561321880503
TXN-2026-02535,49.66,atm,ENTERTAINMENT,2026-07-22T11:33:19Z,0.3810310321379465
TXN-2026-02536,458.64,ecom,JEWELRY,2026-06-11T09:47:02Z,0.5738945988976132
TXN-2026-02537,57.03,ecom,RESTAURANT,2026-06-16T10:09:28Z,0.34048434522443605
TXN-2026-02538,742.14,ecom,GROCERY,2026-07-22T22:55:04Z,0.6460024293026679
TXN-2026-02539,200.92,transfer,PHARMACY,2026-06-05T07:22:52Z,0.06295272643546697
TXN-2026-02540,55.46,pos,UTILITIES,2026-07-12T08:44:59Z,0.0956353670386811
TXN-2026-02541,423.8,pos,ONLINE_SERVICES,2026-07-30T04:00:21Z,0.6236294111465115
TXN-2026-02542,862.22,atm,JEWELRY,2026-06-07T22:39:09Z,0.7513700369199114
TXN-2026-02543,54.41,pos,FASHION,2026-07-08T07:59:29Z,0.04579627768457128
TXN-2026-02544,116.22,ecom,EDUCATION,2026-07-02T10:34:03Z,0.4006965519130668
TXN-2026-02545,13.59,pos,HOME_GOODS,2026-07-04T20:39:29Z,0.038525104245391024
TXN-2026-02546,351.75,pos,FASHION,2026-07-27T00:44:21Z,0.4745884018594008
TXN-2026-02547,108.91,ecom,FASHION,2026-07-09T00:07:09Z,0.6882968453624295
TXN-2026-02548,516.73,ecom,FUEL,2026-06-27T03:58:56Z,0.940277590143294
TXN-2026-02549,706.02,ecom,RESTAURANT,2026-07-13T13:21:39Z,0.6440765258618714
TXN-2026-02550,33.11,pos,GROCERY,2026-07-11T09:15:15Z,0.07546397638338914
TXN-2026-02551,143.69,ecom,TELECOM,2026-07-11T20:10:18Z,0.45620365852299377
TXN-2026-02552,80.12,pos,HOME_GOODS,2026-07-05T05:35:57Z,0.39367363935487465
TXN-2026-02553,76.81,pos,HOME_GOODS,2026-06-25T07:22:27Z,0.07351337304244056
TXN-2026-02554,90.14,pos,HOME_GOODS,2026-06-22T04:04:10Z,0.4048358840241605
TXN-2026-02555,556.35,pos,ONLINE_SERVICES,2026-07-19T09:11:34Z,0.1958335250160694
TXN-2026-02556,16.92,pos,GROCERY,2026-07-24T21:10:52Z,0.06324940815893558
TXN-2026-02557,27.91,pos,GROCERY,2026-06-25T16:27:18Z,0.07491492087298496
TXN-2026-02558,828.07,ecom,FUEL,2026-06-12T15:09:33Z,0.732909471512944
TXN-2026-02559,65.05,transfer,ENTERTAINMENT,2026-06-18T14:05:47Z,0.047884637905135675
TXN-2026-02560,22.1,pos,RESTAURANT,2026-07-23T20:45:23Z,0.07786448688326635
TXN-2026-02561,247.64,pos,EDUCATION,2026-07-12T22:49:02Z,0.20199289567886047
TXN-2026-02562,181.78,ecom,HEALTHCARE,2026-06-09T14:14:47Z,0.4587568820089266
TXN-2026-02563,122.12,pos,TRAVEL,2026-06-22T10:18:58Z,0.13899828066799702
TXN-2026-02564,221.06,atm,ENTERTAINMENT,2026-06-07T13:30:35Z,0.5642851726008362
TXN-2026-02565,62.87,pos,UTILITIES,2026-07-24T10:24:38Z,0.10289098384649492
TXN-2026-02566,89.02,ecom,TELECOM,2026-06-14T05:45:11Z,0.8232162246140021
TXN-2026-02567,62.0,transfer,ENTERTAINMENT,2026-07-14T19:16:20Z,0.0492254662738048
TXN-2026-02568,279.77,ecom,GROCERY,2026-06-14T01:05:08Z,0.8817254041218139
TXN-2026-02569,394.13,pos,HEALTHCARE,2026-07-26T12:09:34Z,0.21867388285249778
TXN-2026-02570,759.92,ecom,PHARMACY,2026-06-05T01:34:43Z,0.9080459518072463
TXN-2026-02571,65.8,pos,ENTERTAINMENT,2026-07-20T14:04:20Z,0.10459252109345941
TXN-2026-02572,360.43,ecom,ENTERTAINMENT,2026-07-28T09:22:31Z,0.5226924737422788
TXN-2026-02573,19.62,pos,UTILITIES,2026-06-09T18:45:40Z,0.06691315733751486
TXN-2026-02574,246.76,pos,TELECOM,2026-06-05T17:14:39Z,0.1965284525858109
TXN-2026-02575,16.24,pos,TELECOM,2026-07-13T16:41:32Z,0.06167099825233498
TXN-2026-02576,150.94,pos,ELECTRONICS,2026-06-06T09:53:58Z,0.13465942804392395
TXN-2026-02577,133.06,pos,EDUCATION,2026-06-25T19:56:16Z,0.15350917778873582
TXN-2026-02578,99.51,atm,TRAVEL,2026-07-23T23:23:43Z,0.510327719062001
TXN-2026-02579,125.38,atm,FASHION,2026-07-24T00:36:16Z,0.7729016824632469
TXN-2026-02580,236.79,atm,TELECOM,2026-07-07T10:37:36Z,0.5811194745009545
TXN-2026-02581,203.53,pos,EDUCATION,2026-06-10T10:19:26Z,0.16874079966473
TXN-2026-02582,396.88,pos,EDUCATION,2026-06-15T08:51:32Z,0.21586393792137748
TXN-2026-02583,268.75,pos,TRAVEL,2026-06-27T02:11:31Z,0.6408617683182674
TXN-2026-02584,80.65,atm,TRAVEL,2026-06-15T01:05:18Z,0.8596894172730617
TXN-2026-02585,382.31,ecom,JEWELRY,2026-07-14T13:19:51Z,0.5623363046774156
TXN-2026-02586,10.15,pos,ONLINE_SERVICES,2026-06-13T10:25:35Z,0.03504045474049796
TXN-2026-02587,273.71,pos,GROCERY,2026-06-05T15:05:00Z,0.1942533284652447
TXN-2026-02588,82.92,atm,ENTERTAINMENT,2026-07-26T00:07:15Z,0.8518900626753182
TXN-2026-02589,25.59,ecom,FUEL,2026-06-17T16:30:49Z,0.3401263347032889
TXN-2026-02590,259.78,ecom,PHARMACY,2026-07-16T20:29:09Z,0.4655165716076214
TXN-2026-02591,74.28,pos,RESTAURANT,2026-07-12T21:47:49Z,0.13199795935716563
TXN-2026-02592,468.05,atm,HOME_GOODS,2026-06-25T06:03:27Z,0.5406579386269655
TXN-2026-02593,211.75,transfer,HOME_GOODS,2026-07-14T19:15:55Z,0.059866238324640685
TXN-2026-02594,7.24,pos,ENTERTAINMENT,2026-07-04T00:50:01Z,0.2289272030408863
TXN-2026-02595,151.38,pos,FASHION,2026-07-05T15:18:18Z,0.07882721921325718
TXN-2026-02596,527.39,ecom,GROCERY,2026-06-10T16:54:56Z,0.5919671177756921
TXN-2026-02597,10.75,pos,HOME_GOODS,2026-06-08T18:26:50Z,0.03409502880950818
TXN-2026-02598,339.87,atm,EDUCATION,2026-07-05T17:58:13Z,0.6357348258303908
TXN-2026-02599,37.69,transfer,JEWELRY,2026-06-24T16:19:26Z,0.04143531503313699
TXN-2026-02600,71.66,ecom,HEALTHCARE,2026-07-02T02:08:02Z,0.7958832474362947
TXN-2026-02601,22.64,pos,FUEL,2026-07-03T09:00:32Z,0.09469786379242459
TXN-2026-02602,54.66,pos,ELECTRONICS,2026-06-08T22:19:45Z,0.09832236753911006
TXN-2026-02603,76.49,pos,FUEL,2026-07-18T23:01:50Z,0.1778740543346347
TXN-2026-02604,188.26,pos,PHARMACY,2026-06-26T16:15:24Z,0.14173083672266584
TXN-2026-02605,160.22,pos,TELECOM,2026-07-14T10:17:21Z,0.15560044559032699
TXN-2026-02606,18.95,pos,GROCERY,2026-06-10T07:33:24Z,0.05792893806619344
TXN-2026-02607,760.46,transfer,ENTERTAINMENT,2026-06-25T16:14:34Z,0.1451546459249546
TXN-2026-02608,184.49,atm,UTILITIES,2026-07-20T22:38:36Z,0.5768324481819432
TXN-2026-02609,1137.89,pos,FUEL,2026-07-25T00:15:17Z,0.8384171269968654
TXN-2026-02610,68.71,transfer,HOME_GOODS,2026-06-27T05:51:31Z,0.20698311920711515
TXN-2026-02611,14.66,transfer,FASHION,2026-06-28T18:21:18Z,0.012404318528473932
TXN-2026-02612,313.6,ecom,HOME_GOODS,2026-06-22T05:32:00Z,0.8449340549862918
TXN-2026-02613,62.09,atm,UTILITIES,2026-07-21T09:44:48Z,0.41257282234898585
TXN-2026-02614,179.28,pos,FUEL,2026-07-23T05:27:17Z,0.6893286107643402
TXN-2026-02615,523.95,pos,ENTERTAINMENT,2026-06-09T21:45:39Z,0.2562134866172746
TXN-2026-02616,45.26,ecom,RESTAURANT,2026-07-20T18:19:35Z,0.3343495573181851
TXN-2026-02617,393.05,atm,HOME_GOODS,2026-07-16T11:49:09Z,0.5324334830726415
TXN-2026-02618,2588.79,ecom,ENTERTAINMENT,2026-07-13T15:36:35Z,0.7533758288503422
TXN-2026-02619,369.25,pos,ENTERTAINMENT,2026-07-23T02:21:33Z,0.6610151444652755
TXN-2026-02620,367.19,transfer,UTILITIES,2026-07-07T03:07:26Z,0.4709632842330258
TXN-2026-02621,19.67,ecom,ELECTRONICS,2026-06-30T11:51:19Z,0.20571028755819418
TXN-2026-02622,443.44,pos,HEALTHCARE,2026-07-29T17:54:41Z,0.23798944472458397
TXN-2026-02623,865.34,ecom,HOME_GOODS,2026-06-01T01:30:35Z,0.8955933743345561
TXN-2026-02624,193.02,pos,ELECTRONICS,2026-06-02T17:10:48Z,0.1601188619061921
TXN-2026-02625,245.98,ecom,FUEL,2026-06-28T11:58:46Z,0.5927492147592957
TXN-2026-02626,22.42,transfer,ENTERTAINMENT,2026-07-19T21:33:08Z,0.031552230663075984
TXN-2026-02627,1468.32,pos,EDUCATION,2026-06-02T14:02:51Z,0.3570222871193713
TXN-2026-02628,335.28,ecom,JEWELRY,2026-07-16T22:48:27Z,0.5696667167047965
TXN-2026-02629,192.83,pos,TELECOM,2026-07-03T08:38:09Z,0.16491736567458687
TXN-2026-02630,61.51,pos,FUEL,2026-07-01T09:43:55Z,0.14406557431243613
TXN-2026-02631,10.74,pos,FASHION,2026-06-11T16:06:28Z,0.02408329846170922
TXN-2026-02632,151.01,pos,TELECOM,2026-06-22T04:48:09Z,0.5792823589763871
TXN-2026-02633,213.99,pos,TRAVEL,2026-07-28T08:22:10Z,0.1719567461667371
TXN-2026-02634,107.37,ecom,HEALTHCARE,2026-06-17T01:46:24Z,0.8243173824528368
TXN-2026-02635,153.02,pos,FUEL,2026-06-09T10:45:35Z,0.20909448287177393
TXN-2026-02636,12.16,ecom,GROCERY,2026-06-27T19:59:13Z,0.19735599727387698
TXN-2026-02637,114.73,pos,PHARMACY,2026-07-20T16:14:29Z,0.11490523732780772
TXN-2026-02638,87.14,pos,EDUCATION,2026-06-15T07:45:30Z,0.11530749790991979
TXN-2026-02639,8.91,pos,TELECOM,2026-07-14T03:40:40Z,0.26382059550780596
TXN-2026-02640,20.45,atm,ELECTRONICS,2026-07-28T17:40:59Z,0.2878230786740077
TXN-2026-02641,681.42,ecom,PHARMACY,2026-06-08T15:26:36Z,0.5696077979363589
TXN-2026-02642,64.23,ecom,FASHION,2026-06-20T09:46:53Z,0.18668559577402352
TXN-2026-02643,59.74,ecom,UTILITIES,2026-06-21T06:45:09Z,0.31702082615519056
TXN-2026-02644,53.21,pos,JEWELRY,2026-07-17T04:33:35Z,0.4596375733192225
TXN-2026-02645,782.5,transfer,UTILITIES,2026-07-14T06:05:44Z,0.13966133054101001
TXN-2026-02646,2358.78,ecom,PHARMACY,2026-06-27T11:51:23Z,0.6996053896104937
TXN-2026-02647,454.33,ecom,FUEL,2026-06-26T20:29:14Z,0.6831837006957734
TXN-2026-02648,221.54,atm,HOME_GOODS,2026-06-28T07:09:35Z,0.4523211534671956
TXN-2026-02649,68.8,pos,HOME_GOODS,2026-06-07T10:22:36Z,0.07203903545963043
TXN-2026-02650,130.26,pos,ONLINE_SERVICES,2026-07-09T19:16:39Z,0.11757793016639873
TXN-2026-02651,51.38,pos,PHARMACY,2026-06-24T06:04:30Z,0.0735316190010168
TXN-2026-02652,7.5,pos,HOME_GOODS,2026-07-18T14:13:24Z,0.028085379512648823
TXN-2026-02653,22.55,ecom,ENTERTAINMENT,2026-06-12T05:46:13Z,0.6933361614691587
TXN-2026-02654,118.01,ecom,ELECTRONICS,2026-07-22T03:37:07Z,0.8211828511998567
TXN-2026-02655,28.65,pos,ENTERTAINMENT,2026-07-30T14:49:49Z,0.0727953453056714
TXN-2026-02656,1004.13,pos,FASHION,2026-07-10T21:01:38Z,0.18648551584463202
TXN-2026-02657,52.62,ecom,UTILITIES,2026-07-19T15:52:15Z,0.3241834046362477
TXN-2026-02658,204.78,atm,FASHION,2026-07-27T01:47:49Z,0.8136147947519372
TXN-2026-02659,42.97,pos,TELECOM,2026-06-20T23:28:28Z,0.100535710953912
TXN-2026-02660,36.74,pos,FASHION,2026-06-26T16:20:39Z,0.0418602145193721
TXN-2026-02661,102.16,pos,HOME_GOODS,2026-07-14T12:17:25Z,0.08755728617415133
TXN-2026-02662,84.19,atm,RESTAURANT,2026-07-09T10:11:07Z,0.4727673241500473
TXN-2026-02663,154.74,ecom,GROCERY,2026-06-22T09:26:39Z,0.42592682138819266
TXN-2026-02664,59.77,ecom,GROCERY,2026-06-29T08:29:27Z,0.31663840332597765
TXN-2026-02665,23.03,pos,EDUCATION,2026-07-14T12:44:20Z,0.06778584544828431
TXN-2026-02666,1088.2,transfer,ELECTRONICS,2026-06-03T01:50:53Z,0.5707824018533829
TXN-2026-02667,42.24,pos,JEWELRY,2026-06-26T00:06:52Z,0.42210895619352073
TXN-2026-02668,57.44,atm,GROCERY,2026-07-25T15:12:50Z,0.4131211829915698
TXN-2026-02669,25.67,atm,HOME_GOODS,2026-06-06T11:35:03Z,0.23373137536584784
TXN-2026-02670,350.01,ecom,ONLINE_SERVICES,2026-06-03T11:21:07Z,0.461688539994724
TXN-2026-02671,205.94,ecom,EDUCATION,2026-06-01T17:00:41Z,0.4871217408942154
TXN-2026-02672,218.74,ecom,EDUCATION,2026-07-21T11:01:31Z,0.4788254036426599
TXN-2026-02673,38.73,pos,RESTAURANT,2026-06-09T01:36:55Z,0.42503888481641006
TXN-2026-02674,146.1,ecom,UTILITIES,2026-06-23T12:09:45Z,0.4323552577822412
TXN-2026-02675,374.9,transfer,TRAVEL,2026-07-12T07:58:03Z,0.10469572652505853
TXN-2026-02676,82.09,pos,UTILITIES,2026-07-12T02:34:05Z,0.4955635962826013
TXN-2026-02677,403.37,ecom,ONLINE_SERVICES,2026-06-12T10:22:37Z,0.4763293442915802
TXN-2026-02678,22.07,pos,EDUCATION,2026-07-09T13:35:42Z,0.06718719666079924
TXN-2026-02679,2233.0,atm,HOME_GOODS,2026-06-23T00:22:10Z,0.951034195267103
TXN-2026-02680,109.38,atm,EDUCATION,2026-06-26T08:49:06Z,0.4778803258095034
TXN-2026-02681,18.9,atm,HEALTHCARE,2026-07-29T03:16:02Z,0.7506331692144735
TXN-2026-02682,47.33,pos,ONLINE_SERVICES,2026-07-22T23:21:53Z,0.07852341065735831
TXN-2026-02683,103.92,pos,ONLINE_SERVICES,2026-07-11T17:58:53Z,0.10470628037933714
TXN-2026-02684,186.34,ecom,FASHION,2026-07-10T11:29:59Z,0.28195899471942487
TXN-2026-02685,111.02,ecom,ENTERTAINMENT,2026-06-06T19:51:22Z,0.4066428276867039
TXN-2026-02686,673.92,ecom,JEWELRY,2026-07-01T09:43:45Z,0.6190858566477948
TXN-2026-02687,29.3,pos,ONLINE_SERVICES,2026-07-05T12:27:00Z,0.05701664560678236
TXN-2026-02688,424.27,pos,FUEL,2026-07-11T21:26:30Z,0.32764682017853597
TXN-2026-02689,93.81,ecom,UTILITIES,2026-07-28T11:52:59Z,0.3781199244174156
TXN-2026-02690,32.8,transfer,PHARMACY,2026-06-13T10:09:21Z,0.02810261159183846
TXN-2026-02691,271.81,pos,FUEL,2026-06-07T11:54:03Z,0.26108964866888595
TXN-2026-02692,38.79,transfer,TELECOM,2026-06-06T06:46:07Z,0.0371609806442172
TXN-2026-02693,33.86,pos,UTILITIES,2026-07-17T22:45:07Z,0.08814208732455932
TXN-2026-02694,190.37,pos,FASHION,2026-06-07T08:58:44Z,0.08166356680163911
TXN-2026-02695,934.54,ecom,FASHION,2026-06-13T21:53:40Z,0.48905283031612706
TXN-2026-02696,16.12,pos,HOME_GOODS,2026-06-07T03:27:59Z,0.22904108324022937
TXN-2026-02697,128.21,transfer,JEWELRY,2026-07-26T09:10:26Z,0.0675807697837691
TXN-2026-02698,923.84,atm,FUEL,2026-06-24T16:30:28Z,0.8080882756636601
TXN-2026-02699,56.78,ecom,JEWELRY,2026-07-18T05:08:40Z,0.7931693939991126
TXN-2026-02700,599.29,atm,JEWELRY,2026-07-06T00:21:02Z,0.9427456536418329
TXN-2026-02701,120.32,ecom,ENTERTAINMENT,2026-06-25T12:45:02Z,0.39846592284004567
TXN-2026-02702,103.26,ecom,JEWELRY,2026-06-09T01:40:30Z,0.8307763363006778
TXN-2026-02703,58.45,ecom,ONLINE_SERVICES,2026-07-19T22:08:25Z,0.2875314785645432
TXN-2026-02704,34.79,ecom,FASHION,2026-06-08T00:51:24Z,0.5605353704929082
TXN-2026-02705,43.96,pos,FASHION,2026-06-18T06:13:04Z,0.0411175811148398
TXN-2026-02706,75.16,atm,RESTAURANT,2026-06-18T18:59:28Z,0.4799095757974703
TXN-2026-02707,162.32,pos,RESTAURANT,2026-06-19T09:38:38Z,0.1638688311261814
TXN-2026-02708,175.18,ecom,HOME_GOODS,2026-06-05T23:33:33Z,0.3768413460718897
TXN-2026-02709,103.75,pos,ONLINE_SERVICES,2026-06-17T06:29:27Z,0.094360409680136
TXN-2026-02710,62.37,ecom,GROCERY,2026-06-15T19:20:16Z,0.3465957628696003
TXN-2026-02711,61.53,ecom,TELECOM,2026-06-30T09:29:30Z,0.3316463306869665
TXN-2026-02712,168.69,pos,FUEL,2026-06-01T21:28:24Z,0.2371690311691189
TXN-2026-02713,161.29,atm,UTILITIES,2026-07-24T06:54:54Z,0.5193748962435327
TXN-2026-02714,92.35,atm,TRAVEL,2026-06-14T19:13:12Z,0.4908624651710925
TXN-2026-02715,44.09,ecom,UTILITIES,2026-06-23T07:06:11Z,0.28847385302607287
TXN-2026-02716,85.24,pos,PHARMACY,2026-07-08T17:05:07Z,0.10201522514632533
TXN-2026-02717,178.39,pos,FUEL,2026-07-14T02:30:48Z,0.6820633662455531
TXN-2026-02718,39.48,transfer,EDUCATION,2026-07-04T03:05:44Z,0.23243259756508916
TXN-2026-02719,5.0,atm,HEALTHCARE,2026-06-11T02:39:15Z,0.6236521219567744
TXN-2026-02720,23.05,atm,FUEL,2026-06-22T18:31:11Z,0.41904757217441363
TXN-2026-02721,382.39,ecom,PHARMACY,2026-06-14T09:05:31Z,0.48391137495965036
TXN-2026-02722,167.23,atm,JEWELRY,2026-06-28T15:54:08Z,0.5579827375616071
TXN-2026-02723,9.76,pos,HOME_GOODS,2026-06-22T09:33:00Z,0.02986228500185881
TXN-2026-02724,73.6,pos,FASHION,2026-06-05T08:37:38Z,0.053112019271437994
TXN-2026-02725,61.94,atm,FUEL,2026-07-09T00:19:53Z,0.8868219868830362
TXN-2026-02726,267.15,pos,UTILITIES,2026-07-10T18:24:29Z,0.20096581841124128
TXN-2026-02727,34.95,pos,EDUCATION,2026-06-12T13:19:14Z,0.08213149365789223
TXN-2026-02728,1146.3,ecom,ENTERTAINMENT,2026-07-01T03:42:54Z,0.9367781316893155
TXN-2026-02729,56.67,atm,ENTERTAINMENT,2026-06-07T14:43:31Z,0.4035998410469485
TXN-2026-02730,59.3,pos,ONLINE_SERVICES,2026-07-03T17:44:34Z,0.081891405681914
TXN-2026-02731,169.28,ecom,PHARMACY,2026-07-01T18:18:53Z,0.40914290507873685
TXN-2026-02732,73.06,pos,TELECOM,2026-06-13T04:31:25Z,0.4920226176302271
TXN-2026-02733,75.95,atm,EDUCATION,2026-06-29T20:47:24Z,0.4650948976246824
TXN-2026-02734,149.73,pos,ENTERTAINMENT,2026-07-24T20:51:47Z,0.15622969316361007
TXN-2026-02735,46.59,pos,UTILITIES,2026-06-11T19:41:00Z,0.09836203009021917
TXN-2026-02736,107.3,ecom,FASHION,2026-06-29T11:17:35Z,0.2309714014463522
TXN-2026-02737,1002.98,ecom,PHARMACY,2026-06-12T23:38:07Z,0.6347269426469944
TXN-2026-02738,37.91,transfer,JEWELRY,2026-07-22T08:05:22Z,0.03834717160178443
TXN-2026-02739,51.39,pos,GROCERY,2026-07-26T17:28:40Z,0.09865287075807565
TXN-2026-02740,35.84,transfer,ENTERTAINMENT,2026-07-15T12:55:27Z,0.03569706084844669
TXN-2026-02741,94.89,pos,EDUCATION,2026-06-08T10:38:09Z,0.12291373557797361
TXN-2026-02742,58.39,pos,ELECTRONICS,2026-07-05T03:43:55Z,0.430469796690329
TXN-2026-02743,131.61,ecom,UTILITIES,2026-06-16T00:27:05Z,0.8394821884511545
TXN-2026-02744,32.26,pos,UTILITIES,2026-07-01T16:37:13Z,0.08150297829321682
TXN-2026-02745,120.44,ecom,TRAVEL,2026-06-30T00:46:25Z,0.8364667413125676
TXN-2026-02746,1489.15,pos,ELECTRONICS,2026-07-05T21:07:10Z,0.3501483514848711
TXN-2026-02747,49.64,ecom,TRAVEL,2026-06-24T19:41:37Z,0.33180580220029265
TXN-2026-02748,70.0,transfer,RESTAURANT,2026-06-29T00:21:58Z,0.2961455359146927
TXN-2026-02749,7.61,pos,UTILITIES,2026-07-23T13:17:02Z,0.04251489599374692
TXN-2026-02750,120.08,pos,JEWELRY,2026-07-04T23:17:32Z,0.15801637374829122
TXN-2026-02751,561.93,pos,TELECOM,2026-07-15T21:00:55Z,0.27588573118593307
TXN-2026-02752,96.17,pos,GROCERY,2026-07-26T14:35:55Z,0.12549438937487947
TXN-2026-02753,85.04,pos,HEALTHCARE,2026-07-03T08:16:17Z,0.11296477653113939
TXN-2026-02754,135.89,pos,RESTAURANT,2026-06-28T19:39:49Z,0.16634317253295408
TXN-2026-02755,121.84,pos,TRAVEL,2026-07-10T12:24:12Z,0.14137844598320568
TXN-2026-02756,221.18,transfer,PHARMACY,2026-06-17T00:15:01Z,0.3488559387269152
TXN-2026-02757,58.81,atm,UTILITIES,2026-06-02T03:09:55Z,0.8403025662741207
TXN-2026-02758,5.0,pos,FASHION,2026-07-21T22:02:36Z,0.018567123434815654
TXN-2026-02759,77.86,pos,TELECOM,2026-07-23T15:38:28Z,0.12036497395270152
TXN-2026-02760,37.06,pos,UTILITIES,2026-06-07T11:54:05Z,0.08254135678836229
TXN-2026-02761,367.85,pos,FASHION,2026-07-26T03:32:21Z,0.4878494998641717
TXN-2026-02762,165.82,ecom,EDUCATION,2026-07-17T02:21:57Z,0.8568191608937985
TXN-2026-02763,375.69,ecom,HOME_GOODS,2026-06-20T08:47:32Z,0.42856415362467093
TXN-2026-02764,203.36,pos,HEALTHCARE,2026-06-19T18:47:07Z,0.17750444501498064
TXN-2026-02765,70.63,ecom,GROCERY,2026-06-29T13:38:59Z,0.34599618485842804
TXN-2026-02766,542.88,ecom,EDUCATION,2026-06-22T16:32:04Z,0.6012605074194242
TXN-2026-02767,61.57,pos,HOME_GOODS,2026-07-02T08:23:36Z,0.06722424197612384
TXN-2026-02768,76.07,pos,RESTAURANT,2026-06-19T23:37:51Z,0.13574944590018687
TXN-2026-02769,89.86,ecom,HOME_GOODS,2026-06-19T17:53:19Z,0.29121843178095386
TXN-2026-02770,129.23,atm,ELECTRONICS,2026-07-14T18:21:50Z,0.4966718425267908
TXN-2026-02771,23.63,transfer,TELECOM,2026-06-29T08:39:46Z,0.030225084047059796
TXN-2026-02772,69.82,transfer,TRAVEL,2026-06-26T11:12:51Z,0.051130982035662034
TXN-2026-02773,609.43,pos,ENTERTAINMENT,2026-06-04T01:21:18Z,0.7113528366770331
TXN-2026-02774,46.72,pos,ONLINE_SERVICES,2026-06-12T03:27:35Z,0.36011104716421954
TXN-2026-02775,53.08,transfer,EDUCATION,2026-07-06T19:22:48Z,0.04794488386156958
TXN-2026-02776,151.64,ecom,GROCERY,2026-06-04T09:12:05Z,0.4235238247678968
TXN-2026-02777,260.8,atm,ELECTRONICS,2026-07-08T07:14:25Z,0.5531788695385474
TXN-2026-02778,1219.83,ecom,RESTAURANT,2026-06-27T01:33:36Z,0.9446766969730291
TXN-2026-02779,323.37,ecom,ONLINE_SERVICES,2026-06-11T12:18:03Z,0.4546931769104071
TXN-2026-02780,319.56,pos,RESTAURANT,2026-07-02T18:02:11Z,0.23041358420486313
TXN-2026-02781,98.7,transfer,ELECTRONICS,2026-07-04T09:18:28Z,0.05197448264150338
TXN-2026-02782,666.48,pos,HEALTHCARE,2026-07-05T07:19:32Z,0.25557443806943003
TXN-2026-02783,308.83,ecom,TRAVEL,2026-06-18T00:16:29Z,0.889958662646074
TXN-2026-02784,44.26,atm,FUEL,2026-07-12T10:33:05Z,0.4748120431474437
TXN-2026-02785,65.89,pos,JEWELRY,2026-07-30T08:24:52Z,0.10718860019459708
TXN-2026-02786,43.54,pos,FUEL,2026-06-13T19:17:00Z,0.1366476848194268
TXN-2026-02787,26.94,transfer,EDUCATION,2026-07-08T12:24:26Z,0.032779386208084106
TXN-2026-02788,146.93,pos,TRAVEL,2026-06-16T21:49:41Z,0.16532884889972996
TXN-2026-02789,12.98,pos,RESTAURANT,2026-07-20T08:03:24Z,0.05506796940186151
TXN-2026-02790,333.39,transfer,HEALTHCARE,2026-06-21T15:32:15Z,0.10331466740641275
TXN-2026-02791,358.16,ecom,ENTERTAINMENT,2026-07-13T11:52:51Z,0.5271261118756616
TXN-2026-02792,9.56,pos,PHARMACY,2026-06-09T12:40:47Z,0.03716739454852232
TXN-2026-02793,27.76,transfer,TELECOM,2026-06-24T13:06:16Z,0.03421059575073756
TXN-2026-02794,43.83,atm,TRAVEL,2026-06-06T21:32:27Z,0.4074585901989142
TXN-2026-02795,96.9,pos,ELECTRONICS,2026-07-04T11:42:42Z,0.1135966169991763
TXN-2026-02796,7.09,pos,RESTAURANT,2026-06-21T01:34:05Z,0.2533909013884761
TXN-2026-02797,532.7,atm,ENTERTAINMENT,2026-06-14T05:54:31Z,0.9374140897924466
TXN-2026-02798,14.74,ecom,GROCERY,2026-07-18T16:39:04Z,0.20642315370015688
TXN-2026-02799,654.95,pos,ENTERTAINMENT,2026-07-24T09:37:53Z,0.25314067056618783
TXN-2026-02800,62.1,pos,TRAVEL,2026-06-23T19:39:27Z,0.11337361586806467
TXN-2026-02801,10.25,atm,GROCERY,2026-07-11T15:30:46Z,0.2392068969576957
TXN-2026-02802,87.58,pos,ONLINE_SERVICES,2026-06-22T06:52:29Z,0.08758082378195678
TXN-2026-02803,106.87,pos,ELECTRONICS,2026-06-16T02:11:26Z,0.5003914731264165
TXN-2026-02804,10.6,pos,RESTAURANT,2026-06-23T10:32:01Z,0.051516007915263846
TXN-2026-02805,1458.71,ecom,TRAVEL,2026-06-26T20:57:30Z,0.7220372565564248
TXN-2026-02806,230.69,pos,GROCERY,2026-07-18T21:59:27Z,0.19102932371252854
TXN-2026-02807,28.58,atm,TRAVEL,2026-07-25T12:29:55Z,0.33810801840568605
TXN-2026-02808,178.06,atm,RESTAURANT,2026-07-15T07:01:40Z,0.555529029262393
TXN-2026-02809,25.76,atm,FUEL,2026-07-28T14:37:18Z,0.4216078028513665
TXN-2026-02810,66.22,ecom,GROCERY,2026-07-14T08:26:47Z,0.3274106132437053
TXN-2026-02811,45.58,pos,HOME_GOODS,2026-07-03T01:49:20Z,0.32191548671246656
TXN-2026-02812,52.53,pos,EDUCATION,2026-06-27T06:48:15Z,0.09178733910926552
TXN-2026-02813,20.14,ecom,HOME_GOODS,2026-07-05T09:07:25Z,0.15627807008086075
TXN-2026-02814,46.37,pos,UTILITIES,2026-07-23T05:21:45Z,0.4350365385427786
TXN-2026-02815,81.23,ecom,ELECTRONICS,2026-07-05T11:24:33Z,0.3372597124119855
TXN-2026-02816,108.71,pos,PHARMACY,2026-07-18T07:44:49Z,0.10325307158821823
TXN-2026-02817,54.95,ecom,TELECOM,2026-06-13T07:45:41Z,0.315183107548445
TXN-2026-02818,635.58,pos,ENTERTAINMENT,2026-06-03T12:22:45Z,0.25629739643303073
TXN-2026-02819,61.26,transfer,PHARMACY,2026-07-25T12:55:23Z,0.03828279752172523
TXN-2026-02820,241.33,ecom,TELECOM,2026-07-12T23:11:28Z,0.5269534851116765
TXN-2026-02821,41.79,ecom,EDUCATION,2026-07-26T00:47:07Z,0.7507660083930209
TXN-2026-02822,439.51,ecom,ELECTRONICS,2026-06-01T17:04:41Z,0.5518291562124672
TXN-2026-02823,79.75,pos,TRAVEL,2026-07-25T21:42:44Z,0.12839450297178692
TXN-2026-02824,53.48,atm,ELECTRONICS,2026-06-09T22:24:32Z,0.4018221432047027
TXN-2026-02825,106.77,ecom,TELECOM,2026-07-02T14:12:40Z,0.40556718411937687
TXN-2026-02826,300.11,ecom,ONLINE_SERVICES,2026-06-23T03:13:23Z,0.8569912329234142
TXN-2026-02827,61.85,ecom,EDUCATION,2026-07-13T19:11:22Z,0.35124197632710813
TXN-2026-02828,7.15,pos,HEALTHCARE,2026-07-04T13:40:30Z,0.04064031806320057
TXN-2026-02829,204.89,ecom,FASHION,2026-06-19T15:28:38Z,0.3000922338848984
TXN-2026-02830,121.99,transfer,UTILITIES,2026-07-06T09:13:34Z,0.06341286579386526
TXN-2026-02831,92.25,pos,TRAVEL,2026-06-25T08:27:40Z,0.12127395866447056
TXN-2026-02832,2255.99,pos,ELECTRONICS,2026-07-07T06:13:23Z,0.36082959904450623
TXN-2026-02833,85.03,ecom,GROCERY,2026-06-09T16:51:47Z,0.37383740752635775
TXN-2026-02834,124.68,atm,TRAVEL,2026-06-09T19:43:17Z,0.5272015152576149
TXN-2026-02835,108.47,pos,HOME_GOODS,2026-07-18T11:07:28Z,0.0890555742840008
TXN-2026-02836,120.55,ecom,ELECTRONICS,2026-06-28T10:57:59Z,0.3787648778032156
TXN-2026-02837,98.3,pos,EDUCATION,2026-06-21T15:44:42Z,0.13057575010357875
TXN-2026-02838,110.53,pos,FASHION,2026-07-12T10:13:22Z,0.0651800931948444
TXN-2026-02839,13.55,pos,ENTERTAINMENT,2026-07-03T01:46:50Z,0.28377416350203793
TXN-2026-02840,193.02,ecom,PHARMACY,2026-07-07T03:26:34Z,0.8378608848306394
TXN-2026-02841,138.8,pos,ONLINE_SERVICES,2026-07-30T18:41:58Z,0.11971135261591562
TXN-2026-02842,134.39,atm,ELECTRONICS,2026-07-01T08:39:12Z,0.47536773676380706
TXN-2026-02843,230.99,pos,JEWELRY,2026-07-27T20:39:26Z,0.20000222197561876
TXN-2026-02844,192.13,atm,UTILITIES,2026-06-21T06:33:19Z,0.540571043142497
TXN-2026-02845,42.45,pos,PHARMACY,2026-07-26T13:18:53Z,0.07228669080419782
TXN-2026-02846,61.02,transfer,FASHION,2026-07-29T05:07:53Z,0.1496878751921078
TXN-2026-02847,38.11,pos,UTILITIES,2026-07-02T02:48:28Z,0.4045961727722593
TXN-2026-02848,17.4,pos,GROCERY,2026-07-17T21:03:26Z,0.06401984157607939
TXN-2026-02849,47.38,pos,EDUCATION,2026-06-22T04:04:16Z,0.43540610139801694
TXN-2026-02850,24.02,pos,UTILITIES,2026-06-05T12:32:02Z,0.06894081652990001
TXN-2026-02851,38.02,pos,RESTAURANT,2026-06-26T11:46:51Z,0.09036737322745902
TXN-2026-02852,84.09,atm,ELECTRONICS,2026-07-19T10:35:07Z,0.42435071188728735
TXN-2026-02853,90.98,pos,PHARMACY,2026-07-23T18:55:07Z,0.10592288590686735
TXN-2026-02854,74.44,transfer,FASHION,2026-06-19T00:48:05Z,0.15533106476808925
TXN-2026-02855,463.49,ecom,FASHION,2026-06-10T00:57:07Z,0.8171540942644027
TXN-2026-02856,375.35,atm,TRAVEL,2026-06-28T19:32:32Z,0.6559763479503423
TXN-2026-02857,585.62,pos,TRAVEL,2026-06-16T21:24:29Z,0.2798478511498398
TXN-2026-02858,99.48,transfer,HEALTHCARE,2026-07-29T10:12:50Z,0.05725838894721791
TXN-2026-02859,185.51,pos,PHARMACY,2026-06-23T12:53:56Z,0.1358882562518363
TXN-2026-02860,6.48,pos,HEALTHCARE,2026-07-18T08:25:11Z,0.037125471532498594
TXN-2026-02861,18.36,pos,TRAVEL,2026-06-29T01:52:28Z,0.32741270753488266
TXN-2026-02862,258.78,pos,TELECOM,2026-07-11T21:42:37Z,0.2069778420711243
TXN-2026-02863,568.34,ecom,TELECOM,2026-06-09T02:02:28Z,0.9175283487388626
TXN-2026-02864,592.68,pos,RESTAURANT,2026-07-27T11:54:04Z,0.273381174760994
TXN-2026-02865,61.57,pos,TRAVEL,2026-06-05T13:47:51Z,0.10683907207535434
TXN-2026-02866,248.7,atm,EDUCATION,2026-07-06T10:44:11Z,0.5821584740223594
TXN-2026-02867,215.14,pos,FUEL,2026-06-30T17:41:27Z,0.2513112561137217
TXN-2026-02868,5.0,transfer,FASHION,2026-07-20T20:14:05Z,0.007957560882296193
TXN-2026-02869,55.82,ecom,UTILITIES,2026-06-16T09:45:29Z,0.3167301609957409
TXN-2026-02870,106.35,transfer,UTILITIES,2026-07-10T19:50:58Z,0.06569364781670002
TXN-2026-02871,143.33,transfer,TRAVEL,2026-07-30T00:51:20Z,0.3578213084213705
TXN-2026-02872,51.58,ecom,HEALTHCARE,2026-06-11T11:37:21Z,0.30872083073879786
TXN-2026-02873,46.68,ecom,ONLINE_SERVICES,2026-07-08T13:13:42Z,0.24802067930265728
TXN-2026-02874,16.15,transfer,ELECTRONICS,2026-06-20T10:06:43Z,0.02288324887847328
TXN-2026-02875,132.97,transfer,PHARMACY,2026-07-02T07:31:56Z,0.05210266195217471
TXN-2026-02876,70.12,pos,HEALTHCARE,2026-07-22T14:55:02Z,0.10993708602865543
TXN-2026-02877,412.7,pos,ELECTRONICS,2026-07-07T07:22:55Z,0.1992057721604805
TXN-2026-02878,287.6,pos,TRAVEL,2026-06-21T18:27:15Z,0.21023893106485358
TXN-2026-02879,74.34,pos,ELECTRONICS,2026-06-16T01:52:27Z,0.4540223878231697
TXN-2026-02880,156.21,pos,HOME_GOODS,2026-06-27T09:35:23Z,0.10256540903843474
TXN-2026-02881,12.45,pos,FASHION,2026-06-28T02:27:40Z,0.1572477646692624
TXN-2026-02882,10.99,pos,EDUCATION,2026-07-07T15:55:58Z,0.05069049014656479
TXN-2026-02883,13.86,pos,ENTERTAINMENT,2026-06-20T09:08:06Z,0.05047037708152429
TXN-2026-02884,70.72,atm,FASHION,2026-06-24T10:47:29Z,0.25911628134103165
TXN-2026-02885,343.03,ecom,TRAVEL,2026-06-23T13:48:55Z,0.543542512566484
TXN-2026-02886,13.83,pos,EDUCATION,2026-07-19T19:57:48Z,0.05817904144202367
TXN-2026-02887,148.47,atm,RESTAURANT,2026-06-05T04:50:13Z,0.9007789002064729
TXN-2026-02888,25.71,ecom,TRAVEL,2026-06-15T01:17:23Z,0.7113246253379674
TXN-2026-02889,548.43,atm,ELECTRONICS,2026-07-24T23:14:17Z,0.6776565321583959
TXN-2026-02890,49.34,ecom,EDUCATION,2026-06-16T20:40:50Z,0.32921812032818004
TXN-2026-02891,103.63,pos,ONLINE_SERVICES,2026-06-26T23:08:02Z,0.11058646939472003
TXN-2026-02892,98.06,pos,RESTAURANT,2026-07-14T18:20:16Z,0.14425142145139347
TXN-2026-02893,21.23,pos,GROCERY,2026-06-30T17:42:17Z,0.06713052534523539
TXN-2026-02894,47.86,pos,UTILITIES,2026-06-15T21:20:17Z,0.10139545301395077
TXN-2026-02895,22.88,ecom,ENTERTAINMENT,2026-07-26T16:34:51Z,0.23772096799903672
TXN-2026-02896,341.29,atm,GROCERY,2026-06-09T21:42:00Z,0.6401859827458071
TXN-2026-02897,26.3,transfer,EDUCATION,2026-07-15T14:23:42Z,0.0330827414991545
TXN-2026-02898,39.48,pos,TELECOM,2026-07-01T02:33:26Z,0.4138048249159401
TXN-2026-02899,48.33,atm,ENTERTAINMENT,2026-07-06T13:30:05Z,0.38288343596464625
TXN-2026-02900,34.23,ecom,EDUCATION,2026-07-15T09:42:18Z,0.26873711115570986
TXN-2026-02901,101.87,pos,JEWELRY,2026-07-01T21:57:16Z,0.14508918932228493
TXN-2026-02902,75.81,pos,RESTAURANT,2026-06-30T14:39:38Z,0.12492697173375972
TXN-2026-02903,105.76,pos,JEWELRY,2026-07-03T13:49:18Z,0.13717729220777314
TXN-2026-02904,51.24,transfer,HEALTHCARE,2026-07-03T03:10:29Z,0.2513027756899498
TXN-2026-02905,67.13,pos,EDUCATION,2026-07-24T04:22:56Z,0.47692315945793795
TXN-2026-02906,102.88,pos,FUEL,2026-06-08T02:52:21Z,0.6215259037962692
TXN-2026-02907,95.01,ecom,GROCERY,2026-06-16T23:25:41Z,0.4039367908571151
TXN-2026-02908,42.25,atm,TRAVEL,2026-06-28T14:41:15Z,0.38578966640200707
TXN-2026-02909,16.43,pos,HOME_GOODS,2026-07-07T22:39:19Z,0.04272536901360322
TXN-2026-02910,197.92,pos,FASHION,2026-06-14T14:48:49Z,0.08798852277153943
TXN-2026-02911,24.04,pos,ELECTRONICS,2026-07-23T21:19:02Z,0.06804151157361683
TXN-2026-02912,67.95,ecom,ONLINE_SERVICES,2026-06-04T22:13:42Z,0.30261263882977574
TXN-2026-02913,72.49,pos,HOME_GOODS,2026-06-06T18:43:56Z,0.07964798337531225
TXN-2026-02914,9.65,transfer,PHARMACY,2026-07-01T15:31:30Z,0.01702054941656987
TXN-2026-02915,36.18,pos,FASHION,2026-06-04T13:00:24Z,0.04033898996996447
TXN-2026-02916,122.64,pos,HEALTHCARE,2026-06-24T06:31:29Z,0.12962045728528848
TXN-2026-02917,26.8,pos,ELECTRONICS,2026-07-22T11:46:12Z,0.0647471911188305
TXN-2026-02918,147.03,pos,HOME_GOODS,2026-07-11T23:16:29Z,0.1138054484486515
TXN-2026-02919,17.67,transfer,EDUCATION,2026-06-13T03:43:25Z,0.17176327966042862
TXN-2026-02920,312.21,ecom,RESTAURANT,2026-07-14T20:38:32Z,0.5665644753681145
TXN-2026-02921,78.14,ecom,RESTAURANT,2026-07-02T18:58:16Z,0.3950991249130813
TXN-2026-02922,89.41,ecom,HEALTHCARE,2026-07-03T03:11:28Z,0.8142859259047315
TXN-2026-02923,372.06,atm,ENTERTAINMENT,2026-06-09T04:59:43Z,0.9256002024355316
TXN-2026-02924,70.04,transfer,FUEL,2026-06-27T08:45:01Z,0.07129629220986869
TXN-2026-02925,83.83,pos,TRAVEL,2026-06-06T03:01:22Z,0.5059132979441712
TXN-2026-02926,43.84,ecom,ONLINE_SERVICES,2026-07-12T09:43:40Z,0.2348799727922386
TXN-2026-02927,67.46,transfer,ENTERTAINMENT,2026-06-12T06:39:13Z,0.04496755989470188
TXN-2026-02928,121.97,pos,UTILITIES,2026-06-29T16:13:38Z,0.14399700317666905
TXN-2026-02929,68.05,pos,GROCERY,2026-06-05T08:12:57Z,0.10237664761704911
TXN-2026-02930,14.04,ecom,FUEL,2026-06-05T11:57:22Z,0.2701982696139441
TXN-2026-02931,33.13,ecom,RESTAURANT,2026-06-02T21:51:36Z,0.3087348909059695
TXN-2026-02932,84.64,atm,ENTERTAINMENT,2026-06-15T03:08:39Z,0.8570152871134182
TXN-2026-02933,280.63,ecom,GROCERY,2026-07-29T11:38:40Z,0.5030380996688092
TXN-2026-02934,53.04,pos,ONLINE_SERVICES,2026-07-19T03:33:37Z,0.3742461120581819
TXN-2026-02935,45.05,ecom,EDUCATION,2026-07-10T19:33:46Z,0.31740473130343094
TXN-2026-02936,77.6,pos,ONLINE_SERVICES,2026-06-28T00:56:38Z,0.4104580129261321
TXN-2026-02937,77.87,pos,RESTAURANT,2026-07-02T20:22:33Z,0.13342030393902843
TXN-2026-02938,108.79,pos,GROCERY,2026-06-07T09:21:02Z,0.12632843295396368
TXN-2026-02939,120.65,ecom,TRAVEL,2026-06-22T03:34:58Z,0.8408152629354252
TXN-2026-02940,113.29,pos,EDUCATION,2026-06-21T01:43:44Z,0.5323021206047205
TXN-2026-02941,94.4,pos,FASHION,2026-07-07T09:06:27Z,0.06008415243281876
TXN-2026-02942,206.16,pos,TELECOM,2026-07-15T13:36:32Z,0.17691349656024336
TXN-2026-02943,208.96,pos,UTILITIES,2026-07-12T04:27:18Z,0.612198264951448
TXN-2026-02944,201.77,ecom,JEWELRY,2026-06-30T15:03:04Z,0.490008077877785
TXN-2026-02945,144.09,pos,UTILITIES,2026-06-10T08:15:59Z,0.14368554734882383
TXN-2026-02946,99.77,pos,ENTERTAINMENT,2026-06-23T02:51:32Z,0.5078142338824286
TXN-2026-02947,1358.65,transfer,TRAVEL,2026-07-20T07:42:46Z,0.1798723314144027
TXN-2026-02948,48.93,atm,ELECTRONICS,2026-07-01T05:04:09Z,0.8152759708034225
TXN-2026-02949,274.1,atm,PHARMACY,2026-06-15T04:45:19Z,0.8991601123286298
TXN-2026-02950,96.65,pos,ONLINE_SERVICES,2026-06-01T10:58:31Z,0.09499372700813241
TXN-2026-02951,6.42,pos,TELECOM,2026-06-16T20:25:21Z,0.0433988740704528
TXN-2026-02952,88.03,pos,TELECOM,2026-07-14T19:54:28Z,0.13148153772850152
TXN-2026-02953,52.08,ecom,FUEL,2026-06-16T07:55:28Z,0.39688399108893024
TXN-2026-02954,575.77,ecom,HEALTHCARE,2026-06-20T09:12:24Z,0.5853130340443384
TXN-2026-02955,145.25,pos,TELECOM,2026-07-26T02:58:22Z,0.569563812266636
TXN-2026-02956,129.65,ecom,FASHION,2026-06-10T09:48:34Z,0.24380687443400995
TXN-2026-02957,150.07,ecom,FASHION,2026-06-27T06:45:16Z,0.25120892473815676
TXN-2026-02958,104.26,pos,RESTAURANT,2026-07-22T16:57:53Z,0.14534548089288302
TXN-2026-02959,327.41,atm,RESTAURANT,2026-07-15T00:18:45Z,0.9275223114745507
TXN-2026-02960,477.69,pos,TELECOM,2026-06-08T23:29:41Z,0.2643665202836282
TXN-2026-02961,303.48,ecom,TELECOM,2026-07-12T12:31:58Z,0.5261915678453422
TXN-2026-02962,115.59,ecom,FUEL,2026-06-26T01:35:22Z,0.881464550529378
TXN-2026-02963,5.0,pos,FUEL,2026-07-30T05:04:31Z,0.2957734639754032
TXN-2026-02964,169.96,ecom,ENTERTAINMENT,2026-07-03T15:09:29Z,0.44700246665332605
TXN-2026-02965,113.09,ecom,JEWELRY,2026-07-27T19:10:38Z,0.4305616984466401
TXN-2026-02966,36.02,atm,FASHION,2026-07-01T04:19:26Z,0.6605806798126236
TXN-2026-02967,20.77,pos,GROCERY,2026-06-13T18:52:57Z,0.06714318255299571
TXN-2026-02968,233.95,pos,ELECTRONICS,2026-07-13T00:25:22Z,0.5894009462891805
TXN-2026-02969,85.32,pos,TRAVEL,2026-06-05T08:12:26Z,0.11730572834881758
TXN-2026-02970,23.64,transfer,RESTAURANT,2026-07-16T02:42:15Z,0.2038275105258679
TXN-2026-02971,106.91,transfer,RESTAURANT,2026-07-24T17:45:51Z,0.07003496161095343
TXN-2026-02972,486.54,ecom,JEWELRY,2026-07-14T12:57:02Z,0.5885260897436145
TXN-2026-02973,252.03,atm,TELECOM,2026-06-27T22:10:37Z,0.618437508532934
TXN-2026-02974,17.44,transfer,FASHION,2026-06-24T03:31:37Z,0.08696801323045276
TXN-2026-02975,331.22,pos,TELECOM,2026-06-04T21:50:39Z,0.2274221828102296
TXN-2026-02976,134.81,ecom,UTILITIES,2026-06-09T03:49:55Z,0.8451863630080327
TXN-2026-02977,305.61,atm,TRAVEL,2026-06-12T04:02:06Z,0.923524568611395
TXN-2026-02978,83.01,ecom,RESTAURANT,2026-06-19T06:46:08Z,0.37241254584694733
TXN-2026-02979,109.27,pos,GROCERY,2026-07-25T19:48:33Z,0.13855045329911453
TXN-2026-02980,41.15,pos,TELECOM,2026-07-19T11:03:31Z,0.08809429907418728
TXN-2026-02981,181.56,atm,TRAVEL,2026-07-11T18:38:50Z,0.5698173613002472
TXN-2026-02982,133.5,pos,TELECOM,2026-07-29T19:00:29Z,0.1562894628851168
TXN-2026-02983,129.84,ecom,TELECOM,2026-07-02T13:22:21Z,0.426079154108846
TXN-2026-02984,69.48,pos,PHARMACY,2026-06-21T09:35:59Z,0.08649606449100991
TXN-2026-02985,196.52,pos,PHARMACY,2026-06-14T18:47:55Z,0.14688663519617573
TXN-2026-02986,279.15,pos,TRAVEL,2026-07-30T20:06:13Z,0.2112909837584533
TXN-2026-02987,180.02,ecom,HEALTHCARE,2026-07-27T10:32:11Z,0.44724642928087244
TXN-2026-02988,307.04,ecom,HOME_GOODS,2026-07-09T19:55:02Z,0.4325650594018196
TXN-2026-02989,134.05,pos,RESTAURANT,2026-06-21T14:42:58Z,0.15835216400057847
TXN-2026-02990,94.26,atm,ELECTRONICS,2026-06-12T01:53:59Z,0.8530760375925661
TXN-2026-02991,237.29,pos,FASHION,2026-06-19T08:13:52Z,0.09007716710228904
TXN-2026-02992,98.71,pos,HEALTHCARE,2026-07-27T14:25:45Z,0.1271830851711242
TXN-2026-02993,58.91,transfer,TELECOM,2026-07-13T15:06:03Z,0.04923903111842368
TXN-2026-02994,17.48,pos,GROCERY,2026-07-11T04:21:32Z,0.3197161910950384
TXN-2026-02995,136.08,ecom,ELECTRONICS,2026-06-20T14:41:01Z,0.4026930494729666
TXN-2026-02996,64.27,ecom,RESTAURANT,2026-06-25T11:41:50Z,0.35590221339050626
TXN-2026-02997,40.85,pos,RESTAURANT,2026-07-02T06:20:48Z,0.0889065568157641
TXN-2026-02998,81.14,atm,ENTERTAINMENT,2026-06-23T22:52:36Z,0.466541259866414
TXN-2026-02999,63.81,transfer,TELECOM,2026-06-12T18:53:25Z,0.05260878472642871
TXN-2026-03000,21.62,pos,TRAVEL,2026-06-22T11:30:58Z,0.06648380622300443
TXN-2026-03001,50.07,pos,ELECTRONICS,2026-07-10T15:02:34Z,0.08857842266080013
TXN-2026-03002,168.23,pos,JEWELRY,2026-07-19T04:19:57Z,0.5974988088867257
TXN-2026-03003,246.45,transfer,UTILITIES,2026-06-26T04:35:16Z,0.4255000974304215
TXN-2026-03004,307.82,ecom,ONLINE_SERVICES,2026-06-04T17:29:34Z,0.46167418116298137
TXN-2026-03005,74.88,pos,ENTERTAINMENT,2026-06-26T13:25:24Z,0.10955508304279882
TXN-2026-03006,58.91,atm,UTILITIES,2026-06-11T21:47:22Z,0.4369685887243088
TXN-2026-03007,178.89,pos,ENTERTAINMENT,2026-07-07T04:13:51Z,0.5831190164037564
TXN-2026-03008,686.65,ecom,UTILITIES,2026-06-11T15:03:46Z,0.6256052445570561
TXN-2026-03009,518.9,ecom,TELECOM,2026-06-26T03:02:22Z,0.91491834030902
TXN-2026-03010,18.7,pos,JEWELRY,2026-07-03T12:10:32Z,0.06440280697798016
TXN-2026-03011,787.85,ecom,FASHION,2026-07-12T21:58:39Z,0.4682376466060954
TXN-2026-03012,125.05,ecom,PHARMACY,2026-07-13T09:17:03Z,0.3524002633900286
TXN-2026-03013,24.55,pos,HEALTHCARE,2026-07-08T02:51:08Z,0.35096561737404824
TXN-2026-03014,139.33,transfer,RESTAURANT,2026-07-22T00:05:49Z,0.36994613538567106
TXN-2026-03015,31.26,ecom,PHARMACY,2026-06-24T04:13:04Z,0.6846469048883225
TXN-2026-03016,83.73,ecom,UTILITIES,2026-07-20T00:37:35Z,0.8077203157317034
TXN-2026-03017,143.82,ecom,FUEL,2026-06-08T05:39:22Z,0.896056655875036
TXN-2026-03018,499.38,ecom,UTILITIES,2026-07-12T18:40:48Z,0.596087717534919
TXN-2026-03019,160.0,atm,TRAVEL,2026-06-14T16:58:49Z,0.549529640155524
TXN-2026-03020,71.95,pos,HEALTHCARE,2026-06-08T03:29:40Z,0.47722285504597894
TXN-2026-03021,16.32,transfer,HOME_GOODS,2026-07-07T20:07:11Z,0.018516254286913388
TXN-2026-03022,82.12,ecom,GROCERY,2026-07-16T06:11:16Z,0.34594198746179994
TXN-2026-03023,69.28,ecom,TRAVEL,2026-06-03T05:05:14Z,0.8048338462155807
TXN-2026-03024,128.46,pos,FASHION,2026-06-25T15:43:01Z,0.07322832445135047
TXN-2026-03025,635.88,transfer,ENTERTAINMENT,2026-06-27T23:08:38Z,0.1433795158074865
TXN-2026-03026,62.38,pos,FUEL,2026-06-02T05:10:02Z,0.5709267126394657
TXN-2026-03027,42.29,ecom,GROCERY,2026-06-24T06:04:38Z,0.27767277467580104
TXN-2026-03028,37.81,pos,PHARMACY,2026-07-06T09:26:59Z,0.06604781208121656
TXN-2026-03029,216.72,ecom,ENTERTAINMENT,2026-06-02T20:28:25Z,0.48940944475799064
TXN-2026-03030,22.4,transfer,RESTAURANT,2026-06-01T02:31:57Z,0.199759275300584
TXN-2026-03031,90.94,transfer,TRAVEL,2026-06-08T22:35:58Z,0.06425531599866983
TXN-2026-03032,304.04,pos,TRAVEL,2026-06-05T19:38:02Z,0.21653818958091764
TXN-2026-03033,258.19,ecom,UTILITIES,2026-07-01T02:46:05Z,0.8811170209663275
TXN-2026-03034,705.17,ecom,EDUCATION,2026-07-29T16:35:25Z,0.6314524608696467
TXN-2026-03035,97.91,pos,UTILITIES,2026-06-20T17:43:05Z,0.1325548463720193
TXN-2026-03036,236.81,pos,EDUCATION,2026-07-29T10:44:26Z,0.17933882405411541
TXN-2026-03037,60.58,pos,ONLINE_SERVICES,2026-07-01T01:36:09Z,0.38437632064027694
TXN-2026-03038,40.19,pos,TELECOM,2026-07-19T01:08:56Z,0.4133379309338611
TXN-2026-03039,260.13,pos,JEWELRY,2026-07-13T04:20:55Z,0.6473091061759868
TXN-2026-03040,319.0,ecom,UTILITIES,2026-07-04T18:35:30Z,0.5425252330645116
TXN-2026-03041,437.37,ecom,TELECOM,2026-07-17T10:44:30Z,0.5651965917756611
TXN-2026-03042,121.45,pos,HOME_GOODS,2026-06-26T21:27:12Z,0.10283570916896737
TXN-2026-03043,11.93,pos,JEWELRY,2026-06-26T21:22:08Z,0.05796929929768787
TXN-2026-03044,31.58,pos,ENTERTAINMENT,2026-06-10T15:15:21Z,0.07670405303137885
TXN-2026-03045,20.16,pos,HOME_GOODS,2026-06-16T08:49:03Z,0.040680915402873254
TXN-2026-03046,119.2,pos,FUEL,2026-07-15T10:11:55Z,0.18974508441633395
TXN-2026-03047,25.41,pos,RESTAURANT,2026-06-19T08:17:23Z,0.07368718915956812
TXN-2026-03048,40.07,transfer,RESTAURANT,2026-06-10T02:04:06Z,0.24738149520555172
TXN-2026-03049,13.49,pos,UTILITIES,2026-06-06T20:35:34Z,0.05804063402044793
TXN-2026-03050,81.95,pos,RESTAURANT,2026-06-05T05:39:07Z,0.524900734124082
TXN-2026-03051,32.96,ecom,FASHION,2026-07-03T14:11:16Z,0.14946132328392528
TXN-2026-03052,81.94,transfer,ONLINE_SERVICES,2026-07-19T20:36:51Z,0.04449534086253197
TXN-2026-03053,13.44,pos,UTILITIES,2026-07-25T08:30:56Z,0.051481740749245546
TXN-2026-03054,59.3,atm,JEWELRY,2026-06-13T02:01:46Z,0.8452766697253622
TXN-2026-03055,676.47,ecom,JEWELRY,2026-06-25T05:19:13Z,0.9274600228224212
TXN-2026-03056,41.13,pos,FUEL,2026-06-25T03:46:01Z,0.516245622562297
TXN-2026-03057,2351.92,atm,TRAVEL,2026-07-04T15:38:44Z,0.8176147437357878
TXN-2026-03058,45.55,pos,EDUCATION,2026-07-08T00:06:06Z,0.4205756597240744
TXN-2026-03059,45.18,pos,TELECOM,2026-07-29T15:10:35Z,0.09528555302164471
TXN-2026-03060,184.48,transfer,GROCERY,2026-06-17T23:44:39Z,0.08561026955741072
TXN-2026-03061,809.82,pos,ONLINE_SERVICES,2026-06-29T16:56:16Z,0.23936461667816458
TXN-2026-03062,41.56,pos,ELECTRONICS,2026-06-17T12:00:41Z,0.0793235584888463
TXN-2026-03063,139.49,transfer,ELECTRONICS,2026-06-24T05:33:45Z,0.33736387170853294
TXN-2026-03064,47.48,ecom,HEALTHCARE,2026-07-28T15:44:48Z,0.30914979206191845
TXN-2026-03065,863.98,ecom,ONLINE_SERVICES,2026-06-14T12:28:27Z,0.5739663653707165
TXN-2026-03066,111.51,pos,PHARMACY,2026-07-17T21:34:06Z,0.11886335153330227
TXN-2026-03067,356.5,transfer,PHARMACY,2026-06-02T04:33:22Z,0.41345931476994974
TXN-2026-03068,67.63,atm,FUEL,2026-06-30T12:01:58Z,0.5308765725195679
TXN-2026-03069,79.86,ecom,TRAVEL,2026-06-25T09:53:41Z,0.3599878628562577
TXN-2026-03070,175.15,atm,PHARMACY,2026-06-23T19:40:14Z,0.5059489744096998
TXN-2026-03071,53.13,pos,EDUCATION,2026-07-08T10:02:52Z,0.0957963128881898
TXN-2026-03072,134.26,atm,PHARMACY,2026-07-27T08:35:51Z,0.44518568726503277
TXN-2026-03073,71.09,ecom,FASHION,2026-07-25T20:03:05Z,0.2128143269958707
TXN-2026-03074,250.32,atm,ONLINE_SERVICES,2026-07-19T13:20:56Z,0.5170407926462294
TXN-2026-03075,95.24,transfer,ONLINE_SERVICES,2026-07-23T07:42:33Z,0.04189872118640269
TXN-2026-03076,155.26,pos,FASHION,2026-07-16T02:08:18Z,0.3824491256337171
TXN-2026-03077,53.17,atm,JEWELRY,2026-06-13T21:38:55Z,0.4356693361131817
TXN-2026-03078,58.73,pos,FASHION,2026-07-17T13:47:10Z,0.05033689702793439
TXN-2026-03079,61.11,pos,TELECOM,2026-07-09T15:33:31Z,0.10853691068134548
TXN-2026-03080,72.49,ecom,TELECOM,2026-07-24T06:42:13Z,0.34230509829626155
TXN-2026-03081,312.58,atm,EDUCATION,2026-07-03T11:18:18Z,0.6114707323144875
TXN-2026-03082,71.52,atm,FUEL,2026-07-29T17:34:03Z,0.5505230013895188
TXN-2026-03083,5.0,transfer,TELECOM,2026-07-21T14:29:15Z,0.016357054688123332
TXN-2026-03084,48.09,pos,PHARMACY,2026-07-27T01:13:16Z,0.3740153385174285
TXN-2026-03085,112.14,ecom,ELECTRONICS,2026-06-21T11:13:15Z,0.3729840688776018
TXN-2026-03086,21.29,pos,TELECOM,2026-07-18T02:19:41Z,0.34521824705832294
TXN-2026-03087,14.34,pos,FUEL,2026-07-16T03:20:40Z,0.3943195927703789
TXN-2026-03088,173.49,ecom,TRAVEL,2026-06-17T21:08:29Z,0.4815043411954007
TXN-2026-03089,245.84,pos,ENTERTAINMENT,2026-07-13T01:10:14Z,0.6127928275655443
TXN-2026-03090,88.97,pos,PHARMACY,2026-07-04T17:38:57Z,0.10392832130558882
TXN-2026-03091,275.8,ecom,ONLINE_SERVICES,2026-07-15T18:17:20Z,0.4509781670278159
TXN-2026-03092,44.34,pos,PHARMACY,2026-06-22T08:31:56Z,0.07021400500472262
TXN-2026-03093,7.8,pos,GROCERY,2026-06-25T14:02:47Z,0.04244324301885613
TXN-2026-03094,265.54,ecom,PHARMACY,2026-07-28T22:02:53Z,0.47337382013302925
TXN-2026-03095,34.86,pos,ELECTRONICS,2026-07-18T15:37:39Z,0.07557322766717639
TXN-2026-03096,260.81,pos,PHARMACY,2026-06-19T20:11:45Z,0.16790676533969293
TXN-2026-03097,20.91,pos,ELECTRONICS,2026-07-04T16:04:22Z,0.06095999756896739
TXN-2026-03098,106.07,pos,FUEL,2026-06-27T13:35:37Z,0.1858871103517436
TXN-2026-03099,55.84,pos,UTILITIES,2026-06-27T03:55:58Z,0.45188885719653427
TXN-2026-03100,33.18,pos,RESTAURANT,2026-06-24T02:32:09Z,0.4096788293663893
TXN-2026-03101,594.2,ecom,FUEL,2026-07-18T09:35:53Z,0.6867011062979309
TXN-2026-03102,778.88,ecom,EDUCATION,2026-06-27T23:12:05Z,0.6592673877391042
TXN-2026-03103,326.51,ecom,FUEL,2026-06-12T05:48:22Z,0.927796579584218
TXN-2026-03104,28.19,pos,ELECTRONICS,2026-07-08T22:49:00Z,0.07366374696110982
TXN-2026-03105,366.47,ecom,JEWELRY,2026-07-14T20:01:53Z,0.5751801363460551
TXN-2026-03106,32.51,pos,EDUCATION,2026-06-27T06:22:26Z,0.07439039438440054
TXN-2026-03107,29.76,ecom,FASHION,2026-06-20T02:00:51Z,0.5473851045094018
TXN-2026-03108,175.65,pos,HOME_GOODS,2026-06-02T06:48:08Z,0.10495892943293299
TXN-2026-03109,25.94,pos,EDUCATION,2026-06-15T10:53:26Z,0.07003482866428823
TXN-2026-03110,188.9,atm,GROCERY,2026-06-28T21:45:46Z,0.5715010036366102
TXN-2026-03111,844.85,transfer,UTILITIES,2026-06-07T20:59:10Z,0.1631977206528085
TXN-2026-03112,115.65,pos,RESTAURANT,2026-06-26T07:25:41Z,0.1400110156083452
TXN-2026-03113,91.25,transfer,PHARMACY,2026-06-01T06:12:43Z,0.043356564555668116
TXN-2026-03114,65.85,ecom,FASHION,2026-06-23T20:44:12Z,0.20669589628918955
TXN-2026-03115,41.06,pos,HEALTHCARE,2026-06-07T18:40:21Z,0.09057749240139189
TXN-2026-03116,118.29,ecom,JEWELRY,2026-07-25T19:18:50Z,0.43591491687096096
TXN-2026-03117,269.96,ecom,TELECOM,2026-06-18T18:29:28Z,0.5275699151756181
TXN-2026-03118,36.65,pos,HEALTHCARE,2026-06-09T16:57:10Z,0.08458302172114032
TXN-2026-03119,204.72,ecom,ONLINE_SERVICES,2026-07-25T04:36:19Z,0.8340493407478318
TXN-2026-03120,516.87,atm,HEALTHCARE,2026-07-24T13:55:25Z,0.6677331508404762
TXN-2026-03121,657.24,pos,EDUCATION,2026-07-09T11:46:25Z,0.266512207907528
TXN-2026-03122,183.44,ecom,UTILITIES,2026-07-22T00:59:07Z,0.8600565615271523
TXN-2026-03123,256.68,ecom,PHARMACY,2026-07-16T16:31:34Z,0.45370197581922367
TXN-2026-03124,175.88,pos,TELECOM,2026-07-11T22:13:35Z,0.17934018421153183
TXN-2026-03125,62.01,pos,ENTERTAINMENT,2026-06-11T00:12:41Z,0.4453974358140994
TXN-2026-03126,98.89,ecom,TELECOM,2026-06-01T14:40:06Z,0.3966452754918228
TXN-2026-03127,55.92,atm,HOME_GOODS,2026-07-01T01:20:16Z,0.7652515955705234
TXN-2026-03128,34.68,pos,FASHION,2026-07-06T20:34:31Z,0.042436098590312554
TXN-2026-03129,32.7,pos,HOME_GOODS,2026-06-07T04:37:51Z,0.2948341999672532
TXN-2026-03130,94.41,pos,FASHION,2026-06-20T00:54:05Z,0.32270955858099487
TXN-2026-03131,639.65,ecom,GROCERY,2026-07-04T16:20:16Z,0.6145169412929798
TXN-2026-03132,134.47,pos,FASHION,2026-07-25T12:48:36Z,0.07261355241594976
TXN-2026-03133,115.93,ecom,ONLINE_SERVICES,2026-06-15T04:06:12Z,0.7922029890749083
TXN-2026-03134,405.86,ecom,FASHION,2026-06-23T20:04:06Z,0.3866236197665567
TXN-2026-03135,16.59,pos,FASHION,2026-06-05T05:20:36Z,0.18000810375630202
TXN-2026-03136,52.28,atm,TRAVEL,2026-06-29T21:26:29Z,0.4280010079231733
TXN-2026-03137,36.67,ecom,PHARMACY,2026-07-01T17:13:34Z,0.24677695778683248
TXN-2026-03138,165.36,ecom,GROCERY,2026-06-27T07:10:44Z,0.42871837974163335
TXN-2026-03139,949.17,ecom,TELECOM,2026-07-06T10:07:14Z,0.6549077312456009
TXN-2026-03140,25.65,ecom,GROCERY,2026-06-26T14:31:04Z,0.247889660469144
TXN-2026-03141,80.99,ecom,ENTERTAINMENT,2026-06-03T11:32:39Z,0.35115614619272656
TXN-2026-03142,46.99,pos,GROCERY,2026-07-01T03:38:55Z,0.4258753140731161
TXN-2026-03143,224.21,pos,EDUCATION,2026-07-24T13:30:16Z,0.1800259606950376
TXN-2026-03144,53.01,pos,ENTERTAINMENT,2026-06-29T23:19:51Z,0.10365134335510362
TXN-2026-03145,171.69,atm,ONLINE_SERVICES,2026-06-08T16:23:06Z,0.4789958182249176
TXN-2026-03146,486.72,ecom,RESTAURANT,2026-06-23T02:20:29Z,0.9167703288683507
TXN-2026-03147,575.09,pos,FUEL,2026-07-05T06:32:47Z,0.32589218475559295
TXN-2026-03148,117.3,pos,PHARMACY,2026-07-02T10:32:27Z,0.10973749958402582
TXN-2026-03149,39.81,pos,HEALTHCARE,2026-07-05T18:09:15Z,0.08936915527552003
TXN-2026-03150,47.24,pos,GROCERY,2026-07-27T10:46:30Z,0.08901962175561642
TXN-2026-03151,624.15,atm,FASHION,2026-06-25T03:42:33Z,0.8847374637120833
TXN-2026-03152,5.0,ecom,UTILITIES,2026-07-18T08:30:26Z,0.1325079356106892
TXN-2026-03153,117.14,ecom,FASHION,2026-07-19T22:11:26Z,0.26007851219989403
TXN-2026-03154,89.0,pos,HEALTHCARE,2026-07-20T22:11:59Z,0.13092863729121262
TXN-2026-03155,33.73,transfer,FUEL,2026-07-08T08:55:46Z,0.051319210707794105
TXN-2026-03156,80.51,pos,HOME_GOODS,2026-07-05T16:56:59Z,0.08186034408988785
TXN-2026-03157,74.95,pos,GROCERY,2026-06-13T10:42:19Z,0.1087433876709161
TXN-2026-03158,561.75,atm,JEWELRY,2026-06-07T13:53:50Z,0.6905688874516845
TXN-2026-03159,19.25,pos,FUEL,2026-07-29T17:20:24Z,0.09536246928577397
TXN-2026-03160,105.11,pos,UTILITIES,2026-07-05T05:13:01Z,0.5332433598109172
TXN-2026-03161,89.91,ecom,FUEL,2026-06-14T12:13:04Z,0.47424486880375194
TXN-2026-03162,30.29,pos,GROCERY,2026-06-26T04:32:49Z,0.37813299060537864
TXN-2026-03163,1090.01,pos,HOME_GOODS,2026-07-13T15:18:36Z,0.2388817720963642
TXN-2026-03164,1169.63,pos,UTILITIES,2026-07-14T01:14:06Z,0.7800286120366628
TXN-2026-03165,79.17,transfer,TRAVEL,2026-06-21T09:04:18Z,0.05309675080011278
TXN-2026-03166,85.89,pos,TELECOM,2026-07-24T03:40:00Z,0.5089513319907065
TXN-2026-03167,204.57,ecom,HEALTHCARE,2026-07-26T12:57:00Z,0.467861627633487
TXN-2026-03168,101.44,pos,FASHION,2026-07-03T20:39:06Z,0.06910735184360675
TXN-2026-03169,83.19,pos,ENTERTAINMENT,2026-07-01T07:54:52Z,0.1084143587936317
TXN-2026-03170,223.25,atm,TELECOM,2026-06-14T16:36:12Z,0.5893490557530914
TXN-2026-03171,523.01,atm,UTILITIES,2026-06-24T00:10:15Z,0.9364834630973479
TXN-2026-03172,64.19,pos,FUEL,2026-07-05T10:14:59Z,0.14792613606138702
TXN-2026-03173,53.43,ecom,PHARMACY,2026-06-05T05:36:58Z,0.7391420000808426
TXN-2026-03174,154.15,pos,GROCERY,2026-07-13T17:04:22Z,0.15693478486235843
TXN-2026-03175,349.13,pos,ENTERTAINMENT,2026-06-08T05:26:38Z,0.6619018625337889
TXN-2026-03176,482.54,atm,EDUCATION,2026-06-15T19:18:15Z,0.6789142053146114
TXN-2026-03177,139.15,ecom,TRAVEL,2026-07-23T04:50:15Z,0.8511925155761053
TXN-2026-03178,254.03,transfer,UTILITIES,2026-06-26T11:16:13Z,0.08988976060781731
TXN-2026-03179,324.72,pos,RESTAURANT,2026-06-19T17:26:41Z,0.22994947919195813
TXN-2026-03180,286.75,ecom,EDUCATION,2026-07-13T16:54:31Z,0.5248053958960714
TXN-2026-03181,71.89,transfer,ENTERTAINMENT,2026-07-10T01:30:16Z,0.2739315800032609
TXN-2026-03182,146.22,pos,ELECTRONICS,2026-07-02T08:54:45Z,0.13167361783394424
TXN-2026-03183,81.32,atm,HEALTHCARE,2026-07-02T06:30:18Z,0.4317583754605571
TXN-2026-03184,35.11,pos,RESTAURANT,2026-07-20T09:54:56Z,0.08565108929018855
TXN-2026-03185,105.25,pos,JEWELRY,2026-06-10T11:53:54Z,0.13445403454211402
TXN-2026-03186,96.92,ecom,EDUCATION,2026-06-09T12:38:49Z,0.384686404033834
TXN-2026-03187,9.41,pos,FASHION,2026-06-28T06:25:30Z,0.020532979260937015
TXN-2026-03188,43.18,atm,JEWELRY,2026-07-02T12:56:17Z,0.38880274204232634
TXN-2026-03189,68.46,atm,PHARMACY,2026-07-18T22:56:54Z,0.401284367399215
TXN-2026-03190,5.0,transfer,RESTAURANT,2026-06-06T02:16:39Z,0.11369574728969538
TXN-2026-03191,124.28,ecom,UTILITIES,2026-06-18T18:39:02Z,0.4284430757171637
TXN-2026-03192,40.74,pos,HOME_GOODS,2026-06-29T07:39:24Z,0.05527434043253843
TXN-2026-03193,760.36,ecom,TELECOM,2026-07-25T23:37:06Z,0.6610353117346208
TXN-2026-03194,535.13,ecom,ENTERTAINMENT,2026-07-10T20:17:56Z,0.5983141984526374
TXN-2026-03195,273.8,atm,JEWELRY,2026-07-13T14:51:04Z,0.6136272201102407
TXN-2026-03196,116.16,ecom,RESTAURANT,2026-06-05T03:02:16Z,0.8471011557495091
TXN-2026-03197,39.58,transfer,FUEL,2026-06-11T17:53:04Z,0.06025710317425925
TXN-2026-03198,263.06,atm,ONLINE_SERVICES,2026-06-24T20:10:16Z,0.5412536676178105
TXN-2026-03199,9.79,pos,JEWELRY,2026-06-04T22:50:17Z,0.053850046049154
TXN-2026-03200,48.6,pos,PHARMACY,2026-07-02T00:31:52Z,0.37275783779408467
TXN-2026-03201,39.56,transfer,ELECTRONICS,2026-06-01T01:47:46Z,0.2100714684641932
TXN-2026-03202,15.22,pos,TRAVEL,2026-06-29T19:31:10Z,0.06173123475615849
TXN-2026-03203,275.23,ecom,FASHION,2026-07-08T22:31:36Z,0.3474909843154361
TXN-2026-03204,496.82,transfer,ENTERTAINMENT,2026-06-27T20:52:56Z,0.12572567500723525
TXN-2026-03205,143.78,atm,HEALTHCARE,2026-06-04T22:20:12Z,0.5419970991883851
TXN-2026-03206,151.83,pos,FUEL,2026-06-08T17:20:12Z,0.22077188035675088
TXN-2026-03207,45.68,ecom,FASHION,2026-06-13T03:26:43Z,0.5997851739161716
TXN-2026-03208,809.05,ecom,GROCERY,2026-07-16T23:44:29Z,0.6579371138425785
TXN-2026-03209,123.74,atm,EDUCATION,2026-07-09T00:44:18Z,0.8797817307307942
TXN-2026-03210,237.45,pos,FUEL,2026-06-10T23:22:19Z,0.2726939559570101
TXN-2026-03211,70.13,pos,FASHION,2026-06-04T09:24:51Z,0.05246853402657654
TXN-2026-03212,215.47,ecom,FUEL,2026-07-29T03:20:45Z,0.9113248500775178
TXN-2026-03213,58.62,pos,HEALTHCARE,2026-06-26T10:18:41Z,0.09802342712372578
TXN-2026-03214,146.89,pos,TRAVEL,2026-07-15T13:36:17Z,0.15411603509422556
TXN-2026-03215,60.96,pos,ELECTRONICS,2026-06-24T17:56:04Z,0.09834892154286679
TXN-2026-03216,7.2,pos,ELECTRONICS,2026-06-29T17:48:59Z,0.038979484116210036
TXN-2026-03217,46.87,pos,GROCERY,2026-07-02T00:23:10Z,0.41794484867765325
TXN-2026-03218,91.41,ecom,EDUCATION,2026-07-20T06:21:59Z,0.36340501699069466
TXN-2026-03219,113.08,atm,RESTAURANT,2026-07-13T11:04:23Z,0.5110567269657831
TXN-2026-03220,264.35,atm,ENTERTAINMENT,2026-07-26T18:12:30Z,0.5981695210980622
TXN-2026-03221,78.08,pos,HOME_GOODS,2026-06-05T19:31:27Z,0.08310801359068727
TXN-2026-03222,39.83,pos,ELECTRONICS,2026-06-05T10:09:44Z,0.07636918122771844
TXN-2026-03223,543.85,atm,TELECOM,2026-07-18T21:32:06Z,0.7000797738558404
TXN-2026-03224,115.42,pos,ONLINE_SERVICES,2026-07-06T17:17:02Z,0.10957231801677932
TXN-2026-03225,692.0,atm,HOME_GOODS,2026-07-27T03:51:08Z,0.9187249948337277
TXN-2026-03226,35.64,pos,HEALTHCARE,2026-07-08T19:55:00Z,0.08598638531649501
TXN-2026-03227,108.58,ecom,GROCERY,2026-07-24T23:07:44Z,0.41959889586870497
TXN-2026-03228,89.55,pos,UTILITIES,2026-06-28T18:37:02Z,0.128832380053557
TXN-2026-03229,18.13,pos,FASHION,2026-07-11T02:10:58Z,0.18145364095801367
TXN-2026-03230,150.31,atm,TRAVEL,2026-07-14T23:46:22Z,0.5600633023781073
TXN-2026-03231,300.1,ecom,HOME_GOODS,2026-07-08T22:46:20Z,0.4375161294532292
TXN-2026-03232,11.17,pos,RESTAURANT,2026-06-17T23:27:23Z,0.05986601908370378
TXN-2026-03233,100.99,pos,ENTERTAINMENT,2026-06-19T18:39:22Z,0.1302798169057441
TXN-2026-03234,84.86,ecom,EDUCATION,2026-06-26T08:22:02Z,0.3599188028097499
TXN-2026-03235,33.13,pos,TELECOM,2026-06-15T00:30:09Z,0.3887463370546159
TXN-2026-03236,28.0,transfer,FUEL,2026-07-26T18:23:52Z,0.05210893734846995
TXN-2026-03237,170.38,pos,PHARMACY,2026-06-16T09:56:02Z,0.12757815677503787
TXN-2026-03238,254.94,atm,UTILITIES,2026-06-23T18:34:59Z,0.6048089439401043
TXN-2026-03239,159.35,pos,PHARMACY,2026-07-22T04:29:27Z,0.5238024810049057
TXN-2026-03240,29.0,pos,EDUCATION,2026-07-28T08:07:34Z,0.07213219254370701
TXN-2026-03241,318.39,atm,EDUCATION,2026-07-03T00:05:55Z,0.9205807225413012
TXN-2026-03242,5.0,pos,ONLINE_SERVICES,2026-06-02T04:47:24Z,0.17096991722078106
TXN-2026-03243,179.59,pos,TELECOM,2026-06-16T19:04:01Z,0.1762503246150702
TXN-2026-03244,207.05,ecom,HOME_GOODS,2026-07-18T13:29:54Z,0.37146274209770014
TXN-2026-03245,402.39,ecom,UTILITIES,2026-07-06T07:32:16Z,0.5421646132022797
TXN-2026-03246,13.12,pos,EDUCATION,2026-07-01T22:30:50Z,0.05857994157123827
TXN-2026-03247,1386.38,pos,RESTAURANT,2026-06-09T04:16:08Z,0.8126292161777131
TXN-2026-03248,31.7,pos,ENTERTAINMENT,2026-06-22T01:10:06Z,0.3705861233106367
TXN-2026-03249,32.2,pos,GROCERY,2026-07-04T07:37:52Z,0.07311984022479251
TXN-2026-03250,605.76,atm,TRAVEL,2026-06-30T10:57:44Z,0.6867934058174083
TXN-2026-03251,70.97,ecom,TELECOM,2026-07-17T07:43:37Z,0.342351685858931
TXN-2026-03252,100.56,ecom,TRAVEL,2026-06-27T22:42:45Z,0.41864753368716817
TXN-2026-03253,173.63,ecom,ELECTRONICS,2026-07-04T13:13:45Z,0.4289199666916682
TXN-2026-03254,24.8,pos,HEALTHCARE,2026-07-21T18:08:45Z,0.07271809174028392
TXN-2026-03255,111.67,transfer,PHARMACY,2026-07-02T15:36:27Z,0.05204064126418008
TXN-2026-03256,19.16,transfer,ONLINE_SERVICES,2026-06-19T18:39:56Z,0.022322352180270087
TXN-2026-03257,96.2,pos,HOME_GOODS,2026-06-02T00:06:47Z,0.40237289874673726
TXN-2026-03258,32.2,ecom,ONLINE_SERVICES,2026-07-08T10:06:16Z,0.21122703062770828
TXN-2026-03259,821.98,ecom,GROCERY,2026-07-01T05:17:10Z,0.9293425186243671
TXN-2026-03260,45.28,pos,HEALTHCARE,2026-06-09T19:19:52Z,0.09540090417453223
TXN-2026-03261,100.8,ecom,HEALTHCARE,2026-06-14T08:13:48Z,0.37420425724214984
TXN-2026-03262,122.48,ecom,UTILITIES,2026-06-29T06:16:57Z,0.39640918165680844
TXN-2026-03263,192.86,pos,RESTAURANT,2026-07-09T02:16:00Z,0.6186072876742216
TXN-2026-03264,227.0,ecom,HOME_GOODS,2026-06-27T02:42:36Z,0.8185610889405214
TXN-2026-03265,44.48,transfer,ONLINE_SERVICES,2026-07-25T23:05:29Z,0.03457381351932588
TXN-2026-03266,74.03,pos,FUEL,2026-07-21T23:03:13Z,0.17557808311869993
TXN-2026-03267,215.69,pos,TRAVEL,2026-06-29T23:47:56Z,0.19599530405944277
TXN-2026-03268,506.3,pos,JEWELRY,2026-07-13T15:11:33Z,0.25813018538463633
TXN-2026-03269,106.94,pos,UTILITIES,2026-07-10T22:40:50Z,0.14385073660020056
TXN-2026-03270,17.75,pos,ONLINE_SERVICES,2026-07-29T14:21:25Z,0.04654739156989769
TXN-2026-03271,210.11,pos,ONLINE_SERVICES,2026-06-26T06:01:03Z,0.12800488014769518
TXN-2026-03272,312.19,transfer,EDUCATION,2026-06-05T12:16:03Z,0.09953069348609916
TXN-2026-03273,266.17,pos,FASHION,2026-06-06T06:47:41Z,0.09299556613483848
TXN-2026-03274,315.93,ecom,HEALTHCARE,2026-06-16T19:26:23Z,0.538930019835853
TXN-2026-03275,85.53,pos,HEALTHCARE,2026-07-01T22:03:21Z,0.12875567410837416
TXN-2026-03276,5.0,ecom,GROCERY,2026-07-15T18:58:38Z,0.14215207992183249
TXN-2026-03277,28.95,pos,UTILITIES,2026-07-20T22:52:06Z,0.0823533168999173
TXN-2026-03278,17.22,pos,HOME_GOODS,2026-07-05T17:18:04Z,0.041496416791459025
TXN-2026-03279,432.09,ecom,TRAVEL,2026-06-05T23:37:22Z,0.5966506178315646
TXN-2026-03280,34.0,transfer,PHARMACY,2026-06-10T07:44:23Z,0.02771666674141923
TXN-2026-03281,131.73,atm,TELECOM,2026-07-13T04:49:09Z,0.889150435315409
TXN-2026-03282,302.55,transfer,JEWELRY,2026-07-02T03:23:46Z,0.4584143575461534
TXN-2026-03283,79.18,transfer,FUEL,2026-07-18T15:17:26Z,0.08056244811028603
TXN-2026-03284,154.76,ecom,TELECOM,2026-06-01T03:35:22Z,0.8563905952114588
TXN-2026-03285,960.29,atm,PHARMACY,2026-06-22T17:07:41Z,0.69699119081653
TXN-2026-03286,832.22,pos,TELECOM,2026-07-23T13:31:38Z,0.29805332363946857
TXN-2026-03287,37.83,ecom,EDUCATION,2026-07-21T20:18:24Z,0.3018059771784403
TXN-2026-03288,48.32,pos,ENTERTAINMENT,2026-06-27T07:12:30Z,0.08559730061318704
TXN-2026-03289,504.68,ecom,ONLINE_SERVICES,2026-06-12T06:31:18Z,0.4932225121889118
TXN-2026-03290,26.52,pos,TRAVEL,2026-06-21T20:00:16Z,0.07927686393743749
TXN-2026-03291,189.79,ecom,TRAVEL,2026-07-08T15:28:15Z,0.4767882781111921
TXN-2026-03292,100.49,atm,TELECOM,2026-07-06T02:28:48Z,0.8732452655093361
TXN-2026-03293,161.32,ecom,UTILITIES,2026-06-29T09:32:47Z,0.4365002359553818
TXN-2026-03294,97.83,pos,UTILITIES,2026-06-17T08:50:46Z,0.1220858038069162
TXN-2026-03295,67.88,pos,FASHION,2026-06-16T14:40:10Z,0.05430940832689547
TXN-2026-03296,11.81,ecom,ENTERTAINMENT,2026-06-05T19:05:59Z,0.19176533283682648
TXN-2026-03297,15.72,pos,TRAVEL,2026-06-29T07:24:20Z,0.05564239732033063
TXN-2026-03298,70.33,ecom,ONLINE_SERVICES,2026-06-12T09:26:08Z,0.27810475280248304
TXN-2026-03299,117.76,atm,EDUCATION,2026-06-24T06:56:45Z,0.481607652966812
TXN-2026-03300,66.93,ecom,GROCERY,2026-07-16T03:38:25Z,0.7917632092037421
TXN-2026-03301,231.09,ecom,HOME_GOODS,2026-07-21T15:12:29Z,0.3889808935160718
TXN-2026-03302,257.25,ecom,ONLINE_SERVICES,2026-06-16T13:54:24Z,0.4297668088378153
TXN-2026-03303,215.38,atm,TELECOM,2026-06-24T21:02:28Z,0.5977145549853012
TXN-2026-03304,1197.16,atm,HEALTHCARE,2026-07-16T05:44:09Z,0.958006589623404
TXN-2026-03305,147.57,pos,PHARMACY,2026-07-18T11:27:31Z,0.12222266678663321
TXN-2026-03306,332.88,pos,JEWELRY,2026-06-18T20:20:35Z,0.23002259224176236
TXN-2026-03307,403.33,pos,PHARMACY,2026-07-15T17:51:00Z,0.1947820244488437
TXN-2026-03308,36.15,ecom,ENTERTAINMENT,2026-07-26T19:23:02Z,0.2854158719872878
TXN-2026-03309,163.37,ecom,ENTERTAINMENT,2026-07-06T07:35:28Z,0.4217823528474773
TXN-2026-03310,34.03,transfer,RESTAURANT,2026-07-06T04:07:18Z,0.23693122971855762
TXN-2026-03311,337.06,atm,FUEL,2026-07-24T16:23:33Z,0.7201784390783839
TXN-2026-03312,1361.1,ecom,JEWELRY,2026-07-30T03:27:28Z,0.9462970630849094
TXN-2026-03313,47.48,transfer,ENTERTAINMENT,2026-07-21T07:47:58Z,0.038635512305126095
TXN-2026-03314,319.52,pos,HEALTHCARE,2026-06-29T15:57:42Z,0.20677321198796708
TXN-2026-03315,174.62,atm,HEALTHCARE,2026-07-03T17:04:01Z,0.552479411086636
TXN-2026-03316,75.93,pos,ENTERTAINMENT,2026-07-21T15:40:09Z,0.11227501224622498
TXN-2026-03317,578.58,pos,GROCERY,2026-07-30T09:37:15Z,0.24601353874577006
TXN-2026-03318,2509.39,ecom,FUEL,2026-06-06T10:40:23Z,0.8174576956919342
TXN-2026-03319,55.53,pos,UTILITIES,2026-07-26T09:21:35Z,0.09659416985991423
TXN-2026-03320,189.38,ecom,TRAVEL,2026-07-26T18:39:43Z,0.4843363935591974
TXN-2026-03321,130.48,pos,PHARMACY,2026-06-03T21:14:50Z,0.1270806831492924
TXN-2026-03322,201.55,pos,TRAVEL,2026-06-21T16:58:47Z,0.17982466561954466
TXN-2026-03323,50.72,atm,EDUCATION,2026-06-12T08:17:41Z,0.3871374856231904
TXN-2026-03324,76.63,ecom,EDUCATION,2026-07-16T17:01:17Z,0.37025263785160734
TXN-2026-03325,40.04,ecom,FUEL,2026-07-07T18:32:28Z,0.3942291478431499
TXN-2026-03326,193.2,transfer,JEWELRY,2026-07-11T17:18:24Z,0.08772709452729123
TXN-2026-03327,53.52,pos,TELECOM,2026-06-10T11:14:26Z,0.09874460545676021
TXN-2026-03328,1336.84,ecom,FUEL,2026-07-21T23:40:37Z,0.7903346305933082
TXN-2026-03329,272.62,ecom,ONLINE_SERVICES,2026-07-28T07:41:14Z,0.4213813559569247
TXN-2026-03330,180.92,transfer,GROCERY,2026-07-23T02:16:53Z,0.37884575310147633
TXN-2026-03331,47.92,pos,ELECTRONICS,2026-06-19T11:43:42Z,0.08364073192067055
TXN-2026-03332,38.54,ecom,PHARMACY,2026-07-24T18:51:56Z,0.2531755705326486
TXN-2026-03333,303.89,ecom,ENTERTAINMENT,2026-07-09T06:51:35Z,0.49408195589445164
TXN-2026-03334,451.23,transfer,HEALTHCARE,2026-06-01T22:51:31Z,0.1256210243687279
TXN-2026-03335,64.12,pos,TRAVEL,2026-06-23T06:18:09Z,0.10184270809744052
TXN-2026-03336,424.44,ecom,TRAVEL,2026-06-10T02:13:34Z,0.9060466331907665
TXN-2026-03337,90.61,ecom,PHARMACY,2026-07-11T11:49:09Z,0.32218379587391216
TXN-2026-03338,125.77,transfer,JEWELRY,2026-06-18T20:56:33Z,0.0745333921845375
TXN-2026-03339,114.99,pos,GROCERY,2026-07-10T06:31:33Z,0.12584148142130577
TXN-2026-03340,20.52,pos,RESTAURANT,2026-07-17T13:28:18Z,0.07047657777383289
TXN-2026-03341,432.74,ecom,FASHION,2026-06-29T20:45:29Z,0.39407080302812497
TXN-2026-03342,58.01,pos,ONLINE_SERVICES,2026-07-27T15:10:55Z,0.07955852551225295
TXN-2026-03343,17.24,transfer,PHARMACY,2026-07-28T14:41:32Z,0.02180859123761433
TXN-2026-03344,447.71,pos,TELECOM,2026-07-26T03:30:28Z,0.6982290680339569
TXN-2026-03345,28.83,ecom,RESTAURANT,2026-07-21T21:56:46Z,0.2948566627423148
TXN-2026-03346,12.39,pos,HOME_GOODS,2026-07-03T16:53:44Z,0.03554157932728586
TXN-2026-03347,106.53,atm,ONLINE_SERVICES,2026-06-24T15:15:16Z,0.4191593622984136
TXN-2026-03348,61.29,pos,FUEL,2026-07-16T12:22:03Z,0.14774993850137388
TXN-2026-03349,94.58,pos,TRAVEL,2026-06-10T10:06:40Z,0.1248275096818062
TXN-2026-03350,62.18,transfer,EDUCATION,2026-07-04T09:02:04Z,0.04667271221509771
TXN-2026-03351,11.16,pos,TRAVEL,2026-07-10T15:41:22Z,0.0519615350775771
TXN-2026-03352,111.77,transfer,GROCERY,2026-07-06T21:59:10Z,0.06706229051364232
TXN-2026-03353,43.99,pos,UTILITIES,2026-06-02T06:39:00Z,0.08481646419208336
TXN-2026-03354,216.65,atm,HEALTHCARE,2026-07-21T01:30:00Z,0.904761190635167
TXN-2026-03355,993.65,pos,JEWELRY,2026-07-10T05:04:14Z,0.7810594210434859
TXN-2026-03356,78.34,atm,TRAVEL,2026-06-30T21:43:11Z,0.47620862089253796
TXN-2026-03357,61.99,pos,UTILITIES,2026-06-19T07:41:05Z,0.09942902380452581
TXN-2026-03358,643.49,ecom,GROCERY,2026-07-18T08:48:27Z,0.5952759657613509
TXN-2026-03359,218.95,atm,PHARMACY,2026-07-29T10:34:15Z,0.5096359965563023
TXN-2026-03360,131.1,ecom,ENTERTAINMENT,2026-07-11T02:50:14Z,0.8358947708715617
TXN-2026-03361,90.65,pos,FUEL,2026-06-08T01:05:19Z,0.6045183804545318
TXN-2026-03362,479.87,ecom,TELECOM,2026-06-01T13:10:11Z,0.5839073589931725
TXN-2026-03363,19.63,pos,EDUCATION,2026-06-15T07:07:24Z,0.06020052220762158
TXN-2026-03364,17.84,transfer,RESTAURANT,2026-07-09T18:18:20Z,0.03138735235460111
TXN-2026-03365,191.31,ecom,GROCERY,2026-07-16T00:00:53Z,0.8597638580982649
TXN-2026-03366,99.05,ecom,TRAVEL,2026-07-01T13:15:23Z,0.3942389282650275
TXN-2026-03367,17.54,pos,TELECOM,2026-07-18T13:01:10Z,0.06191855701633148
TXN-2026-03368,132.23,atm,ENTERTAINMENT,2026-06-20T18:02:23Z,0.5152018792502832
TXN-2026-03369,139.52,atm,ONLINE_SERVICES,2026-07-20T11:10:25Z,0.4410116470977038
TXN-2026-03370,580.51,ecom,TELECOM,2026-07-22T22:07:25Z,0.6284710453807528
TXN-2026-03371,31.05,pos,FASHION,2026-06-11T09:44:51Z,0.03613774874777279
TXN-2026-03372,18.5,pos,ELECTRONICS,2026-07-01T22:16:05Z,0.06128025863207078
TXN-2026-03373,50.59,ecom,JEWELRY,2026-06-01T06:16:00Z,0.30930282942403603
TXN-2026-03374,131.83,atm,ELECTRONICS,2026-06-14T20:56:02Z,0.5043042890865244
TXN-2026-03375,301.5,ecom,JEWELRY,2026-06-30T05:01:15Z,0.896033617409981
TXN-2026-03376,109.25,transfer,FUEL,2026-07-25T20:59:47Z,0.09737023057271445
TXN-2026-03377,1725.62,atm,ENTERTAINMENT,2026-07-25T09:04:07Z,0.7720817940300175
TXN-2026-03378,91.17,ecom,FASHION,2026-06-26T13:09:17Z,0.22082578980121104
TXN-2026-03379,194.33,pos,ELECTRONICS,2026-07-03T08:25:03Z,0.1483090481330368
TXN-2026-03380,59.48,pos,TRAVEL,2026-06-05T15:18:27Z,0.10724457545840292
TXN-2026-03381,185.22,atm,FASHION,2026-06-28T01:49:20Z,0.8060921150167054
TXN-2026-03382,216.45,ecom,TELECOM,2026-06-28T23:56:50Z,0.5137283407649208
TXN-2026-03383,261.03,atm,GROCERY,2026-07-07T21:47:20Z,0.6095612525132864
TXN-2026-03384,15.25,atm,JEWELRY,2026-07-11T08:40:18Z,0.2722342496452399
TXN-2026-03385,66.44,pos,UTILITIES,2026-07-09T15:02:06Z,0.110391245223839
TXN-2026-03386,1071.09,atm,ELECTRONICS,2026-07-01T10:03:16Z,0.717971889371445
TXN-2026-03387,105.06,pos,FUEL,2026-06-18T20:01:47Z,0.19645761771558104
TXN-2026-03388,29.12,ecom,UTILITIES,2026-06-25T12:32:03Z,0.25960593695148937
TXN-2026-03389,276.58,pos,FUEL,2026-06-03T22:46:46Z,0.2855491552529922
TXN-2026-03390,228.04,ecom,TELECOM,2026-07-05T23:47:41Z,0.5200712363241352
TXN-2026-03391,51.01,transfer,HOME_GOODS,2026-07-06T04:49:52Z,0.1828859026274469
TXN-2026-03392,71.48,pos,FUEL,2026-06-01T22:45:53Z,0.1716550440181939
TXN-2026-03393,50.99,ecom,HEALTHCARE,2026-06-12T15:41:45Z,0.31649969566519437
TXN-2026-03394,2314.26,ecom,RESTAURANT,2026-06-12T03:43:57Z,0.9597501606633191
TXN-2026-03395,36.03,pos,ENTERTAINMENT,2026-07-03T14:04:39Z,0.08048329076770697
TXN-2026-03396,150.81,pos,ONLINE_SERVICES,2026-07-26T20:51:58Z,0.12630952889320224
TXN-2026-03397,81.38,ecom,EDUCATION,2026-06-12T15:13:29Z,0.37216425408618964
TXN-2026-03398,93.71,ecom,ELECTRONICS,2026-07-28T02:08:37Z,0.8025380778495107
TXN-2026-03399,39.72,pos,UTILITIES,2026-07-01T10:12:23Z,0.08427020559745473
TXN-2026-03400,568.99,transfer,FASHION,2026-07-27T03:10:13Z,0.3378529895916715
TXN-2026-03401,158.54,ecom,RESTAURANT,2026-07-16T15:03:49Z,0.47146085051568104
TXN-2026-03402,90.77,pos,GROCERY,2026-07-04T06:30:39Z,0.11376886105916716
TXN-2026-03403,115.84,ecom,TRAVEL,2026-06-01T19:51:38Z,0.427744280912518
TXN-2026-03404,40.01,ecom,ELECTRONICS,2026-07-05T17:50:49Z,0.2782300450762755
TXN-2026-03405,83.23,atm,EDUCATION,2026-06-15T06:28:03Z,0.4398785217805587
TXN-2026-03406,77.9,atm,PHARMACY,2026-07-02T00:00:20Z,0.8227758046213217
TXN-2026-03407,261.73,transfer,JEWELRY,2026-07-20T16:01:42Z,0.09936537321712252
TXN-2026-03408,33.15,pos,TELECOM,2026-07-06T05:21:32Z,0.4012771003985671
TXN-2026-03409,10.48,pos,PHARMACY,2026-06-29T00:24:26Z,0.22509250066652012
TXN-2026-03410,285.23,ecom,RESTAURANT,2026-06-07T18:50:04Z,0.5505577566223554
TXN-2026-03411,210.92,ecom,GROCERY,2026-07-17T03:53:12Z,0.8689969012765218
TXN-2026-03412,137.91,ecom,ENTERTAINMENT,2026-06-14T00:26:06Z,0.8364055038474044
TXN-2026-03413,32.43,pos,ENTERTAINMENT,2026-07-15T09:08:19Z,0.07323822758140784
TXN-2026-03414,164.75,pos,TELECOM,2026-07-20T13:21:53Z,0.16158413280354425
TXN-2026-03415,77.81,ecom,ELECTRONICS,2026-07-13T19:01:54Z,0.35140553474143316
TXN-2026-03416,199.74,pos,TELECOM,2026-07-25T13:34:55Z,0.17468228740661623
TXN-2026-03417,128.89,ecom,JEWELRY,2026-06-12T01:20:16Z,0.8453592067451985
TXN-2026-03418,38.96,transfer,UTILITIES,2026-06-18T00:36:50Z,0.22550737059224657
TXN-2026-03419,210.88,ecom,ONLINE_SERVICES,2026-06-02T02:14:56Z,0.8331576520545022
TXN-2026-03420,83.07,pos,UTILITIES,2026-07-01T00:36:04Z,0.49178294530811156
TXN-2026-03421,21.57,transfer,GROCERY,2026-06-02T09:45:26Z,0.02806390447267229
TXN-2026-03422,9.65,pos,EDUCATION,2026-07-05T14:22:10Z,0.04749826585728891
TXN-2026-03423,58.79,pos,FASHION,2026-06-29T13:03:05Z,0.050360379465801436
TXN-2026-03424,15.29,pos,ELECTRONICS,2026-06-11T21:57:06Z,0.05585760531090801
TXN-2026-03425,53.07,pos,ONLINE_SERVICES,2026-06-16T03:21:01Z,0.37430969075756043
TXN-2026-03426,143.77,pos,FUEL,2026-07-22T15:54:49Z,0.21273172393804168
TXN-2026-03427,8.23,ecom,TELECOM,2026-07-15T07:07:37Z,0.16010285320628515
TXN-2026-03428,15.78,pos,FUEL,2026-07-29T09:17:24Z,0.08126831055115766
TXN-2026-03429,81.27,pos,UTILITIES,2026-07-28T02:55:05Z,0.4943508690523613
TXN-2026-03430,319.3,transfer,UTILITIES,2026-07-30T22:38:52Z,0.11019217011383274
TXN-2026-03431,915.34,atm,TELECOM,2026-06-20T00:56:00Z,0.9519130021145935
TXN-2026-03432,395.02,atm,FASHION,2026-07-21T18:09:41Z,0.46722222970987126
TXN-2026-03433,569.66,ecom,UTILITIES,2026-06-27T08:54:36Z,0.5864174472566158
TXN-2026-03434,207.65,pos,FASHION,2026-07-07T03:54:34Z,0.41889738689298434
TXN-2026-03435,64.15,pos,EDUCATION,2026-06-26T01:44:39Z,0.46367862374090724
TXN-2026-03436,36.29,pos,HOME_GOODS,2026-07-13T20:39:13Z,0.05962877390330239
TXN-2026-03437,51.82,ecom,PHARMACY,2026-06-21T18:07:01Z,0.28088064601034074
TXN-2026-03438,250.4,atm,HEALTHCARE,2026-06-27T15:02:42Z,0.5903241556547694
TXN-2026-03439,32.92,pos,PHARMACY,2026-06-09T11:47:01Z,0.06332463711082774
TXN-2026-03440,134.99,pos,FASHION,2026-07-05T10:29:51Z,0.07134530428595916
TXN-2026-03441,453.68,transfer,FASHION,2026-06-23T10:46:21Z,0.05662863756673853
TXN-2026-03442,71.12,ecom,RESTAURANT,2026-06-18T05:00:45Z,0.8169112679002162
TXN-2026-03443,65.41,pos,ENTERTAINMENT,2026-07-16T22:49:09Z,0.11238293858296373
TXN-2026-03444,138.16,ecom,JEWELRY,2026-07-06T18:17:53Z,0.45194253844720533
TXN-2026-03445,375.54,atm,JEWELRY,2026-07-27T09:16:34Z,0.6374952014117918
TXN-2026-03446,101.84,pos,ENTERTAINMENT,2026-06-07T13:22:14Z,0.12492687608570822
TXN-2026-03447,59.63,pos,ELECTRONICS,2026-06-05T18:07:24Z,0.09833260469545461
TXN-2026-03448,138.82,atm,UTILITIES,2026-07-09T05:22:02Z,0.89058472638177
TXN-2026-03449,75.41,pos,ONLINE_SERVICES,2026-07-01T21:02:01Z,0.09454374774385306
TXN-2026-03450,87.77,pos,HEALTHCARE,2026-07-20T15:19:14Z,0.12211883973637061
TXN-2026-03451,165.39,ecom,ELECTRONICS,2026-06-25T21:36:40Z,0.44362578252816154
TXN-2026-03452,30.62,pos,HOME_GOODS,2026-06-30T19:57:06Z,0.05472027747571912
TXN-2026-03453,523.98,ecom,GROCERY,2026-06-04T11:38:24Z,0.5785404139723617
TXN-2026-03454,242.11,pos,ONLINE_SERVICES,2026-06-13T17:43:13Z,0.14995625620231753
TXN-2026-03455,148.83,atm,JEWELRY,2026-07-01T23:30:15Z,0.5645778265520198
TXN-2026-03456,24.6,pos,HEALTHCARE,2026-07-21T04:43:50Z,0.35595130386877977
TXN-2026-03457,49.41,pos,HOME_GOODS,2026-06-28T14:39:38Z,0.0645701214962795
TXN-2026-03458,427.32,ecom,UTILITIES,2026-07-15T14:09:25Z,0.5674379783439356
TXN-2026-03459,50.51,ecom,HOME_GOODS,2026-07-22T05:54:33Z,0.6921651416038594
TXN-2026-03460,358.89,ecom,ENTERTAINMENT,2026-07-10T02:03:18Z,0.89266434874716
TXN-2026-03461,296.96,pos,ONLINE_SERVICES,2026-06-12T23:18:06Z,0.17181120818744783
TXN-2026-03462,136.5,ecom,TRAVEL,2026-06-05T04:38:49Z,0.8500058785530974
TXN-2026-03463,78.34,pos,ENTERTAINMENT,2026-07-10T12:14:51Z,0.11067026643220909
TXN-2026-03464,696.54,pos,RESTAURANT,2026-06-02T03:46:20Z,0.7540634404094239
TXN-2026-03465,221.09,atm,ENTERTAINMENT,2026-07-13T22:29:17Z,0.5872263640712206
TXN-2026-03466,268.92,pos,GROCERY,2026-07-25T14:13:29Z,0.1912913405709911
TXN-2026-03467,202.79,pos,TELECOM,2026-06-11T13:10:04Z,0.17574826815375824
TXN-2026-03468,706.25,atm,GROCERY,2026-06-14T16:24:21Z,0.7066181597012428
TXN-2026-03469,52.83,atm,FASHION,2026-06-03T08:53:30Z,0.22938514006228594
TXN-2026-03470,41.88,atm,EDUCATION,2026-06-04T02:57:20Z,0.8159113383291824
TXN-2026-03471,399.63,pos,HOME_GOODS,2026-07-09T06:51:56Z,0.1489648091044613
TXN-2026-03472,178.0,pos,GROCERY,2026-07-03T10:24:09Z,0.15652957880018592
TXN-2026-03473,162.59,pos,FASHION,2026-07-27T08:42:47Z,0.07609137257711192
TXN-2026-03474,89.03,ecom,HOME_GOODS,2026-07-04T05:31:49Z,0.7471352882322833
TXN-2026-03475,14.89,pos,PHARMACY,2026-07-21T10:22:58Z,0.044132214055031614
TXN-2026-03476,400.19,ecom,JEWELRY,2026-07-17T09:05:57Z,0.5575511007788425
TXN-2026-03477,71.37,pos,FUEL,2026-07-04T17:03:44Z,0.1642640561160979
TXN-2026-03478,76.56,pos,UTILITIES,2026-07-20T05:26:32Z,0.4949639995480666
TXN-2026-03479,63.34,ecom,JEWELRY,2026-07-29T00:28:24Z,0.7932435175855308
TXN-2026-03480,194.75,pos,ELECTRONICS,2026-06-24T18:30:09Z,0.16211549045703666
TXN-2026-03481,67.73,pos,HOME_GOODS,2026-06-03T00:50:31Z,0.36236291455401437
TXN-2026-03482,173.67,pos,ELECTRONICS,2026-06-01T00:57:28Z,0.5539062351956285
TXN-2026-03483,1462.9,pos,JEWELRY,2026-07-01T01:27:27Z,0.8052089269294309
TXN-2026-03484,592.1,ecom,EDUCATION,2026-06-15T09:37:55Z,0.5938937421034445
TXN-2026-03485,66.09,pos,TRAVEL,2026-06-24T19:31:34Z,0.11642359608029754
TXN-2026-03486,81.97,transfer,FASHION,2026-06-11T21:49:02Z,0.028461518690428487
TXN-2026-03487,80.0,pos,HEALTHCARE,2026-07-13T05:21:48Z,0.4952230809694836
TXN-2026-03488,18.98,pos,HEALTHCARE,2026-07-23T21:02:50Z,0.06664370280267753
TXN-2026-03489,66.47,pos,RESTAURANT,2026-06-24T10:39:22Z,0.11387871809599857
TXN-2026-03490,31.89,atm,EDUCATION,2026-07-27T11:34:55Z,0.34310212195835305
TXN-2026-03491,46.61,pos,HOME_GOODS,2026-07-30T04:51:03Z,0.33114894309405923
TXN-2026-03492,406.87,pos,EDUCATION,2026-06-02T12:39:17Z,0.22511859230974768
TXN-2026-03493,161.5,atm,ENTERTAINMENT,2026-07-27T09:57:07Z,0.5160196913178227
TXN-2026-03494,42.59,pos,JEWELRY,2026-06-16T22:48:51Z,0.10126664572227649
TXN-2026-03495,240.68,atm,HOME_GOODS,2026-07-16T17:38:44Z,0.48834368998315797
TXN-2026-03496,68.89,atm,UTILITIES,2026-07-21T00:18:18Z,0.8462356259508603
TXN-2026-03497,12.3,pos,ENTERTAINMENT,2026-07-04T18:01:10Z,0.05240331130560866
TXN-2026-03498,333.46,transfer,GROCERY,2026-06-21T20:50:03Z,0.10799866538869922
TXN-2026-03499,163.45,ecom,GROCERY,2026-06-20T00:24:10Z,0.8502770365591943
TXN-2026-03500,50.09,pos,PHARMACY,2026-06-24T01:07:12Z,0.3785998873211196
TXN-2026-03501,1318.04,ecom,UTILITIES,2026-06-01T23:23:07Z,0.7141202644064423
TXN-2026-03502,144.88,pos,JEWELRY,2026-06-02T22:59:52Z,0.16905412291030678
TXN-2026-03503,34.49,transfer,ELECTRONICS,2026-07-29T06:13:51Z,0.031063074351279984
TXN-2026-03504,43.95,pos,EDUCATION,2026-07-29T18:16:28Z,0.09515194623997311
TXN-2026-03505,785.41,ecom,TRAVEL,2026-06-25T01:23:26Z,0.9280009067929831
TXN-2026-03506,36.46,pos,FASHION,2026-07-25T09:39:05Z,0.0388914474376529
TXN-2026-03507,250.94,pos,FASHION,2026-06-14T13:22:43Z,0.09680027345388438
TXN-2026-03508,82.35,transfer,HEALTHCARE,2026-06-03T17:37:20Z,0.056272341771265166
TXN-2026-03509,178.26,ecom,ONLINE_SERVICES,2026-06-27T07:15:43Z,0.3719238189210505
TXN-2026-03510,157.76,pos,HOME_GOODS,2026-07-19T07:06:42Z,0.10109642576198118
TXN-2026-03511,297.53,ecom,ENTERTAINMENT,2026-07-24T17:58:27Z,0.5201762366630707
TXN-2026-03512,117.94,pos,ENTERTAINMENT,2026-07-18T05:29:20Z,0.535849046972031
TXN-2026-03513,91.64,pos,ENTERTAINMENT,2026-06-10T06:12:56Z,0.11197883422309912
TXN-2026-03514,166.06,atm,ONLINE_SERVICES,2026-07-02T01:40:43Z,0.8636313303674865
TXN-2026-03515,848.61,pos,JEWELRY,2026-07-12T13:53:12Z,0.30484675316597565
TXN-2026-03516,772.02,pos,UTILITIES,2026-07-05T18:24:00Z,0.296845033686701
TXN-2026-03517,144.45,ecom,JEWELRY,2026-07-17T05:23:10Z,0.8576275942311014
TXN-2026-03518,17.17,pos,EDUCATION,2026-06-09T05:40:18Z,0.32553751881776877
TXN-2026-03519,43.33,ecom,JEWELRY,2026-06-01T19:34:58Z,0.3225724032108242
TXN-2026-03520,882.5,transfer,JEWELRY,2026-07-22T08:57:34Z,0.15518451144001488
TXN-2026-03521,630.91,transfer,ENTERTAINMENT,2026-06-25T01:11:06Z,0.5204183371272816
TXN-2026-03522,678.61,ecom,FUEL,2026-06-27T09:03:20Z,0.7004862890769372
TXN-2026-03523,23.49,pos,HEALTHCARE,2026-07-30T20:49:21Z,0.07240655956710283
TXN-2026-03524,163.53,ecom,HOME_GOODS,2026-06-19T02:21:50Z,0.793645180430934
TXN-2026-03525,69.22,pos,HEALTHCARE,2026-06-09T08:30:38Z,0.10338231394254405
TXN-2026-03526,64.63,ecom,JEWELRY,2026-07-22T01:22:41Z,0.7965272770682232
TXN-2026-03527,84.61,transfer,ENTERTAINMENT,2026-06-26T08:57:00Z,0.05090293764546557
TXN-2026-03528,13.42,pos,FUEL,2026-07-15T15:32:42Z,0.08040932200364345
TXN-2026-03529,53.45,atm,TRAVEL,2026-06-28T12:29:11Z,0.4077536700915379
TXN-2026-03530,49.75,pos,HEALTHCARE,2026-06-03T13:42:01Z,0.0939029551158703
TXN-2026-03531,456.14,pos,TELECOM,2026-07-13T17:33:13Z,0.24814876566950475
TXN-2026-03532,156.67,ecom,ONLINE_SERVICES,2026-06-23T20:56:16Z,0.3890866219048482
TXN-2026-03533,50.91,pos,PHARMACY,2026-07-12T17:03:35Z,0.08141016727477667
TXN-2026-03534,273.63,ecom,HOME_GOODS,2026-06-10T15:14:40Z,0.4087167779874532
TXN-2026-03535,193.97,atm,FUEL,2026-07-22T13:04:18Z,0.6558452199071146
TXN-2026-03536,32.6,pos,FUEL,2026-07-26T10:19:21Z,0.11153415425932516
TXN-2026-03537,1378.97,atm,TRAVEL,2026-07-17T09:55:48Z,0.7643493651423581
TXN-2026-03538,9.18,pos,HEALTHCARE,2026-07-06T18:32:59Z,0.04740053006794983
TXN-2026-03539,25.62,pos,FUEL,2026-06-26T18:56:06Z,0.10855083481559434
TXN-2026-03540,246.41,ecom,FUEL,2026-06-08T15:05:13Z,0.6029841081989891
TXN-2026-03541,207.88,pos,TRAVEL,2026-06-20T18:41:19Z,0.18518252707305208
TXN-2026-03542,25.06,ecom,TELECOM,2026-06-13T09:31:56Z,0.24436734197594273
TXN-2026-03543,177.91,pos,ONLINE_SERVICES,2026-07-24T17:34:46Z,0.13182297209447796
TXN-2026-03544,459.46,transfer,ENTERTAINMENT,2026-07-18T05:03:16Z,0.4921533754536246
TXN-2026-03545,5.8,ecom,HOME_GOODS,2026-07-17T07:01:58Z,0.09433021100679267
TXN-2026-03546,26.67,ecom,FASHION,2026-06-15T07:49:45Z,0.12875167549723102
TXN-2026-03547,36.47,ecom,HEALTHCARE,2026-06-19T15:29:08Z,0.2829024272050975
TXN-2026-03548,156.86,ecom,EDUCATION,2026-06-19T03:36:50Z,0.8547737380830966
TXN-2026-03549,100.43,pos,ONLINE_SERVICES,2026-06-19T05:39:32Z,0.45383530118238735
TXN-2026-03550,33.04,pos,ELECTRONICS,2026-06-23T16:22:38Z,0.07452863028941414
TXN-2026-03551,93.0,ecom,GROCERY,2026-07-07T18:36:05Z,0.38898291584432204
TXN-2026-03552,38.2,transfer,TELECOM,2026-06-17T08:03:45Z,0.03764896864461474
TXN-2026-03553,35.42,pos,HEALTHCARE,2026-07-12T09:15:20Z,0.07792311637431622
TXN-2026-03554,12.49,pos,ENTERTAINMENT,2026-07-24T03:09:33Z,0.2805051521597063
TXN-2026-03555,917.32,ecom,ELECTRONICS,2026-06-21T08:16:49Z,0.6162197949514681
TXN-2026-03556,71.01,transfer,GROCERY,2026-06-02T14:01:39Z,0.05092473947263474
TXN-2026-03557,32.7,pos,FUEL,2026-07-13T06:08:27Z,0.10760583182900973
TXN-2026-03558,24.94,ecom,JEWELRY,2026-07-21T23:54:41Z,0.276401476778329
TXN-2026-03559,17.83,pos,UTILITIES,2026-06-28T06:24:36Z,0.057071396055221955
TXN-2026-03560,263.0,pos,UTILITIES,2026-06-15T16:58:23Z,0.19642983357010546
TXN-2026-03561,178.22,pos,FUEL,2026-06-21T19:46:36Z,0.23823219637810347
TXN-2026-03562,101.11,pos,EDUCATION,2026-07-02T03:23:41Z,0.5237637772365038
TXN-2026-03563,12.4,ecom,EDUCATION,2026-06-14T20:19:52Z,0.20437875001966
TXN-2026-03564,80.2,ecom,FUEL,2026-06-10T03:51:01Z,0.8641600679591371
TXN-2026-03565,552.1,atm,PHARMACY,2026-07-27T14:03:49Z,0.6297963104656665
TXN-2026-03566,78.97,transfer,RESTAURANT,2026-07-26T20:50:26Z,0.06288866984169778
TXN-2026-03567,335.62,atm,FUEL,2026-07-07T21:10:45Z,0.7301552874228069
TXN-2026-03568,98.67,atm,TRAVEL,2026-07-10T15:20:12Z,0.48844422596129766
TXN-2026-03569,133.32,atm,JEWELRY,2026-06-02T14:20:28Z,0.5280792885645016
TXN-2026-03570,215.99,pos,UTILITIES,2026-07-22T03:37:45Z,0.6135458394785989
TXN-2026-03571,64.73,atm,FUEL,2026-06-13T17:17:00Z,0.5385971267701298
TXN-2026-03572,21.73,pos,PHARMACY,2026-07-13T20:26:33Z,0.05754021856181798
TXN-2026-03573,100.81,pos,ELECTRONICS,2026-06-02T06:05:41Z,0.11031634996116531
TXN-2026-03574,52.93,ecom,ONLINE_SERVICES,2026-07-18T11:26:27Z,0.2554401269198142
TXN-2026-03575,24.24,transfer,HEALTHCARE,2026-06-16T08:00:49Z,0.02937298874079558
TXN-2026-03576,111.44,ecom,PHARMACY,2026-06-30T11:26:54Z,0.34444781545888564
TXN-2026-03577,163.39,ecom,ENTERTAINMENT,2026-07-21T23:09:15Z,0.46293915032712374
TXN-2026-03578,271.61,atm,FUEL,2026-06-20T22:31:40Z,0.7114980972585631
TXN-2026-03579,192.68,pos,HOME_GOODS,2026-07-24T00:20:13Z,0.48541833741360246
TXN-2026-03580,85.26,transfer,HEALTHCARE,2026-07-24T13:09:37Z,0.05496272166766133
TXN-2026-03581,128.19,atm,ENTERTAINMENT,2026-07-09T01:14:27Z,0.8777148714079561
TXN-2026-03582,46.07,pos,ELECTRONICS,2026-07-11T21:30:28Z,0.0904270556502859
TXN-2026-03583,148.99,pos,TELECOM,2026-07-06T14:17:39Z,0.15644364668833535
TXN-2026-03584,151.66,ecom,TELECOM,2026-07-13T15:34:33Z,0.4497802433854792
TXN-2026-03585,32.46,pos,EDUCATION,2026-06-26T16:47:25Z,0.08184397634271186
TXN-2026-03586,217.35,transfer,TRAVEL,2026-07-26T01:36:45Z,0.40808393723807457
TXN-2026-03587,27.71,transfer,GROCERY,2026-06-10T23:42:05Z,0.03622608024494067
TXN-2026-03588,59.96,ecom,ELECTRONICS,2026-07-29T17:11:18Z,0.3187864557481928
TXN-2026-03589,46.45,ecom,ENTERTAINMENT,2026-07-11T05:42:51Z,0.7610498475168845
TXN-2026-03590,64.97,pos,RESTAURANT,2026-07-21T07:07:56Z,0.10968051563937553
TXN-2026-03591,42.87,atm,EDUCATION,2026-06-29T19:03:19Z,0.3952852248048071
TXN-2026-03592,157.36,pos,PHARMACY,2026-06-22T03:38:48Z,0.5196755761727975
TXN-2026-03593,95.23,transfer,HEALTHCARE,2026-07-14T05:27:50Z,0.3160484704350256
TXN-2026-03594,340.8,transfer,GROCERY,2026-07-04T02:57:53Z,0.45364412350406064
TXN-2026-03595,67.92,pos,ELECTRONICS,2026-06-10T19:17:10Z,0.10500871101778705
TXN-2026-03596,39.7,pos,GROCERY,2026-06-23T17:09:17Z,0.08820191671198133
TXN-2026-03597,117.0,transfer,PHARMACY,2026-06-01T01:14:03Z,0.2843097244995299
TXN-2026-03598,110.51,atm,HOME_GOODS,2026-07-08T17:38:27Z,0.3953212124379203
TXN-2026-03599,216.59,pos,UTILITIES,2026-07-26T16:59:13Z,0.18192914644323827
TXN-2026-03600,58.49,pos,GROCERY,2026-07-30T19:53:08Z,0.10628584172795331
TXN-2026-03601,47.43,ecom,ONLINE_SERVICES,2026-06-28T16:11:15Z,0.25535152855865517
TXN-2026-03602,134.0,pos,JEWELRY,2026-07-04T20:00:07Z,0.16095749999048448
TXN-2026-03603,20.36,atm,UTILITIES,2026-07-19T11:23:51Z,0.29686751750639145
TXN-2026-03604,149.94,ecom,GROCERY,2026-07-02T07:07:29Z,0.4171063719189865
TXN-2026-03605,42.56,pos,RESTAURANT,2026-07-18T06:36:22Z,0.09050618962909819
TXN-2026-03606,63.28,pos,GROCERY,2026-06-24T00:00:26Z,0.4533780092987731
TXN-2026-03607,200.68,atm,TRAVEL,2026-07-01T21:34:10Z,0.5893112954434114
TXN-2026-03608,70.42,ecom,HEALTHCARE,2026-07-17T23:28:01Z,0.3702508411081011
TXN-2026-03609,107.56,ecom,FUEL,2026-07-14T04:26:09Z,0.8810862524950297
TXN-2026-03610,19.93,pos,GROCERY,2026-07-25T04:40:28Z,0.33310414301153296
TXN-2026-03611,68.99,transfer,ENTERTAINMENT,2026-06-25T22:34:32Z,0.053246505548008534
TXN-2026-03612,66.08,pos,ENTERTAINMENT,2026-07-26T22:54:21Z,0.1128736914232917
TXN-2026-03613,32.05,atm,HEALTHCARE,2026-07-10T12:51:52Z,0.3410762238486664
TXN-2026-03614,554.23,atm,EDUCATION,2026-06-25T08:51:18Z,0.6685597165450404
TXN-2026-03615,776.05,pos,JEWELRY,2026-07-24T08:43:17Z,0.28492865943095874
TXN-2026-03616,189.93,pos,ELECTRONICS,2026-06-25T01:58:46Z,0.5671999183557832
TXN-2026-03617,19.55,ecom,JEWELRY,2026-07-10T04:04:24Z,0.6959365459131145
TXN-2026-03618,45.88,pos,JEWELRY,2026-07-22T03:48:03Z,0.4394746525608667
TXN-2026-03619,51.43,pos,UTILITIES,2026-07-08T12:39:19Z,0.09611189441473364
TXN-2026-03620,288.53,ecom,JEWELRY,2026-07-23T00:43:35Z,0.8889758618874863
TXN-2026-03621,29.07,pos,ONLINE_SERVICES,2026-06-16T13:32:01Z,0.05737811447668636
TXN-2026-03622,152.19,pos,EDUCATION,2026-06-08T06:11:27Z,0.14458936953715568
TXN-2026-03623,230.27,atm,ELECTRONICS,2026-07-30T16:03:51Z,0.5613746476527754
TXN-2026-03624,192.11,ecom,GROCERY,2026-07-20T12:32:45Z,0.459589898957056
TXN-2026-03625,256.16,pos,JEWELRY,2026-06-30T05:38:05Z,0.6479792123427365
TXN-2026-03626,61.4,pos,HEALTHCARE,2026-06-14T01:08:43Z,0.4530280410987504
TXN-2026-03627,1366.96,pos,TRAVEL,2026-07-02T10:33:34Z,0.3439412312062688
TXN-2026-03628,125.79,atm,GROCERY,2026-06-17T03:24:22Z,0.8813363791654096
TXN-2026-03629,53.21,pos,ONLINE_SERVICES,2026-06-03T00:57:52Z,0.3673044739237356
TXN-2026-03630,68.46,atm,ELECTRONICS,2026-07-12T00:04:13Z,0.831177809879175
TXN-2026-03631,369.33,atm,ELECTRONICS,2026-06-05T08:24:39Z,0.5971491724630067
TXN-2026-03632,756.79,atm,GROCERY,2026-07-28T15:10:02Z,0.711431764164161
TXN-2026-03633,227.28,pos,HOME_GOODS,2026-06-16T06:23:01Z,0.11733851548541885
TXN-2026-03634,92.86,pos,ELECTRONICS,2026-06-08T15:15:02Z,0.11573934089348371
TXN-2026-03635,202.49,ecom,GROCERY,2026-06-04T18:53:59Z,0.48155818281265667
TXN-2026-03636,195.63,pos,UTILITIES,2026-07-11T21:26:26Z,0.18231722981147908
TXN-2026-03637,571.56,ecom,JEWELRY,2026-06-18T06:14:38Z,0.5924067137868676
TXN-2026-03638,328.52,ecom,GROCERY,2026-06-26T04:43:24Z,0.8926861908227797
TXN-2026-03639,279.28,ecom,FASHION,2026-07-28T11:55:53Z,0.32350723786888114
TXN-2026-03640,13.84,pos,TRAVEL,2026-07-19T20:58:38Z,0.05984361213314387
TXN-2026-03641,92.44,pos,JEWELRY,2026-06-26T23:01:53Z,0.1418731245308171
TXN-2026-03642,177.04,ecom,PHARMACY,2026-07-23T14:30:40Z,0.40433561386553163
TXN-2026-03643,253.34,ecom,UTILITIES,2026-06-19T06:46:38Z,0.4832596645141096
TXN-2026-03644,840.04,atm,JEWELRY,2026-07-21T05:00:09Z,0.953398588215145
TXN-2026-03645,13.86,atm,HOME_GOODS,2026-06-22T07:18:31Z,0.18017317354028528
TXN-2026-03646,123.18,atm,HEALTHCARE,2026-07-08T14:18:21Z,0.5024661126253419
TXN-2026-03647,139.16,transfer,GROCERY,2026-07-01T06:20:27Z,0.06399524650752783
TXN-2026-03648,16.27,pos,FASHION,2026-06-03T19:01:36Z,0.029835487477376084
TXN-2026-03649,64.78,pos,FASHION,2026-06-13T13:00:28Z,0.05264143396122091
TXN-2026-03650,49.94,pos,TRAVEL,2026-07-29T06:42:42Z,0.09136798315488592
TXN-2026-03651,182.11,ecom,TELECOM,2026-06-05T15:23:17Z,0.47188137202667924
TXN-2026-03652,298.78,ecom,PHARMACY,2026-06-11T17:07:28Z,0.47470434790967575
TXN-2026-03653,32.15,ecom,ELECTRONICS,2026-07-12T21:22:27Z,0.26588206394557345
TXN-2026-03654,946.18,pos,FASHION,2026-07-01T12:16:29Z,0.1685510692756382
TXN-2026-03655,210.25,pos,UTILITIES,2026-07-21T18:37:36Z,0.18288302297574527
TXN-2026-03656,660.87,atm,ONLINE_SERVICES,2026-06-08T00:09:33Z,0.9247555643617144
TXN-2026-03657,222.08,atm,PHARMACY,2026-06-16T05:59:43Z,0.8904969788540142
TXN-2026-03658,705.29,ecom,ELECTRONICS,2026-07-25T16:02:49Z,0.6055303171480111
TXN-2026-03659,122.95,atm,PHARMACY,2026-07-17T21:34:14Z,0.4682275808716762
TXN-2026-03660,253.78,pos,ELECTRONICS,2026-06-30T12:37:09Z,0.1713301434847787
TXN-2026-03661,9.07,ecom,GROCERY,2026-07-08T03:56:19Z,0.599125203300705
TXN-2026-03662,48.61,pos,UTILITIES,2026-07-15T20:20:47Z,0.10112436282398637
TXN-2026-03663,61.49,ecom,ONLINE_SERVICES,2026-06-15T05:45:30Z,0.7392731416157563
TXN-2026-03664,246.99,ecom,GROCERY,2026-06-03T10:26:25Z,0.484879185850219
TXN-2026-03665,60.19,pos,TELECOM,2026-07-25T07:09:36Z,0.10006375581886076
TXN-2026-03666,27.5,pos,UTILITIES,2026-06-06T18:06:30Z,0.07750140611179315
TXN-2026-03667,127.77,pos,FASHION,2026-06-16T17:02:04Z,0.07447633027736009
TXN-2026-03668,70.84,pos,ELECTRONICS,2026-06-28T23:35:09Z,0.110981789756818
TXN-2026-03669,64.01,transfer,TRAVEL,2026-07-21T07:46:22Z,0.04722417118880954
TXN-2026-03670,17.44,transfer,EDUCATION,2026-06-13T02:41:06Z,0.1694295417876908
TXN-2026-03671,189.23,ecom,GROCERY,2026-07-27T19:17:14Z,0.4759357476525073
TXN-2026-03672,2739.29,ecom,ENTERTAINMENT,2026-06-07T12:23:57Z,0.7526951836758227
TXN-2026-03673,212.82,atm,JEWELRY,2026-07-13T04:18:18Z,0.9119809259314046
TXN-2026-03674,12.07,pos,ENTERTAINMENT,2026-06-03T17:29:13Z,0.05146959034021763
TXN-2026-03675,91.05,pos,ENTERTAINMENT,2026-07-18T00:19:21Z,0.491532194298365
TXN-2026-03676,45.64,ecom,HEALTHCARE,2026-07-12T02:25:18Z,0.7583949676875774
TXN-2026-03677,166.46,ecom,FUEL,2026-07-27T07:59:46Z,0.5358263928635277
TXN-2026-03678,342.34,ecom,EDUCATION,2026-07-06T02:23:22Z,0.8949373312898761
TXN-2026-03679,70.64,pos,FUEL,2026-07-12T07:15:32Z,0.14980895645384917
TXN-2026-03680,119.7,atm,ENTERTAINMENT,2026-07-02T09:38:00Z,0.47967105808830174
TXN-2026-03681,120.19,pos,PHARMACY,2026-06-06T13:30:34Z,0.11401925207148657
TXN-2026-03682,138.87,pos,ONLINE_SERVICES,2026-07-05T10:57:40Z,0.11121754449148721
TXN-2026-03683,119.68,atm,UTILITIES,2026-07-08T10:15:52Z,0.49358784775655246
TXN-2026-03684,30.04,pos,ENTERTAINMENT,2026-07-03T13:06:55Z,0.07360811886083414
TXN-2026-03685,92.86,atm,RESTAURANT,2026-06-05T21:36:17Z,0.5132730629503702
TXN-2026-03686,330.44,pos,ELECTRONICS,2026-06-01T08:18:28Z,0.18402993618110453
TXN-2026-03687,42.87,pos,ENTERTAINMENT,2026-06-12T06:52:28Z,0.08044414101633256
TXN-2026-03688,419.47,atm,TRAVEL,2026-06-27T00:45:26Z,0.9311173751184518
TXN-2026-03689,80.74,atm,GROCERY,2026-06-19T02:44:26Z,0.855694484449843
TXN-2026-03690,38.78,pos,HEALTHCARE,2026-07-18T11:26:49Z,0.082649657044293
TXN-2026-03691,109.76,ecom,JEWELRY,2026-07-10T08:21:32Z,0.399203847104069
TXN-2026-03692,192.87,transfer,JEWELRY,2026-06-19T09:34:56Z,0.08121269146392499
TXN-2026-03693,49.14,pos,FASHION,2026-07-24T12:31:40Z,0.04593915190167987
TXN-2026-03694,426.84,atm,TRAVEL,2026-07-08T17:34:58Z,0.6653612249678927
TXN-2026-03695,499.04,ecom,RESTAURANT,2026-06-01T07:53:50Z,0.5893040407813728
TXN-2026-03696,24.55,pos,TRAVEL,2026-07-06T00:32:46Z,0.35557228446392203
TXN-2026-03697,465.4,atm,ONLINE_SERVICES,2026-06-01T15:54:46Z,0.5966451321322722
TXN-2026-03698,283.82,pos,FASHION,2026-06-12T11:57:02Z,0.10027695051568467
TXN-2026-03699,262.73,ecom,RESTAURANT,2026-06-01T21:58:42Z,0.548390103342801
TXN-2026-03700,47.1,pos,TELECOM,2026-06-14T16:45:40Z,0.09793481223679279
TXN-2026-03701,209.71,pos,FUEL,2026-07-22T21:55:04Z,0.25685954284294377
TXN-2026-03702,146.61,pos,GROCERY,2026-06-19T22:23:24Z,0.16064570740381245
TXN-2026-03703,84.73,atm,HOME_GOODS,2026-06-29T10:29:21Z,0.3482780468541288
TXN-2026-03704,57.57,pos,RESTAURANT,2026-06-16T16:34:10Z,0.11321293744276066
TXN-2026-03705,575.61,atm,TELECOM,2026-07-03T14:48:20Z,0.6904831281967666
TXN-2026-03706,78.84,pos,FUEL,2026-06-07T04:51:47Z,0.5958344063399262
TXN-2026-03707,6.02,pos,TRAVEL,2026-07-09T06:56:01Z,0.03673837396090346
TXN-2026-03708,316.5,ecom,ELECTRONICS,2026-07-25T22:20:21Z,0.5249886229600841
TXN-2026-03709,378.97,atm,HOME_GOODS,2026-06-16T01:24:41Z,0.8919034586294564
TXN-2026-03710,212.39,transfer,ENTERTAINMENT,2026-06-24T03:50:03Z,0.39449302531566316
TXN-2026-03711,39.51,transfer,ONLINE_SERVICES,2026-07-15T20:12:47Z,0.03175694964488412
TXN-2026-03712,63.6,pos,RESTAURANT,2026-07-01T10:21:49Z,0.11175060303001182
TXN-2026-03713,414.23,pos,GROCERY,2026-07-10T22:17:57Z,0.24094347827653578
TXN-2026-03714,474.15,ecom,FUEL,2026-07-07T08:07:15Z,0.6601851971638147
TXN-2026-03715,29.83,ecom,ONLINE_SERVICES,2026-07-04T15:33:27Z,0.21389229709441016
TXN-2026-03716,22.59,pos,HEALTHCARE,2026-07-18T23:57:39Z,0.07328292462609491
TXN-2026-03717,64.08,pos,GROCERY,2026-06-18T10:46:09Z,0.10163430332181303
TXN-2026-03718,154.13,pos,ENTERTAINMENT,2026-07-01T08:57:03Z,0.14213828835252523
TXN-2026-03719,154.29,transfer,FUEL,2026-07-05T05:35:56Z,0.47173766270185924
TXN-2026-03720,221.86,transfer,ONLINE_SERVICES,2026-06-02T17:41:41Z,0.06820162879669224
TXN-2026-03721,113.99,pos,RESTAURANT,2026-06-14T19:40:11Z,0.15485155975831302
TXN-2026-03722,249.61,atm,TELECOM,2026-07-14T12:52:15Z,0.592405151160121
TXN-2026-03723,1437.92,pos,ENTERTAINMENT,2026-06-27T02:25:57Z,0.7911449305987098
TXN-2026-03724,7.93,pos,JEWELRY,2026-06-27T04:19:43Z,0.26038352354703853
TXN-2026-03725,40.86,ecom,ENTERTAINMENT,2026-06-26T09:17:51Z,0.27614451213698593
TXN-2026-03726,9.97,pos,ELECTRONICS,2026-06-25T05:03:57Z,0.2525146011413542
TXN-2026-03727,154.95,transfer,TRAVEL,2026-07-21T21:37:10Z,0.08088097509629898
TXN-2026-03728,111.92,pos,FASHION,2026-06-28T19:26:38Z,0.07154017670416991
TXN-2026-03729,12.31,pos,TELECOM,2026-06-01T08:57:07Z,0.050580558911015296
TXN-2026-03730,23.1,pos,EDUCATION,2026-06-27T02:41:51Z,0.3494241974564214
TXN-2026-03731,311.74,ecom,RESTAURANT,2026-07-24T10:27:53Z,0.5406127644380193
TXN-2026-03732,42.15,pos,EDUCATION,2026-06-25T02:26:55Z,0.4166234351662497
TXN-2026-03733,296.09,pos,FASHION,2026-06-16T21:11:40Z,0.11212506651306224
TXN-2026-03734,7.34,pos,FUEL,2026-06-24T09:27:47Z,0.059121386448821554
TXN-2026-03735,778.85,ecom,HEALTHCARE,2026-06-12T13:16:19Z,0.6303930070638726
TXN-2026-03736,327.37,ecom,TRAVEL,2026-07-09T03:57:19Z,0.8956723834438625
TXN-2026-03737,68.25,atm,PHARMACY,2026-07-05T21:55:27Z,0.39842596722293233
TXN-2026-03738,111.14,pos,EDUCATION,2026-06-30T10:54:04Z,0.13141029555048508
TXN-2026-03739,85.54,ecom,HEALTHCARE,2026-07-27T17:56:08Z,0.37758996464711037
TXN-2026-03740,16.23,transfer,EDUCATION,2026-06-05T04:03:25Z,0.1677002844374954
TXN-2026-03741,57.52,atm,ENTERTAINMENT,2026-06-22T07:50:00Z,0.38785365433597685
TXN-2026-03742,216.32,pos,RESTAURANT,2026-07-15T10:16:43Z,0.18549452366616365
TXN-2026-03743,521.08,pos,ONLINE_SERVICES,2026-06-16T00:56:54Z,0.6374067915859971
TXN-2026-03744,214.79,pos,FASHION,2026-06-14T05:47:39Z,0.4280083562083401
TXN-2026-03745,423.51,ecom,HEALTHCARE,2026-07-02T11:24:50Z,0.5536803758958319
TXN-2026-03746,75.61,atm,EDUCATION,2026-07-08T09:13:04Z,0.4361633210079943
TXN-2026-03747,79.15,pos,ENTERTAINMENT,2026-07-27T16:54:00Z,0.11534982302320919
TXN-2026-03748,76.34,pos,ENTERTAINMENT,2026-07-25T02:35:38Z,0.4754730689749692
TXN-2026-03749,444.54,pos,EDUCATION,2026-06-02T14:48:18Z,0.2364918032058729
TXN-2026-03750,77.43,ecom,FUEL,2026-06-07T17:51:40Z,0.4692411290736218
TXN-2026-03751,204.71,ecom,GROCERY,2026-06-22T21:58:08Z,0.49070056149491925
TXN-2026-03752,66.77,transfer,TELECOM,2026-07-08T00:40:25Z,0.2780387528457798
TXN-2026-03753,65.65,pos,UTILITIES,2026-07-07T15:05:58Z,0.10982647137055238
TXN-2026-03754,17.42,atm,EDUCATION,2026-07-10T21:41:04Z,0.3039034746293111
TXN-2026-03755,112.58,atm,FUEL,2026-07-01T02:01:31Z,0.914378364924058
TXN-2026-03756,80.83,pos,TRAVEL,2026-07-14T06:00:41Z,0.11252692592500854
TXN-2026-03757,16.53,pos,PHARMACY,2026-06-03T01:53:31Z,0.2652734796029914
TXN-2026-03758,236.99,atm,HEALTHCARE,2026-06-03T17:24:01Z,0.5888836101673032
TXN-2026-03759,190.18,pos,TRAVEL,2026-07-24T23:16:17Z,0.18652000958721457
TXN-2026-03760,5.75,atm,GROCERY,2026-06-16T15:58:29Z,0.19672222926358116
TXN-2026-03761,55.22,pos,ONLINE_SERVICES,2026-07-24T17:46:02Z,0.07935142976394269
TXN-2026-03762,22.41,pos,FUEL,2026-07-14T13:47:21Z,0.0979124061596853
TXN-2026-03763,104.0,atm,RESTAURANT,2026-07-17T10:40:37Z,0.4983082724946484
TXN-2026-03764,1831.73,atm,GROCERY,2026-07-16T19:37:53Z,0.7983596274935958
TXN-2026-03765,47.36,pos,EDUCATION,2026-06-17T06:01:16Z,0.08772874642035493
TXN-2026-03766,30.63,pos,TRAVEL,2026-06-23T10:16:28Z,0.07667334453753105
TXN-2026-03767,109.88,atm,ELECTRONICS,2026-07-23T20:12:03Z,0.4822236965792203
TXN-2026-03768,1996.74,ecom,TRAVEL,2026-07-05T01:50:47Z,0.9531320553605409
TXN-2026-03769,206.45,pos,TRAVEL,2026-06-20T09:44:56Z,0.17095761238183843
TXN-2026-03770,130.32,ecom,EDUCATION,2026-06-06T03:08:28Z,0.8432357542199733
TXN-2026-03771,127.89,transfer,HOME_GOODS,2026-06-27T13:14:58Z,0.04471767809059807
TXN-2026-03772,14.54,transfer,ENTERTAINMENT,2026-06-08T02:00:28Z,0.15182629853914495
TXN-2026-03773,44.11,transfer,HOME_GOODS,2026-07-27T07:22:55Z,0.025636509413127253
TXN-2026-03774,45.49,pos,ENTERTAINMENT,2026-06-12T10:29:28Z,0.08578419303484432
TXN-2026-03775,108.7,pos,FUEL,2026-06-15T23:10:42Z,0.20411262539340155
TXN-2026-03776,33.62,pos,UTILITIES,2026-06-04T21:28:50Z,0.0870384536280852
TXN-2026-03777,250.01,ecom,UTILITIES,2026-06-04T20:19:31Z,0.5181399901931619
TXN-2026-03778,8.73,pos,HEALTHCARE,2026-07-12T19:45:22Z,0.046875686092658776
TXN-2026-03779,184.06,pos,EDUCATION,2026-07-06T23:48:32Z,0.1812478248817552
TXN-2026-03780,318.45,pos,GROCERY,2026-06-13T00:59:36Z,0.6450300664636243
TXN-2026-03781,35.08,pos,ONLINE_SERVICES,2026-06-28T16:03:44Z,0.06424912847646763
TXN-2026-03782,45.79,transfer,RESTAURANT,2026-07-28T22:16:06Z,0.05007999583334698
TXN-2026-03783,100.47,pos,GROCERY,2026-06-20T04:38:40Z,0.5194897829068577
TXN-2026-03784,136.88,ecom,JEWELRY,2026-07-11T05:37:54Z,0.8544052890441479
TXN-2026-03785,18.0,ecom,PHARMACY,2026-06-25T04:28:30Z,0.6262715365465854
TXN-2026-03786,52.63,pos,ELECTRONICS,2026-06-18T00:16:51Z,0.4106864340233967
TXN-2026-03787,5.48,pos,HEALTHCARE,2026-06-20T12:54:39Z,0.03612074025507872
TXN-2026-03788,20.09,pos,TRAVEL,2026-06-30T03:15:23Z,0.341372785215743
TXN-2026-03789,214.26,atm,GROCERY,2026-07-27T14:16:43Z,0.5686342363451591
TXN-2026-03790,76.53,pos,ENTERTAINMENT,2026-07-05T21:15:07Z,0.11906353386765053
TXN-2026-03791,91.06,pos,FASHION,2026-07-26T04:58:16Z,0.3280296914097085
TXN-2026-03792,119.49,ecom,ELECTRONICS,2026-06-13T11:51:15Z,0.38021207851954597
TXN-2026-03793,8.74,pos,FASHION,2026-07-08T20:06:02Z,0.022943876249998798
TXN-2026-03794,341.08,atm,ONLINE_SERVICES,2026-06-06T20:10:53Z,0.5724902354322929
TXN-2026-03795,19.83,pos,ELECTRONICS,2026-06-09T14:31:44Z,0.05840204988694546
TXN-2026-03796,347.77,transfer,RESTAURANT,2026-07-24T18:06:43Z,0.11900551163971032
TXN-2026-03797,99.99,transfer,GROCERY,2026-07-22T17:38:46Z,0.061317825619333605
TXN-2026-03798,711.69,atm,FASHION,2026-07-19T12:20:35Z,0.523367911269873
TXN-2026-03799,58.39,pos,HOME_GOODS,2026-06-29T04:33:00Z,0.3555232133402063
TXN-2026-03800,85.99,pos,TRAVEL,2026-07-26T03:55:33Z,0.5089874523703773
TXN-2026-03801,171.49,ecom,TRAVEL,2026-07-04T23:30:40Z,0.48530552788084863
TXN-2026-03802,67.23,transfer,GROCERY,2026-07-25T17:04:57Z,0.05116282563003748
TXN-2026-03803,58.52,pos,UTILITIES,2026-06-18T02:22:54Z,0.454889108814221
TXN-2026-03804,134.36,ecom,TRAVEL,2026-07-13T05:53:52Z,0.8503570944629636
TXN-2026-03805,252.91,atm,FASHION,2026-06-25T06:35:37Z,0.383696509221723
TXN-2026-03806,365.87,ecom,GROCERY,2026-07-18T07:15:23Z,0.5249222036488851
TXN-2026-03807,168.85,pos,FUEL,2026-07-23T19:06:56Z,0.233498130466387
TXN-2026-03808,86.82,pos,TELECOM,2026-06-02T22:40:09Z,0.1343159589684332
TXN-2026-03809,488.19,transfer,TELECOM,2026-07-10T09:04:27Z,0.11962687747905282
TXN-2026-03810,109.06,ecom,TRAVEL,2026-07-03T19:43:46Z,0.4206020828147637
TXN-2026-03811,766.69,ecom,ONLINE_SERVICES,2026-06-11T16:17:21Z,0.5698911836178284
TXN-2026-03812,87.74,pos,GROCERY,2026-06-12T17:58:49Z,0.12406367469674182
TXN-2026-03813,601.61,ecom,GROCERY,2026-07-13T00:22:29Z,0.9146693806036824
TXN-2026-03814,397.4,pos,RESTAURANT,2026-07-14T04:42:58Z,0.7020028049204442
TXN-2026-03815,148.62,atm,FUEL,2026-07-06T08:27:52Z,0.613767826684004
TXN-2026-03816,60.92,ecom,ELECTRONICS,2026-07-25T04:17:45Z,0.7712200256494753
TXN-2026-03817,14.06,ecom,GROCERY,2026-06-26T20:28:57Z,0.20973831001653512
TXN-2026-03818,66.77,pos,ONLINE_SERVICES,2026-06-11T09:34:30Z,0.07993454450972796
TXN-2026-03819,28.01,transfer,JEWELRY,2026-07-13T17:38:01Z,0.03655413292999444
TXN-2026-03820,65.73,atm,RESTAURANT,2026-07-11T21:05:32Z,0.4715876637224485
TXN-2026-03821,248.45,pos,PHARMACY,2026-07-27T11:29:15Z,0.15212059364898553
TXN-2026-03822,98.37,ecom,TRAVEL,2026-06-09T10:32:26Z,0.3860004827985548
TXN-2026-03823,170.49,atm,FASHION,2026-06-20T16:30:07Z,0.363187232095546
TXN-2026-03824,57.78,pos,FASHION,2026-07-25T07:15:18Z,0.04707502249503366
TXN-2026-03825,123.86,pos,ENTERTAINMENT,2026-06-03T10:42:47Z,0.13204881466583315
TXN-2026-03826,665.25,pos,ONLINE_SERVICES,2026-07-25T02:33:06Z,0.6691328956911844
TXN-2026-03827,94.02,ecom,PHARMACY,2026-06-12T18:33:06Z,0.3423443796166228
TXN-2026-03828,130.05,pos,ELECTRONICS,2026-07-25T14:46:05Z,0.1323231198437717
TXN-2026-03829,47.01,atm,FASHION,2026-07-10T00:55:37Z,0.6794660597998943
TXN-2026-03830,89.14,pos,FUEL,2026-06-17T19:13:40Z,0.18263875949732922
TXN-2026-03831,17.37,ecom,FUEL,2026-06-06T22:59:33Z,0.3140939842706356
TXN-2026-03832,22.52,pos,UTILITIES,2026-06-06T19:26:40Z,0.07173729802731629
TXN-2026-03833,16.09,ecom,UTILITIES,2026-06-20T01:08:58Z,0.6598357467776845
TXN-2026-03834,119.97,atm,ENTERTAINMENT,2026-07-07T03:40:10Z,0.8764971176077383
TXN-2026-03835,119.72,pos,JEWELRY,2026-07-08T09:06:10Z,0.13936868386143794
TXN-2026-03836,498.36,pos,TRAVEL,2026-06-04T23:11:18Z,0.2683255141028399
TXN-2026-03837,123.42,transfer,EDUCATION,2026-06-14T10:06:58Z,0.0644721867994389
TXN-2026-03838,115.34,pos,ENTERTAINMENT,2026-06-07T14:16:40Z,0.13287038803706003
TXN-2026-03839,142.9,atm,HOME_GOODS,2026-06-19T08:13:13Z,0.4027224970409241
TXN-2026-03840,9.97,transfer,TELECOM,2026-06-26T08:04:45Z,0.02055212753230942
TXN-2026-03841,53.0,atm,PHARMACY,2026-07-17T02:17:43Z,0.7974836884620182
TXN-2026-03842,59.08,ecom,UTILITIES,2026-07-03T11:02:16Z,0.3272411838339487
TXN-2026-03843,59.77,atm,RESTAURANT,2026-06-10T05:16:02Z,0.8552141478146986
TXN-2026-03844,16.87,pos,FUEL,2026-07-04T19:08:30Z,0.09194211905199225
TXN-2026-03845,109.7,pos,JEWELRY,2026-06-24T11:25:15Z,0.13680685634441844
TXN-2026-03846,42.3,ecom,TELECOM,2026-06-29T09:33:50Z,0.29307180221460527
TXN-2026-03847,174.18,transfer,HOME_GOODS,2026-07-04T00:29:39Z,0.2799694749697656
TXN-2026-03848,469.73,ecom,FASHION,2026-06-07T14:51:20Z,0.3886994947083599
TXN-2026-03849,35.0,ecom,EDUCATION,2026-07-05T12:55:37Z,0.2770439534207431
TXN-2026-03850,39.91,pos,GROCERY,2026-07-07T03:55:02Z,0.40690406563212206
TXN-2026-03851,306.95,atm,PHARMACY,2026-07-22T02:54:19Z,0.9022294077545601
TXN-2026-03852,66.14,ecom,ELECTRONICS,2026-06-11T17:26:43Z,0.32913054414425047
TXN-2026-03853,24.25,pos,TRAVEL,2026-06-11T09:15:01Z,0.06855778907490839
TXN-2026-03854,29.92,ecom,GROCERY,2026-06-11T17:42:43Z,0.26778058986006614
TXN-2026-03855,506.31,ecom,HEALTHCARE,2026-07-19T05:38:20Z,0.9123482749147075
TXN-2026-03856,356.91,transfer,TRAVEL,2026-07-15T16:17:26Z,0.11142955502002717
TXN-2026-03857,188.11,atm,ENTERTAINMENT,2026-06-25T02:57:17Z,0.8973193707835546
TXN-2026-03858,10.38,pos,GROCERY,2026-06-16T12:03:08Z,0.04691743184641531
TXN-2026-03859,110.97,atm,TRAVEL,2026-07-30T06:27:11Z,0.47921627640124453
TXN-2026-03860,134.2,ecom,ONLINE_SERVICES,2026-06-30T06:34:46Z,0.3379627957586874
TXN-2026-03861,9.5,pos,TRAVEL,2026-06-06T06:32:59Z,0.04438041275564002
TXN-2026-03862,48.3,pos,GROCERY,2026-06-02T18:55:45Z,0.09694938287781173
TXN-2026-03863,51.25,pos,FASHION,2026-07-08T04:16:51Z,0.27008914595996975
TXN-2026-03864,210.84,ecom,HOME_GOODS,2026-07-16T07:57:55Z,0.35900205722653267
TXN-2026-03865,244.18,ecom,RESTAURANT,2026-06-08T11:59:12Z,0.5135438503058486
TXN-2026-03866,275.27,pos,UTILITIES,2026-07-10T02:46:57Z,0.6387532070483044
TXN-2026-03867,49.42,pos,ENTERTAINMENT,2026-07-03T22:11:22Z,0.09962734678173414
TXN-2026-03868,25.26,ecom,RESTAURANT,2026-07-06T13:55:56Z,0.26547436354265397
TXN-2026-03869,125.02,ecom,FASHION,2026-06-23T05:47:39Z,0.7132512416231497
TXN-2026-03870,51.78,pos,UTILITIES,2026-07-06T20:49:24Z,0.10391191783474515
TXN-2026-03871,958.27,ecom,PHARMACY,2026-06-24T20:42:45Z,0.6222184448916978
TXN-2026-03872,313.47,ecom,TELECOM,2026-07-18T13:11:41Z,0.5327242253039268
TXN-2026-03873,283.19,ecom,EDUCATION,2026-06-17T01:47:20Z,0.8848596190406073
TXN-2026-03874,5.0,pos,HOME_GOODS,2026-07-24T10:48:12Z,0.022840429280346516
TXN-2026-03875,105.47,pos,FUEL,2026-06-15T09:55:03Z,0.17925107670294094
TXN-2026-03876,17.32,atm,HEALTHCARE,2026-06-03T19:04:21Z,0.2944003627845469
TXN-2026-03877,27.6,pos,HEALTHCARE,2026-07-20T12:17:37Z,0.07190086040967399
TXN-2026-03878,173.39,pos,ENTERTAINMENT,2026-06-19T09:10:32Z,0.15059200190864655
TXN-2026-03879,155.27,ecom,HEALTHCARE,2026-06-26T19:40:19Z,0.45268035919889016
TXN-2026-03880,175.27,ecom,HEALTHCARE,2026-06-18T08:37:04Z,0.4388894719900722
TXN-2026-03881,384.79,atm,FASHION,2026-06-02T09:36:38Z,0.4407855376608676
TXN-2026-03882,44.26,pos,TELECOM,2026-06-04T14:02:42Z,0.0935521087561698
TXN-2026-03883,178.44,pos,PHARMACY,2026-07-06T10:02:24Z,0.13128632473454258
TXN-2026-03884,107.75,transfer,PHARMACY,2026-06-17T16:14:22Z,0.05170171291857895
TXN-2026-03885,63.11,pos,ENTERTAINMENT,2026-06-05T10:49:14Z,0.09894215715409076
TXN-2026-03886,286.78,pos,ELECTRONICS,2026-07-26T23:30:54Z,0.1975119317838637
TXN-2026-03887,119.14,pos,ELECTRONICS,2026-06-21T00:40:16Z,0.5083499254803187
TXN-2026-03888,155.3,pos,HOME_GOODS,2026-07-02T02:11:09Z,0.4644667470752624
TXN-2026-03889,143.76,pos,HEALTHCARE,2026-06-02T17:33:27Z,0.15284712727499386
TXN-2026-03890,199.44,pos,RESTAURANT,2026-06-07T21:00:59Z,0.19712303605892034
TXN-2026-03891,261.39,ecom,FASHION,2026-06-08T05:53:46Z,0.7807380743876804
TXN-2026-03892,457.0,pos,HEALTHCARE,2026-07-04T16:28:54Z,0.23876484277813217
TXN-2026-03893,42.55,pos,PHARMACY,2026-07-16T10:52:02Z,0.0702896012122907
TXN-2026-03894,91.07,pos,RESTAURANT,2026-07-11T19:54:25Z,0.14114849733332827
TXN-2026-03895,116.43,transfer,TRAVEL,2026-07-15T14:09:52Z,0.06647010902747345
TXN-2026-03896,198.22,ecom,ENTERTAINMENT,2026-06-25T14:29:32Z,0.46297089983114825
TXN-2026-03897,96.2,transfer,JEWELRY,2026-06-23T02:45:44Z,0.3242735048152314
TXN-2026-03898,85.83,transfer,ENTERTAINMENT,2026-06-12T21:15:50Z,0.05824569590408103
TXN-2026-03899,176.18,pos,HOME_GOODS,2026-06-08T21:08:24Z,0.12074651661138817
TXN-2026-03900,322.48,transfer,FUEL,2026-06-08T02:54:01Z,0.5534216380298569
TXN-2026-03901,743.43,ecom,UTILITIES,2026-07-28T15:13:48Z,0.6346500744058287
TXN-2026-03902,17.94,pos,EDUCATION,2026-06-26T20:31:27Z,0.06573064550480108
TXN-2026-03903,81.08,pos,TELECOM,2026-07-11T19:11:23Z,0.12700750213424447
TXN-2026-03904,21.45,atm,TELECOM,2026-07-08T18:47:18Z,0.3222063359874515
TXN-2026-03905,153.09,pos,TRAVEL,2026-07-08T19:02:28Z,0.1652041200233852
TXN-2026-03906,233.51,ecom,ELECTRONICS,2026-06-27T15:33:16Z,0.46974201991891096
TXN-2026-03907,137.94,ecom,HEALTHCARE,2026-06-24T00:44:42Z,0.8398345975973548
TXN-2026-03908,41.65,pos,HOME_GOODS,2026-07-12T21:55:08Z,0.06404322933201949
TXN-2026-03909,60.28,pos,RESTAURANT,2026-06-28T14:54:23Z,0.11333994275286358
TXN-2026-03910,36.5,atm,PHARMACY,2026-07-02T09:12:38Z,0.3021176739373668
TXN-2026-03911,123.03,pos,HOME_GOODS,2026-07-05T02:54:00Z,0.43647194623413077
TXN-2026-03912,153.59,atm,GROCERY,2026-06-17T03:52:49Z,0.8911090299621676
TXN-2026-03913,204.98,ecom,JEWELRY,2026-06-08T12:25:05Z,0.48411011266134757
TXN-2026-03914,95.61,pos,TELECOM,2026-07-21T18:18:47Z,0.1348915122062598
TXN-2026-03915,233.69,transfer,HEALTHCARE,2026-06-28T03:01:21Z,0.4117454381703781
TXN-2026-03916,13.15,pos,HOME_GOODS,2026-07-25T13:22:46Z,0.03539494464697902
TXN-2026-03917,115.6,ecom,EDUCATION,2026-07-10T18:57:13Z,0.42025785441073976
TXN-2026-03918,477.93,pos,ONLINE_SERVICES,2026-06-12T07:34:18Z,0.18129805187964848
TXN-2026-03919,29.86,ecom,HOME_GOODS,2026-06-29T07:24:49Z,0.17916709729698793
TXN-2026-03920,228.52,pos,EDUCATION,2026-06-29T12:48:13Z,0.17985517011697366
TXN-2026-03921,120.78,pos,TELECOM,2026-07-05T10:10:54Z,0.13840873047040816
TXN-2026-03922,58.42,pos,ELECTRONICS,2026-06-01T16:59:38Z,0.0956421337289038
TXN-2026-03923,108.05,ecom,ONLINE_SERVICES,2026-07-16T09:08:47Z,0.3216413371125514
TXN-2026-03924,174.14,atm,RESTAURANT,2026-07-15T20:58:02Z,0.586084710852886
TXN-2026-03925,254.01,ecom,RESTAURANT,2026-07-18T08:24:24Z,0.5105300746775906
TXN-2026-03926,1023.44,ecom,FUEL,2026-06-15T05:43:35Z,0.9573505100509301
TXN-2026-03927,278.03,ecom,ONLINE_SERVICES,2026-06-03T09:45:33Z,0.42881994046519634
TXN-2026-03928,220.66,pos,JEWELRY,2026-06-15T07:59:17Z,0.17593191769760017
TXN-2026-03929,92.91,ecom,PHARMACY,2026-06-14T06:49:31Z,0.31350657193367437
TXN-2026-03930,26.27,transfer,FASHION,2026-06-30T09:14:33Z,0.014777291822682906
TXN-2026-03931,26.95,ecom,EDUCATION,2026-06-29T14:55:21Z,0.2569047774871075
TXN-2026-03932,13.84,pos,HEALTHCARE,2026-07-25T20:40:57Z,0.05757675396187246
TXN-2026-03933,69.53,transfer,ELECTRONICS,2026-06-23T02:53:27Z,0.26048795429636507
TXN-2026-03934,126.74,pos,ELECTRONICS,2026-07-20T22:10:44Z,0.14068122496160823
TXN-2026-03935,281.09,pos,ENTERTAINMENT,2026-07-01T06:03:48Z,0.17857910279514846
TXN-2026-03936,289.42,pos,ENTERTAINMENT,2026-07-09T12:19:01Z,0.19012681697454628
TXN-2026-03937,126.66,ecom,RESTAURANT,2026-07-04T07:40:51Z,0.42390355277059594
TXN-2026-03938,69.26,pos,TRAVEL,2026-06-23T03:56:12Z,0.48287515845075724
TXN-2026-03939,240.07,atm,FUEL,2026-06-22T05:36:14Z,0.9409068530201439
TXN-2026-03940,35.25,ecom,EDUCATION,2026-06-17T00:14:49Z,0.7352777918483656
TXN-2026-03941,98.66,pos,FASHION,2026-07-14T01:54:37Z,0.3296874393857544
TXN-2026-03942,434.73,atm,ENTERTAINMENT,2026-07-27T22:44:12Z,0.6642240238539184
TXN-2026-03943,47.29,ecom,ONLINE_SERVICES,2026-06-18T07:32:34Z,0.23765840442603478
TXN-2026-03944,155.38,ecom,HOME_GOODS,2026-07-12T08:14:01Z,0.3278889894012432
TXN-2026-03945,303.39,atm,TRAVEL,2026-06-28T16:33:24Z,0.6248812095452498
TXN-2026-03946,71.26,transfer,TRAVEL,2026-07-22T14:06:07Z,0.05316408838675718
TXN-2026-03947,24.69,pos,TELECOM,2026-06-26T05:04:47Z,0.36832921131422885
TXN-2026-03948,769.7,atm,RESTAURANT,2026-06-13T02:18:01Z,0.9520002591968869
TXN-2026-03949,62.62,atm,HEALTHCARE,2026-07-18T21:42:25Z,0.43923311145147975
TXN-2026-03950,32.33,pos,HEALTHCARE,2026-07-11T20:11:08Z,0.08320769915364194
TXN-2026-03951,64.26,pos,UTILITIES,2026-06-29T02:40:17Z,0.466077152402466
TXN-2026-03952,232.35,ecom,PHARMACY,2026-06-21T04:38:32Z,0.8510824148470649
TXN-2026-03953,78.04,atm,RESTAURANT,2026-06-19T15:53:55Z,0.47663214076754473
TXN-2026-03954,277.15,ecom,TRAVEL,2026-06-22T02:28:05Z,0.8867953808956105
TXN-2026-03955,5.19,transfer,ONLINE_SERVICES,2026-06-26T09:20:15Z,0.011531807818373185
TXN-2026-03956,233.22,pos,PHARMACY,2026-07-15T23:47:46Z,0.1646929545885815
TXN-2026-03957,259.05,pos,PHARMACY,2026-06-19T18:37:42Z,0.16455828161935665
TXN-2026-03958,69.5,pos,EDUCATION,2026-07-05T21:46:08Z,0.11911383068066823
TXN-2026-03959,6.28,pos,PHARMACY,2026-06-13T12:55:30Z,0.031177435177485363
TXN-2026-03960,44.08,pos,HOME_GOODS,2026-07-08T16:56:07Z,0.06255817909027521
TXN-2026-03961,75.67,atm,EDUCATION,2026-06-02T12:52:45Z,0.44396787565358486
TXN-2026-03962,93.79,pos,ONLINE_SERVICES,2026-06-05T02:39:53Z,0.43792298542590213
TXN-2026-03963,106.99,pos,FUEL,2026-07-28T05:03:36Z,0.6332770859776545
TXN-2026-03964,11.47,pos,TELECOM,2026-07-17T18:39:32Z,0.054173457012897115
TXN-2026-03965,143.65,ecom,PHARMACY,2026-06-28T17:48:03Z,0.38752322749775875
TXN-2026-03966,34.88,pos,HOME_GOODS,2026-06-02T02:51:44Z,0.29687596402779026
TXN-2026-03967,51.22,pos,TELECOM,2026-06-12T03:47:56Z,0.4468861865846371
TXN-2026-03968,174.88,pos,PHARMACY,2026-07-12T19:08:36Z,0.14117534927818412
TXN-2026-03969,182.5,atm,GROCERY,2026-06-25T09:04:31Z,0.5364461916782265
TXN-2026-03970,204.17,pos,TELECOM,2026-07-07T09:34:40Z,0.17025184477010183
TXN-2026-03971,48.43,pos,JEWELRY,2026-06-19T06:38:19Z,0.09207042857755716
TXN-2026-03972,7.4,ecom,TRAVEL,2026-06-24T06:21:12Z,0.1525934114619724
TXN-2026-03973,231.22,ecom,TELECOM,2026-07-06T20:44:52Z,0.5139418480742016
TXN-2026-03974,44.84,pos,FUEL,2026-06-07T21:25:36Z,0.14082152690797695
TXN-2026-03975,650.64,ecom,ENTERTAINMENT,2026-07-21T09:06:05Z,0.5936691945306857
TXN-2026-03976,165.73,ecom,RESTAURANT,2026-06-05T22:25:52Z,0.49507373999853493
TXN-2026-03977,237.38,pos,JEWELRY,2026-07-03T12:33:56Z,0.18901365541531395
TXN-2026-03978,176.87,ecom,TRAVEL,2026-07-21T16:43:42Z,0.4708372898675661
TXN-2026-03979,20.34,ecom,EDUCATION,2026-07-05T01:12:30Z,0.6841291991421367
TXN-2026-03980,375.08,atm,TRAVEL,2026-07-12T22:19:33Z,0.6629245341298086
TXN-2026-03981,129.77,pos,RESTAURANT,2026-06-08T08:00:20Z,0.1481890553802592
TXN-2026-03982,97.1,ecom,HEALTHCARE,2026-06-03T00:02:17Z,0.8155889968198216
TXN-2026-03983,138.71,pos,RESTAURANT,2026-06-07T00:55:46Z,0.5750651848011157
TXN-2026-03984,174.08,atm,HEALTHCARE,2026-07-24T11:27:05Z,0.5365857747152324
TXN-2026-03985,51.96,ecom,HEALTHCARE,2026-07-08T08:06:31Z,0.3028263642070058
TXN-2026-03986,11.18,ecom,RESTAURANT,2026-06-03T19:25:47Z,0.20900687185731576
TXN-2026-03987,41.46,pos,EDUCATION,2026-06-20T16:05:58Z,0.09103777027038183
TXN-2026-03988,103.52,ecom,RESTAURANT,2026-06-25T10:23:40Z,0.4077423937871026
TXN-2026-03989,109.45,atm,RESTAURANT,2026-06-19T07:19:18Z,0.49667373572894963
TXN-2026-03990,24.0,pos,ENTERTAINMENT,2026-06-04T10:12:32Z,0.06478589231462492
TXN-2026-03991,77.48,transfer,TRAVEL,2026-07-05T07:25:09Z,0.05154575395879737
TXN-2026-03992,71.25,pos,JEWELRY,2026-07-30T03:03:53Z,0.49207247494741874
TXN-2026-03993,248.19,ecom,HOME_GOODS,2026-06-22T10:05:35Z,0.38485882962706996
TXN-2026-03994,21.45,pos,FUEL,2026-06-09T04:06:30Z,0.4421415203229839
TXN-2026-03995,19.45,transfer,UTILITIES,2026-07-13T05:01:57Z,0.18102926822116372
TXN-2026-03996,49.8,transfer,FUEL,2026-07-12T07:46:16Z,0.06057339904237035
TXN-2026-03997,22.99,pos,RESTAURANT,2026-07-19T12:08:46Z,0.07332694850439696
TXN-2026-03998,345.85,atm,FASHION,2026-06-01T03:07:13Z,0.851942077388505
TXN-2026-03999,64.84,pos,UTILITIES,2026-07-14T00:54:23Z,0.4619654546380948
TXN-2026-04000,21.87,transfer,GROCERY,2026-06-30T12:39:59Z,0.02911213943572844
TXN-2026-04001,54.03,ecom,FASHION,2026-06-01T14:44:27Z,0.18202060006514167
TXN-2026-04002,19.22,pos,FUEL,2026-07-03T00:02:28Z,0.4193671607181646
TXN-2026-04003,98.71,transfer,PHARMACY,2026-06-07T02:09:56Z,0.26989871339524846
TXN-2026-04004,41.54,pos,HEALTHCARE,2026-06-15T07:41:45Z,0.08197674624803156
TXN-2026-04005,145.92,pos,TELECOM,2026-06-20T21:19:58Z,0.16492449175886106
TXN-2026-04006,292.92,pos,JEWELRY,2026-07-28T02:50:07Z,0.6557098288144391
TXN-2026-04007,72.62,pos,RESTAURANT,2026-06-24T16:25:00Z,0.12493915891836184
TXN-2026-04008,135.05,pos,TRAVEL,2026-07-22T16:34:46Z,0.15287807863551414
TXN-2026-04009,142.08,ecom,JEWELRY,2026-07-04T21:01:22Z,0.4630809654066058
TXN-2026-04010,101.15,ecom,UTILITIES,2026-06-10T23:31:52Z,0.4168066647105751
TXN-2026-04011,61.99,atm,FUEL,2026-06-26T23:29:07Z,0.5489552161897937
TXN-2026-04012,233.1,pos,ENTERTAINMENT,2026-06-19T14:29:18Z,0.17744150768866074
TXN-2026-04013,239.19,ecom,RESTAURANT,2026-07-11T20:06:40Z,0.534446234866925
TXN-2026-04014,24.35,atm,ELECTRONICS,2026-07-11T11:21:42Z,0.291761051014456
TXN-2026-04015,65.63,pos,TELECOM,2026-06-20T20:40:23Z,0.11719557905285147
TXN-2026-04016,17.98,pos,RESTAURANT,2026-06-23T18:11:06Z,0.0698707289726967
TXN-2026-04017,153.9,pos,EDUCATION,2026-06-21T03:31:30Z,0.5741916354708909
TXN-2026-04018,47.99,transfer,FUEL,2026-07-27T23:17:13Z,0.06963724489623276
TXN-2026-04019,29.6,pos,GROCERY,2026-06-03T14:10:24Z,0.0753965812574371
TXN-2026-04020,77.02,pos,FASHION,2026-07-10T13:28:14Z,0.05696322712536642
TXN-2026-04021,92.35,transfer,HEALTHCARE,2026-07-24T19:12:50Z,0.060463406223358475
TXN-2026-04022,41.79,pos,PHARMACY,2026-07-14T23:49:21Z,0.07905427298304826
TXN-2026-04023,1166.65,transfer,ELECTRONICS,2026-07-14T05:02:34Z,0.5892307740172524
TXN-2026-04024,59.14,pos,EDUCATION,2026-06-12T03:53:23Z,0.45913577260991045
TXN-2026-04025,22.89,atm,FUEL,2026-06-23T07:05:17Z,0.39062556533961224
TXN-2026-04026,22.21,pos,HOME_GOODS,2026-06-06T21:02:59Z,0.0483543198817275
TXN-2026-04027,118.03,transfer,ONLINE_SERVICES,2026-07-02T09:10:34Z,0.04720607022578005
TXN-2026-04028,145.68,pos,TELECOM,2026-07-26T16:28:13Z,0.15776056319984574
TXN-2026-04029,1166.99,pos,TELECOM,2026-07-04T07:23:59Z,0.31995960234948545
TXN-2026-04030,31.6,pos,FASHION,2026-06-02T12:41:15Z,0.037543224113443005
TXN-2026-04031,147.01,pos,FASHION,2026-06-26T23:47:23Z,0.08400152080377868
TXN-2026-04032,100.74,pos,UTILITIES,2026-06-09T03:56:56Z,0.5229182341993609
TXN-2026-04033,104.04,pos,ENTERTAINMENT,2026-06-10T19:54:27Z,0.13312078225583196
TXN-2026-04034,298.07,ecom,EDUCATION,2026-06-30T01:10:39Z,0.8873787027947645
TXN-2026-04035,167.65,pos,HOME_GOODS,2026-06-29T05:48:17Z,0.4815378480960334
TXN-2026-04036,536.23,pos,JEWELRY,2026-06-21T12:46:15Z,0.25750819101359745
TXN-2026-04037,75.08,pos,ENTERTAINMENT,2026-06-23T19:45:10Z,0.11594287487830657
TXN-2026-04038,46.62,pos,ONLINE_SERVICES,2026-06-10T04:56:54Z,0.36228090890288617
TXN-2026-04039,629.06,atm,ENTERTAINMENT,2026-07-02T12:23:43Z,0.6809780220095082
TXN-2026-04040,86.89,atm,TELECOM,2026-07-23T16:55:56Z,0.4757917626972189
TXN-2026-04041,153.67,transfer,FASHION,2026-07-03T06:25:54Z,0.03285872061855274
TXN-2026-04042,56.2,pos,FUEL,2026-07-12T16:01:34Z,0.14775271106825863
TXN-2026-04043,29.29,pos,EDUCATION,2026-06-18T15:55:00Z,0.07750993130649113
TXN-2026-04044,36.73,ecom,ELECTRONICS,2026-06-14T15:18:28Z,0.2660228991015754
TXN-2026-04045,409.78,ecom,HEALTHCARE,2026-07-26T18:20:16Z,0.5677021854103406
TXN-2026-04046,25.39,atm,ONLINE_SERVICES,2026-06-16T12:46:36Z,0.2602479542604618
TXN-2026-04047,364.68,pos,ONLINE_SERVICES,2026-06-07T20:58:42Z,0.18183618750863026
TXN-2026-04048,187.56,ecom,JEWELRY,2026-06-17T00:39:13Z,0.8665218981892151
TXN-2026-04049,18.84,pos,HOME_GOODS,2026-07-09T08:08:24Z,0.03946892555015399
TXN-2026-04050,143.14,ecom,HEALTHCARE,2026-06-10T03:51:20Z,0.8463508322697194
TXN-2026-04051,282.26,atm,RESTAURANT,2026-07-30T14:16:23Z,0.627241017969539
TXN-2026-04052,53.29,pos,HEALTHCARE,2026-06-12T09:53:37Z,0.09316210220879743
TXN-2026-04053,49.85,pos,HEALTHCARE,2026-07-07T12:25:47Z,0.09310050746769308
TXN-2026-04054,127.33,pos,ELECTRONICS,2026-06-13T23:36:07Z,0.14222164968165749
TXN-2026-04055,41.64,atm,TELECOM,2026-07-13T16:21:57Z,0.38919088970255616
TXN-2026-04056,443.44,atm,UTILITIES,2026-07-10T18:04:38Z,0.6671885923498883
TXN-2026-04057,146.59,pos,FASHION,2026-07-14T03:54:18Z,0.37832632014639755
TXN-2026-04058,48.05,pos,TELECOM,2026-06-27T04:27:12Z,0.44189784165471907
TXN-2026-04059,29.08,pos,TRAVEL,2026-06-20T04:41:06Z,0.3838897530385262
TXN-2026-04060,570.3,ecom,HOME_GOODS,2026-07-29T07:16:28Z,0.4764147346239074
TXN-2026-04061,23.83,transfer,JEWELRY,2026-06-01T16:47:13Z,0.03362572660717055
TXN-2026-04062,142.25,pos,RESTAURANT,2026-06-14T10:41:27Z,0.1566421431525644
TXN-2026-04063,6.02,ecom,UTILITIES,2026-06-13T11:16:28Z,0.14543381059781546
TXN-2026-04064,29.88,pos,UTILITIES,2026-07-02T13:34:36Z,0.07658279760912742
TXN-2026-04065,19.4,ecom,HEALTHCARE,2026-07-15T01:11:59Z,0.6745796543406366
TXN-2026-04066,626.36,ecom,ONLINE_SERVICES,2026-07-03T02:27:47Z,0.8946511361508908
TXN-2026-04067,62.09,pos,HEALTHCARE,2026-06-14T16:27:07Z,0.1062978403479052
TXN-2026-04068,118.16,atm,ELECTRONICS,2026-06-01T10:17:15Z,0.4650047805448421
TXN-2026-04069,138.98,atm,FUEL,2026-07-15T08:30:00Z,0.6060170334978138
TXN-2026-04070,255.9,pos,ENTERTAINMENT,2026-07-13T21:24:39Z,0.19539877018473295
TXN-2026-04071,52.4,pos,JEWELRY,2026-06-05T19:48:06Z,0.10762540408906673
TXN-2026-04072,333.45,ecom,HEALTHCARE,2026-07-15T08:31:16Z,0.5168990553136147
TXN-2026-04073,560.55,atm,ENTERTAINMENT,2026-06-01T08:25:53Z,0.6593141638813724
TXN-2026-04074,48.7,pos,HOME_GOODS,2026-07-01T10:18:22Z,0.06169255779293889
TXN-2026-04075,105.83,pos,PHARMACY,2026-06-27T21:46:03Z,0.11623488724937364
TXN-2026-04076,75.94,ecom,JEWELRY,2026-06-14T04:39:39Z,0.8136332821766701
TXN-2026-04077,231.26,transfer,JEWELRY,2026-07-10T18:06:55Z,0.09589135592691321
TXN-2026-04078,26.44,pos,TELECOM,2026-07-07T04:09:21Z,0.373416890220496
TXN-2026-04079,705.88,ecom,ELECTRONICS,2026-07-26T06:40:21Z,0.5804612806221198
TXN-2026-04080,201.71,pos,PHARMACY,2026-07-07T16:39:21Z,0.14586534753485977
TXN-2026-04081,331.09,ecom,ENTERTAINMENT,2026-06-21T22:40:17Z,0.5461218760207726
TXN-2026-04082,91.34,atm,ONLINE_SERVICES,2026-06-20T18:45:07Z,0.4086788804599954
TXN-2026-04083,316.73,ecom,ENTERTAINMENT,2026-07-29T04:35:23Z,0.8887625441737628
TXN-2026-04084,10.5,transfer,PHARMACY,2026-07-02T20:44:29Z,0.018588405940583374
TXN-2026-04085,365.33,pos,ENTERTAINMENT,2026-06-29T18:51:38Z,0.21874101329496298
TXN-2026-04086,41.51,pos,GROCERY,2026-07-20T03:39:54Z,0.41144084067659
TXN-2026-04087,16.53,transfer,FUEL,2026-06-05T15:03:32Z,0.039985620737545434
TXN-2026-04088,94.58,pos,PHARMACY,2026-06-05T23:05:19Z,0.11283054574630741
TXN-2026-04089,93.96,ecom,HEALTHCARE,2026-06-09T07:30:32Z,0.36385391680945994
TXN-2026-04090,154.77,pos,HEALTHCARE,2026-07-30T17:18:18Z,0.15754808541924165
TXN-2026-04091,408.18,atm,UTILITIES,2026-07-27T23:55:26Z,0.6697854050210877
TXN-2026-04092,128.7,pos,FASHION,2026-07-06T04:18:05Z,0.3659956961046102
TXN-2026-04093,370.86,atm,UTILITIES,2026-07-08T01:12:23Z,0.926456051633333
TXN-2026-04094,56.83,transfer,UTILITIES,2026-06-13T06:18:45Z,0.04339757074646224
TXN-2026-04095,1197.5,pos,HEALTHCARE,2026-07-13T06:36:10Z,0.31147849206049155
TXN-2026-04096,211.23,ecom,UTILITIES,2026-06-06T21:51:52Z,0.5002325854082761
TXN-2026-04097,201.35,pos,FUEL,2026-07-27T10:15:50Z,0.23202846402063176
TXN-2026-04098,137.91,pos,ELECTRONICS,2026-06-23T09:58:49Z,0.12963023298488316
TXN-2026-04099,412.97,pos,FASHION,2026-06-15T16:44:16Z,0.12356611186185056
TXN-2026-04100,45.61,ecom,ONLINE_SERVICES,2026-07-09T01:38:41Z,0.7020450587834024
TXN-2026-04101,70.88,atm,ONLINE_SERVICES,2026-07-07T20:50:56Z,0.38435753538966894
TXN-2026-04102,48.07,ecom,RESTAURANT,2026-06-29T12:20:52Z,0.3268836454243563
TXN-2026-04103,163.01,ecom,FUEL,2026-06-11T07:35:23Z,0.5332928376711272
TXN-2026-04104,119.49,pos,UTILITIES,2026-06-20T17:54:19Z,0.14405425296008836
TXN-2026-04105,521.53,atm,JEWELRY,2026-06-13T21:08:10Z,0.7005567298599119
TXN-2026-04106,100.27,ecom,TRAVEL,2026-07-28T20:38:33Z,0.41323999893499136
TXN-2026-04107,240.6,pos,HEALTHCARE,2026-06-12T19:21:52Z,0.19138564956269283
TXN-2026-04108,60.69,pos,RESTAURANT,2026-07-02T19:27:49Z,0.11902912195247081
TXN-2026-04109,115.04,ecom,FUEL,2026-07-10T05:07:57Z,0.8855206287393212
TXN-2026-04110,31.53,pos,RESTAURANT,2026-07-27T22:22:35Z,0.0925065027478396
TXN-2026-04111,290.88,ecom,TRAVEL,2026-07-25T19:02:37Z,0.5391157636559747
TXN-2026-04112,55.59,ecom,TELECOM,2026-07-25T06:48:28Z,0.31413360740337887
TXN-2026-04113,73.16,ecom,TELECOM,2026-06-27T18:22:57Z,0.372049347354793
TXN-2026-04114,55.87,pos,JEWELRY,2026-07-24T01:25:29Z,0.45768624220480936
TXN-2026-04115,38.85,pos,ONLINE_SERVICES,2026-06-01T09:55:10Z,0.06279779576735194
TXN-2026-04116,270.57,ecom,PHARMACY,2026-06-01T22:40:24Z,0.4756541598490766
TXN-2026-04117,7.61,pos,ENTERTAINMENT,2026-07-11T20:10:01Z,0.04365484951799673
TXN-2026-04118,283.63,pos,EDUCATION,2026-06-12T18:52:43Z,0.20595542819596815
TXN-2026-04119,152.85,atm,FUEL,2026-07-25T15:40:05Z,0.6340956764983573
TXN-2026-04120,20.82,transfer,FASHION,2026-07-09T07:46:34Z,0.013000266928428166
TXN-2026-04121,212.06,atm,FASHION,2026-07-09T21:39:53Z,0.40053560809463257
TXN-2026-04122,299.62,transfer,TELECOM,2026-07-16T10:09:08Z,0.09764129059179463
TXN-2026-04123,73.01,pos,ELECTRONICS,2026-07-07T14:15:49Z,0.1033941519846833
TXN-2026-04124,63.57,pos,RESTAURANT,2026-07-05T19:45:06Z,0.12138953397099977
TXN-2026-04125,197.14,ecom,FUEL,2026-07-12T14:57:41Z,0.57416259573392
TXN-2026-04126,43.7,pos,ENTERTAINMENT,2026-06-17T21:18:22Z,0.09357845847982205
TXN-2026-04127,30.43,ecom,FASHION,2026-06-27T10:17:36Z,0.13962301292985838
TXN-2026-04128,129.58,pos,GROCERY,2026-06-22T03:38:03Z,0.5475918715162319
TXN-2026-04129,44.72,transfer,HOME_GOODS,2026-06-25T21:57:01Z,0.029737098698339078
TXN-2026-04130,62.92,ecom,ELECTRONICS,2026-06-07T05:52:34Z,0.7757716500787912
TXN-2026-04131,161.68,ecom,PHARMACY,2026-06-30T23:03:44Z,0.41637010523718215
TXN-2026-04132,45.81,ecom,UTILITIES,2026-07-07T21:42:57Z,0.3233387071958109
TXN-2026-04133,9.11,ecom,ELECTRONICS,2026-07-13T04:01:59Z,0.5814430730830413
TXN-2026-04134,122.07,atm,ONLINE_SERVICES,2026-07-09T08:56:12Z,0.4174599641883244
TXN-2026-04135,179.52,ecom,FASHION,2026-07-17T17:47:30Z,0.29104323743650157
TXN-2026-04136,609.98,pos,EDUCATION,2026-07-14T02:07:46Z,0.7230836736078013
TXN-2026-04137,43.39,pos,ELECTRONICS,2026-06-06T20:57:28Z,0.08726171426227007
TXN-2026-04138,75.69,pos,ENTERTAINMENT,2026-06-27T07:15:47Z,0.10408087494243577
TXN-2026-04139,41.15,pos,GROCERY,2026-07-23T22:15:55Z,0.09393446290596495
TXN-2026-04140,181.17,atm,EDUCATION,2026-06-17T18:22:30Z,0.5648431489212353
TXN-2026-04141,172.07,transfer,ONLINE_SERVICES,2026-06-19T05:08:17Z,0.31843431217800094
TXN-2026-04142,36.6,ecom,EDUCATION,2026-06-07T07:31:31Z,0.270901637925652
TXN-2026-04143,311.76,atm,HEALTHCARE,2026-06-22T22:51:40Z,0.6330086956364069
TXN-2026-04144,21.59,transfer,JEWELRY,2026-06-11T05:03:05Z,0.19517587422862054
TXN-2026-04145,121.86,ecom,FASHION,2026-06-25T14:00:40Z,0.2479006353623047
TXN-2026-04146,169.63,pos,ELECTRONICS,2026-06-30T21:24:27Z,0.15729925471449357
TXN-2026-04147,31.18,pos,EDUCATION,2026-06-07T03:15:17Z,0.3846852413817009
TXN-2026-04148,180.83,transfer,TELECOM,2026-07-08T04:52:36Z,0.39419504613954354
TXN-2026-04149,131.48,pos,TELECOM,2026-07-09T14:09:22Z,0.14859624261046658
TXN-2026-04150,87.2,atm,GROCERY,2026-07-24T09:08:43Z,0.44711893137762115
TXN-2026-04151,177.09,pos,FASHION,2026-07-26T09:19:16Z,0.07982657436652378
TXN-2026-04152,46.92,ecom,JEWELRY,2026-06-21T05:20:08Z,0.7777513648744764
TXN-2026-04153,66.42,pos,GROCERY,2026-06-10T02:15:38Z,0.46435034541639475
TXN-2026-04154,78.47,ecom,ENTERTAINMENT,2026-07-10T06:31:31Z,0.3359526343313498
TXN-2026-04155,35.92,pos,TRAVEL,2026-06-21T00:45:13Z,0.3978176469059362
TXN-2026-04156,21.63,pos,TRAVEL,2026-06-05T19:30:22Z,0.07186813127920294
TXN-2026-04157,538.06,pos,ONLINE_SERVICES,2026-07-13T20:35:57Z,0.21179672316712517
TXN-2026-04158,147.89,pos,GROCERY,2026-06-13T20:29:23Z,0.15841500978142872
TXN-2026-04159,1758.51,ecom,FASHION,2026-06-24T03:46:03Z,0.8984356484117306
TXN-2026-04160,195.87,atm,ONLINE_SERVICES,2026-06-08T15:52:56Z,0.4924019913913567
TXN-2026-04161,119.57,pos,TELECOM,2026-06-21T10:12:51Z,0.1378272648415529
TXN-2026-04162,22.8,ecom,HEALTHCARE,2026-06-09T20:00:17Z,0.24974633256269155
TXN-2026-04163,92.93,transfer,HOME_GOODS,2026-07-18T14:14:07Z,0.03894121393089043
TXN-2026-04164,351.85,ecom,GROCERY,2026-07-13T15:48:10Z,0.5409467023196071
TXN-2026-04165,245.88,transfer,ELECTRONICS,2026-07-10T17:37:27Z,0.08497091930397235
TXN-2026-04166,953.33,ecom,JEWELRY,2026-07-01T05:17:18Z,0.9379595127237134
TXN-2026-04167,81.42,atm,PHARMACY,2026-07-20T18:29:31Z,0.41140654254359477
TXN-2026-04168,38.16,atm,GROCERY,2026-06-19T00:48:09Z,0.8020495288679255
TXN-2026-04169,41.56,pos,TRAVEL,2026-06-06T00:02:01Z,0.4145888884390662
TXN-2026-04170,363.3,ecom,ENTERTAINMENT,2026-07-20T15:41:15Z,0.5392399705760365
TXN-2026-04171,703.21,ecom,EDUCATION,2026-07-26T12:14:55Z,0.6213711134630981
TXN-2026-04172,50.13,atm,JEWELRY,2026-07-25T15:08:21Z,0.4134816684353246
TXN-2026-04173,230.08,atm,EDUCATION,2026-06-25T04:14:28Z,0.9116273672335858
TXN-2026-04174,246.91,ecom,JEWELRY,2026-06-23T05:55:09Z,0.8866087928411513
TXN-2026-04175,146.38,ecom,FASHION,2026-06-05T13:38:05Z,0.2628400894929665
TXN-2026-04176,31.89,transfer,GROCERY,2026-06-23T23:59:54Z,0.03862037718228497
TXN-2026-04177,22.29,pos,ENTERTAINMENT,2026-07-15T15:24:04Z,0.06585393201191375
TXN-2026-04178,24.62,pos,EDUCATION,2026-06-11T04:18:46Z,0.3610539206869047
TXN-2026-04179,66.7,pos,ONLINE_SERVICES,2026-06-18T07:30:05Z,0.07837720232792264
TXN-2026-04180,336.01,pos,EDUCATION,2026-07-29T07:04:06Z,0.20075478414978729
TXN-2026-04181,811.62,ecom,TRAVEL,2026-07-14T10:17:51Z,0.6373246162782865
TXN-2026-04182,5.0,pos,HEALTHCARE,2026-06-30T19:50:03Z,0.03737245681188034
TXN-2026-04183,84.74,ecom,TELECOM,2026-06-15T13:16:20Z,0.37645733796357134
TXN-2026-04184,436.01,pos,ONLINE_SERVICES,2026-06-17T04:22:46Z,0.6268773322353937
TXN-2026-04185,114.25,atm,RESTAURANT,2026-07-01T10:25:32Z,0.5096975381447312
TXN-2026-04186,82.95,pos,EDUCATION,2026-06-28T15:59:11Z,0.12153012751388785
TXN-2026-04187,926.28,ecom,FUEL,2026-07-20T19:16:23Z,0.751367285982128
TXN-2026-04188,183.06,transfer,UTILITIES,2026-06-19T13:30:04Z,0.07917237496044523
TXN-2026-04189,588.66,atm,HEALTHCARE,2026-07-10T20:24:12Z,0.697298471088237
TXN-2026-04190,128.8,atm,PHARMACY,2026-07-23T05:02:36Z,0.8618725050736451
TXN-2026-04191,114.89,pos,FUEL,2026-07-16T18:53:42Z,0.20003325644437792
TXN-2026-04192,78.14,pos,PHARMACY,2026-07-07T23:14:09Z,0.10391375286240892
TXN-2026-04193,29.38,atm,EDUCATION,2026-06-02T19:29:06Z,0.3532259320664849
TXN-2026-04194,63.47,pos,ENTERTAINMENT,2026-07-01T06:40:06Z,0.09552070929972421
TXN-2026-04195,1403.89,transfer,ELECTRONICS,2026-07-23T14:30:18Z,0.1740227311335458
TXN-2026-04196,31.41,pos,JEWELRY,2026-07-14T22:50:25Z,0.08881446600888236
TXN-2026-04197,135.94,atm,EDUCATION,2026-06-04T00:06:00Z,0.8845262500747089
TXN-2026-04198,85.1,pos,FUEL,2026-07-10T01:20:06Z,0.5971901978441713
TXN-2026-04199,55.45,transfer,HEALTHCARE,2026-06-18T23:37:07Z,0.049846532047401255
TXN-2026-04200,141.64,ecom,TELECOM,2026-07-24T03:18:39Z,0.8510153781814745
TXN-2026-04201,113.49,pos,TRAVEL,2026-06-24T03:36:24Z,0.5424781185110268
TXN-2026-04202,97.68,transfer,JEWELRY,2026-06-29T04:06:04Z,0.33049470993619984
TXN-2026-04203,109.18,atm,ONLINE_SERVICES,2026-06-11T22:17:59Z,0.4399650400806261
TXN-2026-04204,28.79,transfer,TRAVEL,2026-06-22T22:29:22Z,0.03806164941819457
TXN-2026-04205,121.19,ecom,TRAVEL,2026-06-24T05:14:07Z,0.8438732114828819
TXN-2026-04206,68.5,ecom,ELECTRONICS,2026-06-26T02:44:13Z,0.7774456070074556
TXN-2026-04207,340.35,atm,EDUCATION,2026-07-04T05:11:32Z,0.9265553818109784
TXN-2026-04208,195.38,ecom,GROCERY,2026-07-15T18:58:24Z,0.477216324547281
TXN-2026-04209,105.9,pos,UTILITIES,2026-07-12T09:54:39Z,0.12741629043148092
TXN-2026-04210,95.8,ecom,FUEL,2026-07-24T10:40:32Z,0.47670075548697605
TXN-2026-04211,291.09,pos,HOME_GOODS,2026-06-23T06:16:10Z,0.13041365931223703
TXN-2026-04212,136.2,ecom,HOME_GOODS,2026-07-30T05:51:29Z,0.784057978866766
TXN-2026-04213,151.18,pos,ENTERTAINMENT,2026-06-28T22:19:21Z,0.15962657871616784
TXN-2026-04214,39.94,pos,GROCERY,2026-06-21T18:18:22Z,0.08927792539045208
TXN-2026-04215,254.42,atm,PHARMACY,2026-06-25T13:32:51Z,0.5356826305952197
TXN-2026-04216,2251.07,ecom,HEALTHCARE,2026-07-20T15:42:23Z,0.7452656186190162
TXN-2026-04217,57.3,ecom,GROCERY,2026-07-11T14:40:25Z,0.32585804601499907
TXN-2026-04218,49.55,ecom,GROCERY,2026-06-06T03:59:05Z,0.7669256955517558
TXN-2026-04219,44.79,pos,FASHION,2026-07-17T12:21:02Z,0.04403221901903402
TXN-2026-04220,49.11,pos,UTILITIES,2026-06-29T23:38:48Z,0.1044623832296426
TXN-2026-04221,383.75,ecom,ELECTRONICS,2026-06-01T01:08:29Z,0.8886964389173212
TXN-2026-04222,112.9,ecom,PHARMACY,2026-06-29T20:26:40Z,0.36740829720236945
TXN-2026-04223,51.31,transfer,HOME_GOODS,2026-07-18T07:44:41Z,0.027509459313288968
TXN-2026-04224,17.22,ecom,ENTERTAINMENT,2026-07-03T15:05:17Z,0.21282613587612945
TXN-2026-04225,17.81,pos,RESTAURANT,2026-07-22T08:46:24Z,0.0631280548280348
TXN-2026-04226,698.21,ecom,HOME_GOODS,2026-07-18T02:26:31Z,0.8864301163893435
TXN-2026-04227,177.24,atm,PHARMACY,2026-06-17T07:35:50Z,0.47611880098980464
TXN-2026-04228,125.5,atm,ONLINE_SERVICES,2026-07-12T09:21:52Z,0.4232776996187108
TXN-2026-04229,109.52,pos,HEALTHCARE,2026-06-08T00:00:07Z,0.5201752965434079
TXN-2026-04230,127.54,atm,ENTERTAINMENT,2026-06-18T11:13:36Z,0.4925715168337659
TXN-2026-04231,241.36,transfer,FUEL,2026-06-14T07:36:21Z,0.12162956166890813
TXN-2026-04232,451.58,ecom,TRAVEL,2026-06-13T19:21:55Z,0.5917826031240748
TXN-2026-04233,53.98,ecom,RESTAURANT,2026-07-17T15:51:02Z,0.3462882826676464
TXN-2026-04234,131.84,atm,ELECTRONICS,2026-06-16T21:13:23Z,0.5069207474063785
TXN-2026-04235,35.93,pos,ELECTRONICS,2026-06-20T07:35:31Z,0.07088771778978219
TXN-2026-04236,185.68,pos,UTILITIES,2026-07-28T22:42:32Z,0.18009604365357665
TXN-2026-04237,101.53,atm,TRAVEL,2026-07-29T15:13:39Z,0.4919025438005137
TXN-2026-04238,41.94,pos,ELECTRONICS,2026-06-01T20:38:39Z,0.08597647700271153
TXN-2026-04239,149.65,pos,UTILITIES,2026-06-07T10:14:25Z,0.14858343143783392
TXN-2026-04240,41.64,pos,HEALTHCARE,2026-06-07T21:59:41Z,0.0937559387078708
TXN-2026-04241,48.77,atm,FASHION,2026-07-07T07:13:06Z,0.22087478357291163
TXN-2026-04242,12.49,ecom,JEWELRY,2026-06-09T03:33:02Z,0.6483281448868684
TXN-2026-04243,201.32,pos,PHARMACY,2026-07-26T05:09:38Z,0.5546403747015952
TXN-2026-04244,132.03,pos,HEALTHCARE,2026-07-10T16:28:05Z,0.14626403967485305
TXN-2026-04245,261.07,pos,ENTERTAINMENT,2026-07-23T21:48:57Z,0.1969356274087145
TXN-2026-04246,37.64,pos,TELECOM,2026-07-24T23:52:50Z,0.09496241019008678
TXN-2026-04247,6.39,pos,PHARMACY,2026-07-27T07:45:27Z,0.029851826897089567
TXN-2026-04248,74.98,pos,HEALTHCARE,2026-07-26T01:29:03Z,0.47698487345473234
TXN-2026-04249,114.11,pos,FUEL,2026-06-02T16:59:23Z,0.19619452495327366
TXN-2026-04250,56.8,pos,ONLINE_SERVICES,2026-07-25T23:13:08Z,0.08509498363754099
TXN-2026-04251,19.66,pos,UTILITIES,2026-07-24T08:12:36Z,0.06074180767756696
TXN-2026-04252,105.39,pos,EDUCATION,2026-07-28T16:31:06Z,0.13567201944511692
TXN-2026-04253,246.73,ecom,UTILITIES,2026-07-07T03:32:37Z,0.8798869880579195
TXN-2026-04254,44.94,ecom,ONLINE_SERVICES,2026-06-01T03:54:33Z,0.7049191067669052
TXN-2026-04255,117.66,ecom,JEWELRY,2026-07-24T10:47:08Z,0.41235911852888596
TXN-2026-04256,34.65,atm,PHARMACY,2026-06-15T05:32:06Z,0.7683140664727299
TXN-2026-04257,9.6,pos,RESTAURANT,2026-07-22T14:57:18Z,0.05139999289221518
TXN-2026-04258,615.09,ecom,EDUCATION,2026-06-28T05:50:51Z,0.9212523508259753
TXN-2026-04259,76.74,pos,HOME_GOODS,2026-06-28T13:40:49Z,0.07785958983149482
TXN-2026-04260,57.23,pos,TRAVEL,2026-06-17T17:44:12Z,0.10746648604366281
TXN-2026-04261,28.74,pos,RESTAURANT,2026-07-16T15:19:37Z,0.08315113713173915
TXN-2026-04262,121.66,ecom,FASHION,2026-07-16T08:34:09Z,0.23627353899095638
TXN-2026-04263,92.19,atm,TELECOM,2026-07-05T15:30:17Z,0.48033598963734864
TXN-2026-04264,7.13,pos,ELECTRONICS,2026-06-25T11:03:34Z,0.0365536385536738
TXN-2026-04265,144.79,ecom,JEWELRY,2026-07-01T15:05:14Z,0.4498320628366473
TXN-2026-04266,82.74,pos,EDUCATION,2026-07-28T20:15:16Z,0.12707271020570104
TXN-2026-04267,78.42,ecom,HEALTHCARE,2026-06-24T13:48:10Z,0.35812553191830204
TXN-2026-04268,193.35,pos,RESTAURANT,2026-06-25T14:54:43Z,0.18355000464363153
TXN-2026-04269,170.53,atm,UTILITIES,2026-07-01T03:47:49Z,0.8980599920930968
TXN-2026-04270,20.7,transfer,RESTAURANT,2026-06-12T15:47:43Z,0.03255845543304702
TXN-2026-04271,15.93,pos,UTILITIES,2026-06-19T13:44:23Z,0.058211154294377676
TXN-2026-04272,245.8,ecom,TELECOM,2026-07-06T16:19:22Z,0.5109599658162672
TXN-2026-04273,18.6,atm,ELECTRONICS,2026-07-24T09:26:04Z,0.262397799731025
TXN-2026-04274,1195.4,atm,UTILITIES,2026-06-07T00:34:55Z,0.9566720579832034
TXN-2026-04275,187.41,ecom,FUEL,2026-07-09T18:33:19Z,0.5783358429732274
TXN-2026-04276,30.27,transfer,EDUCATION,2026-06-04T10:58:08Z,0.03388180011771389
TXN-2026-04277,33.48,transfer,PHARMACY,2026-07-24T18:18:38Z,0.030762850369570074
TXN-2026-04278,337.03,ecom,UTILITIES,2026-07-15T02:01:34Z,0.8940655428744294
TXN-2026-04279,485.74,pos,JEWELRY,2026-06-26T02:09:44Z,0.7090916723280035
TXN-2026-04280,42.28,pos,UTILITIES,2026-07-19T02:17:46Z,0.41658883732502655
TXN-2026-04281,751.1,ecom,UTILITIES,2026-07-24T20:36:55Z,0.6478002852463722
TXN-2026-04282,12.6,pos,TELECOM,2026-06-22T18:59:02Z,0.05638918344796887
TXN-2026-04283,16.73,transfer,ENTERTAINMENT,2026-06-17T05:56:15Z,0.1645761082169537
TXN-2026-04284,269.1,pos,UTILITIES,2026-07-22T16:36:57Z,0.19819957202646943
TXN-2026-04285,458.96,ecom,TELECOM,2026-06-19T23:09:41Z,0.6038160901387191
TXN-2026-04286,747.31,ecom,ENTERTAINMENT,2026-06-09T02:45:21Z,0.9224652762694691
TXN-2026-04287,78.03,ecom,FUEL,2026-06-18T21:03:42Z,0.48057434701337387
TXN-2026-04288,154.48,transfer,HEALTHCARE,2026-06-06T19:25:25Z,0.07629409562067915
TXN-2026-04289,89.12,pos,HEALTHCARE,2026-07-20T16:27:10Z,0.12404143229206556
TXN-2026-04290,136.36,atm,ENTERTAINMENT,2026-07-07T18:36:12Z,0.5189308099950137
TXN-2026-04291,141.89,transfer,UTILITIES,2026-06-28T05:47:17Z,0.3639135173600636
TXN-2026-04292,87.4,transfer,FASHION,2026-07-19T01:26:50Z,0.16722725722824433
TXN-2026-04293,436.72,ecom,UTILITIES,2026-07-05T20:46:52Z,0.5853091677494209
TXN-2026-04294,68.88,ecom,HEALTHCARE,2026-07-08T04:10:24Z,0.7961719100822312
TXN-2026-04295,239.32,transfer,HEALTHCARE,2026-07-21T09:20:30Z,0.08431635584365918
TXN-2026-04296,245.0,pos,HEALTHCARE,2026-06-02T16:07:14Z,0.1879334670701082
TXN-2026-04297,59.55,pos,TRAVEL,2026-06-16T22:51:23Z,0.11449546180619743
TXN-2026-04298,121.27,pos,HEALTHCARE,2026-06-07T09:49:36Z,0.1325637787206597
TXN-2026-04299,20.75,pos,GROCERY,2026-07-22T21:32:03Z,0.06910091704263166
TXN-2026-04300,450.87,pos,JEWELRY,2026-07-14T13:17:07Z,0.24357654258086164
TXN-2026-04301,732.23,pos,HOME_GOODS,2026-06-15T19:49:12Z,0.21223754842073847
TXN-2026-04302,83.83,pos,FUEL,2026-07-17T12:33:37Z,0.16780242869485354
TXN-2026-04303,24.27,pos,JEWELRY,2026-06-16T10:02:31Z,0.07075901678955598
TXN-2026-04304,54.69,pos,UTILITIES,2026-07-09T16:01:24Z,0.1024803283625464
TXN-2026-04305,388.83,pos,TELECOM,2026-06-23T01:34:25Z,0.6790065704072888
TXN-2026-04306,56.38,pos,UTILITIES,2026-07-28T01:28:25Z,0.44787080117075184
TXN-2026-04307,281.19,transfer,UTILITIES,2026-07-01T02:34:04Z,0.4361422502785806
TXN-2026-04308,74.61,pos,FUEL,2026-07-28T18:14:13Z,0.1686839014478179
TXN-2026-04309,34.16,pos,FASHION,2026-07-16T07:15:09Z,0.0369988024161202
TXN-2026-04310,100.82,pos,JEWELRY,2026-06-08T19:34:52Z,0.14190856309195535
TXN-2026-04311,48.93,pos,PHARMACY,2026-07-09T17:22:30Z,0.07999884941529942
TXN-2026-04312,63.6,pos,GROCERY,2026-07-14T22:19:53Z,0.11328136136289647
TXN-2026-04313,580.66,ecom,ONLINE_SERVICES,2026-07-28T21:59:44Z,0.5492936620166634
TXN-2026-04314,11.71,ecom,TELECOM,2026-07-10T00:19:32Z,0.6291425326029497
TXN-2026-04315,801.65,atm,EDUCATION,2026-06-26T03:45:03Z,0.9494211041936977
TXN-2026-04316,134.77,ecom,ENTERTAINMENT,2026-06-10T22:27:19Z,0.4372052400178778
TXN-2026-04317,13.34,pos,ENTERTAINMENT,2026-06-24T23:03:54Z,0.05700192509380317
TXN-2026-04318,487.18,ecom,TELECOM,2026-06-16T17:44:02Z,0.5957857047956948
TXN-2026-04319,41.31,ecom,GROCERY,2026-07-28T02:09:48Z,0.7490517743403501
TXN-2026-04320,184.75,pos,FUEL,2026-07-10T21:05:22Z,0.24526462993186823
TXN-2026-04321,186.81,pos,TRAVEL,2026-06-23T13:21:11Z,0.1699776291648375
TXN-2026-04322,559.16,ecom,JEWELRY,2026-07-20T02:12:39Z,0.9186400055508765
TXN-2026-04323,85.0,transfer,RESTAURANT,2026-07-08T10:37:58Z,0.058957038640774465
TXN-2026-04324,122.31,ecom,EDUCATION,2026-06-05T00:53:27Z,0.8348539994998313
TXN-2026-04325,39.06,ecom,ENTERTAINMENT,2026-07-03T20:07:04Z,0.2951641468085816
TXN-2026-04326,230.79,pos,EDUCATION,2026-06-10T02:17:20Z,0.6190929926008649
TXN-2026-04327,100.01,ecom,ONLINE_SERVICES,2026-06-16T00:49:41Z,0.7729322812131003
TXN-2026-04328,18.45,pos,PHARMACY,2026-06-04T17:59:12Z,0.05197933459421028
TXN-2026-04329,63.48,ecom,HEALTHCARE,2026-07-06T02:35:17Z,0.7862280546286746
TXN-2026-04330,120.96,ecom,HOME_GOODS,2026-06-12T15:41:54Z,0.31727158887132717
TXN-2026-04331,530.75,pos,FUEL,2026-07-24T11:25:00Z,0.328748974928442
TXN-2026-04332,18.27,pos,HOME_GOODS,2026-06-24T12:27:53Z,0.04052331355411625
TXN-2026-04333,95.27,atm,UTILITIES,2026-06-22T15:34:57Z,0.4790020288737124
TXN-2026-04334,215.94,ecom,TELECOM,2026-06-15T14:09:56Z,0.489977692417109
TXN-2026-04335,554.85,atm,HEALTHCARE,2026-07-25T00:37:07Z,0.9369967899332997
TXN-2026-04336,24.07,ecom,TELECOM,2026-06-15T05:05:06Z,0.713607428011645
TXN-2026-04337,15.17,pos,ENTERTAINMENT,2026-07-06T03:50:14Z,0.2987374724220378
TXN-2026-04338,54.99,pos,FASHION,2026-07-02T17:58:49Z,0.05082150695027016
TXN-2026-04339,531.4,ecom,FASHION,2026-06-27T10:25:57Z,0.3931040804354405
TXN-2026-04340,39.31,ecom,PHARMACY,2026-07-06T18:42:22Z,0.25496353711928316
TXN-2026-04341,46.97,transfer,HOME_GOODS,2026-07-05T22:47:51Z,0.030731838270373076
TXN-2026-04342,11.07,ecom,ENTERTAINMENT,2026-07-16T08:39:59Z,0.17045296538274482
TXN-2026-04343,35.6,pos,EDUCATION,2026-07-27T19:42:38Z,0.08767294664546464
TXN-2026-04344,61.14,pos,HOME_GOODS,2026-06-26T12:27:34Z,0.06966914448247645
TXN-2026-04345,101.57,atm,UTILITIES,2026-07-22T15:27:27Z,0.4867445815607134
TXN-2026-04346,153.24,pos,RESTAURANT,2026-07-22T17:06:53Z,0.17161035215868672
TXN-2026-04347,161.13,ecom,ELECTRONICS,2026-06-20T12:56:10Z,0.41750605909337796
TXN-2026-04348,498.09,ecom,GROCERY,2026-06-13T02:42:23Z,0.9089342818386484
TXN-2026-04349,363.32,atm,ENTERTAINMENT,2026-07-03T09:30:12Z,0.612783077913617
TXN-2026-04350,69.85,atm,ENTERTAINMENT,2026-07-20T19:56:51Z,0.440864682681436
TXN-2026-04351,40.33,ecom,TELECOM,2026-06-22T21:33:59Z,0.3147242450005899
TXN-2026-04352,473.45,ecom,PHARMACY,2026-06-20T00:33:28Z,0.8857970135179615
TXN-2026-04353,40.65,pos,UTILITIES,2026-06-23T13:21:28Z,0.08759534676082027
TXN-2026-04354,92.97,atm,HEALTHCARE,2026-06-08T02:32:02Z,0.8642283412086033
TXN-2026-04355,55.5,pos,ELECTRONICS,2026-06-28T07:19:35Z,0.08587035646466543
TXN-2026-04356,208.23,atm,ELECTRONICS,2026-07-24T20:42:24Z,0.5595840434237834
TXN-2026-04357,392.59,ecom,PHARMACY,2026-06-07T08:27:43Z,0.4845141525690443
TXN-2026-04358,187.06,transfer,PHARMACY,2026-07-01T13:57:33Z,0.06461256322767206
TXN-2026-04359,45.95,ecom,ELECTRONICS,2026-07-12T03:42:19Z,0.7444833300885422
TXN-2026-04360,509.77,pos,ONLINE_SERVICES,2026-06-21T17:49:12Z,0.20233088276418992
TXN-2026-04361,2334.49,ecom,FUEL,2026-07-04T01:34:16Z,0.9698961910521862
TXN-2026-04362,777.06,pos,TRAVEL,2026-06-13T20:56:01Z,0.30629561450663484
TXN-2026-04363,15.37,pos,PHARMACY,2026-06-08T21:39:39Z,0.04991935084131016
TXN-2026-04364,12.75,pos,GROCERY,2026-07-23T12:15:45Z,0.051233341779633776
TXN-2026-04365,22.15,ecom,PHARMACY,2026-07-27T01:21:37Z,0.6414354372938446
TXN-2026-04366,22.98,pos,HOME_GOODS,2026-07-23T21:58:23Z,0.04909427247358267
TXN-2026-04367,68.44,transfer,ONLINE_SERVICES,2026-06-20T11:06:12Z,0.03741215551034066
TXN-2026-04368,629.68,pos,FUEL,2026-07-10T17:39:45Z,0.36174377032070154
TXN-2026-04369,58.26,pos,HEALTHCARE,2026-06-05T19:39:54Z,0.10636018474819761
TXN-2026-04370,26.73,pos,GROCERY,2026-06-19T05:27:02Z,0.36676217478792067
TXN-2026-04371,36.29,pos,JEWELRY,2026-06-30T19:58:39Z,0.09188114593009658
TXN-2026-04372,84.87,pos,TELECOM,2026-06-21T02:41:30Z,0.5049004924976224
TXN-2026-04373,48.55,pos,PHARMACY,2026-07-25T16:43:56Z,0.0789623263481986
TXN-2026-04374,39.05,pos,FUEL,2026-06-04T06:05:47Z,0.11598747149708744
TXN-2026-04375,839.77,atm,HEALTHCARE,2026-07-21T06:41:49Z,0.7030744796138844
TXN-2026-04376,373.16,ecom,RESTAURANT,2026-07-14T10:48:50Z,0.5623048803397738
TXN-2026-04377,32.19,pos,JEWELRY,2026-07-26T09:13:02Z,0.0792808410111058
TXN-2026-04378,42.61,pos,ELECTRONICS,2026-07-14T09:50:24Z,0.07792045957445821
TXN-2026-04379,46.07,ecom,EDUCATION,2026-07-20T10:26:57Z,0.2996676459174654
TXN-2026-04380,123.36,transfer,GROCERY,2026-06-22T11:06:11Z,0.06361571310791281
TXN-2026-04381,296.24,pos,FASHION,2026-06-15T20:08:26Z,0.11111527162652866
TXN-2026-04382,9.04,pos,ENTERTAINMENT,2026-06-18T10:07:53Z,0.04245421708925052
TXN-2026-04383,378.16,atm,ELECTRONICS,2026-07-19T19:06:13Z,0.627115246168601
TXN-2026-04384,139.98,pos,TRAVEL,2026-06-22T11:50:17Z,0.14843309657150383
TXN-2026-04385,107.05,ecom,ELECTRONICS,2026-06-30T07:11:12Z,0.35808750838621806
TXN-2026-04386,159.11,pos,JEWELRY,2026-07-20T05:40:24Z,0.5934838369574313
TXN-2026-04387,388.72,ecom,GROCERY,2026-07-05T13:32:38Z,0.5478305689381328
TXN-2026-04388,207.16,ecom,ENTERTAINMENT,2026-06-14T21:33:06Z,0.48652754925135827
TXN-2026-04389,16.92,pos,TRAVEL,2026-07-09T22:42:00Z,0.06653349008187559
TXN-2026-04390,195.55,pos,ENTERTAINMENT,2026-07-19T12:57:13Z,0.1624433207299833
TXN-2026-04391,331.24,pos,EDUCATION,2026-06-27T13:32:27Z,0.20982601279278731
TXN-2026-04392,129.97,pos,TELECOM,2026-07-25T02:19:44Z,0.5562837870716835
TXN-2026-04393,247.11,ecom,FASHION,2026-06-22T11:28:31Z,0.31059543020573177
TXN-2026-04394,191.35,pos,UTILITIES,2026-07-07T13:02:35Z,0.1686908378042971
TXN-2026-04395,187.5,pos,FASHION,2026-06-17T18:17:49Z,0.08923237353101302
TXN-2026-04396,514.59,pos,HOME_GOODS,2026-06-03T13:08:41Z,0.17561712327062898
TXN-2026-04397,1835.9,atm,HEALTHCARE,2026-07-08T03:20:07Z,0.9649565846046564
TXN-2026-04398,63.24,atm,JEWELRY,2026-07-16T07:43:17Z,0.42033932207128344
TXN-2026-04399,55.27,atm,FASHION,2026-07-22T13:19:28Z,0.24269697996409784
TXN-2026-04400,127.83,pos,ONLINE_SERVICES,2026-06-22T06:38:59Z,0.10337224154109588
TXN-2026-04401,196.9,ecom,HEALTHCARE,2026-07-14T07:59:36Z,0.4502939967336225
TXN-2026-04402,656.32,ecom,HOME_GOODS,2026-07-25T05:01:36Z,0.8865378605603048
TXN-2026-04403,42.96,pos,TELECOM,2026-07-20T17:02:38Z,0.09500673444439843
TXN-2026-04404,175.31,atm,ENTERTAINMENT,2026-06-28T21:15:22Z,0.5570414905221461
TXN-2026-04405,51.68,pos,ENTERTAINMENT,2026-07-02T19:30:00Z,0.09874793829626906
TXN-2026-04406,69.29,pos,EDUCATION,2026-06-30T05:49:23Z,0.4833374125295393
TXN-2026-04407,210.37,pos,RESTAURANT,2026-06-25T18:58:51Z,0.19628257327598117
TXN-2026-04408,19.75,transfer,ELECTRONICS,2026-06-15T19:18:34Z,0.02746163960678076
TXN-2026-04409,159.61,pos,RESTAURANT,2026-06-20T22:36:07Z,0.1820813302990879
TXN-2026-04410,1527.04,ecom,RESTAURANT,2026-06-28T15:05:13Z,0.7292753435730273
TXN-2026-04411,98.99,ecom,FASHION,2026-07-19T20:08:13Z,0.24085217868100922
TXN-2026-04412,1656.67,ecom,PHARMACY,2026-07-09T14:48:39Z,0.6690654304976332
TXN-2026-04413,11.64,pos,RESTAURANT,2026-07-02T00:43:24Z,0.29468088588789365
TXN-2026-04414,119.87,pos,RESTAURANT,2026-06-18T01:09:19Z,0.5602364203252866
TXN-2026-04415,23.61,pos,FUEL,2026-06-02T06:41:17Z,0.09370630547694782
TXN-2026-04416,83.8,ecom,TRAVEL,2026-06-26T06:52:59Z,0.3581424721739853
TXN-2026-04417,231.07,transfer,FUEL,2026-06-21T09:12:24Z,0.1215909382593474
TXN-2026-04418,140.09,ecom,FUEL,2026-07-01T20:54:59Z,0.5486779145351753
TXN-2026-04419,52.98,ecom,RESTAURANT,2026-07-20T17:47:51Z,0.3489828763482465
TXN-2026-04420,135.38,pos,FUEL,2026-07-09T18:24:04Z,0.21308156774019493
TXN-2026-04421,125.6,ecom,PHARMACY,2026-06-27T23:02:50Z,0.3869026734039983
TXN-2026-04422,25.51,transfer,TRAVEL,2026-07-03T05:53:10Z,0.20398016799422755
TXN-2026-04423,57.82,pos,TELECOM,2026-07-30T11:39:10Z,0.10209892725690879
TXN-2026-04424,710.68,ecom,GROCERY,2026-07-21T01:27:36Z,0.9215673344047929
TXN-2026-04425,1730.64,ecom,ENTERTAINMENT,2026-07-19T23:04:05Z,0.7316972532797994
TXN-2026-04426,1403.41,pos,HOME_GOODS,2026-07-26T16:40:52Z,0.26407982215730597
TXN-2026-04427,65.58,ecom,TRAVEL,2026-07-21T06:15:23Z,0.33142236395726055
TXN-2026-04428,378.44,ecom,PHARMACY,2026-07-21T07:34:52Z,0.4774395055245565
TXN-2026-04429,25.39,transfer,HOME_GOODS,2026-07-11T17:45:18Z,0.021973252979382563
TXN-2026-04430,449.89,atm,EDUCATION,2026-06-07T09:16:43Z,0.6480059105010647
TXN-2026-04431,58.1,pos,GROCERY,2026-07-14T21:54:35Z,0.10797344784827932
TXN-2026-04432,16.36,pos,GROCERY,2026-06-06T02:13:00Z,0.30863266199116424
TXN-2026-04433,230.14,atm,ONLINE_SERVICES,2026-06-05T22:40:28Z,0.5302426392337063
TXN-2026-04434,45.79,ecom,GROCERY,2026-06-16T05:28:06Z,0.7638825127380813
TXN-2026-04435,21.03,pos,TELECOM,2026-06-14T21:26:51Z,0.07241261837689904
TXN-2026-04436,14.09,ecom,EDUCATION,2026-07-28T20:41:27Z,0.2139888308454806
TXN-2026-04437,103.19,pos,HEALTHCARE,2026-06-16T15:26:59Z,0.13076983647688134
TXN-2026-04438,25.58,pos,FASHION,2026-06-24T17:13:33Z,0.035856751737580725
TXN-2026-04439,33.56,transfer,ELECTRONICS,2026-06-18T22:27:26Z,0.03604476373136471
TXN-2026-04440,218.81,pos,TELECOM,2026-06-07T01:56:11Z,0.6151346208346895
TXN-2026-04441,44.78,ecom,HOME_GOODS,2026-06-06T03:52:03Z,0.6751813893096277
TXN-2026-04442,8.02,pos,HEALTHCARE,2026-07-11T18:25:32Z,0.044798828563006744
TXN-2026-04443,63.35,atm,HEALTHCARE,2026-07-22T02:25:31Z,0.8409946967659444
TXN-2026-04444,98.67,pos,JEWELRY,2026-07-28T20:35:35Z,0.1419074423085265
TXN-2026-04445,600.14,ecom,HOME_GOODS,2026-07-05T07:19:31Z,0.4826304034787177
TXN-2026-04446,424.19,pos,HOME_GOODS,2026-07-01T07:00:40Z,0.15404660246878155
TXN-2026-04447,68.06,ecom,HEALTHCARE,2026-06-20T20:56:54Z,0.3591929307676655
TXN-2026-04448,32.07,pos,FASHION,2026-07-05T20:37:18Z,0.040951567604939045
TXN-2026-04449,534.73,pos,GROCERY,2026-06-27T16:46:46Z,0.2524742990444948
TXN-2026-04450,94.2,pos,ELECTRONICS,2026-06-06T06:40:02Z,0.10713455749628736
TXN-2026-04451,277.2,pos,HEALTHCARE,2026-07-17T12:35:46Z,0.19076535207353895
TXN-2026-04452,21.85,ecom,TELECOM,2026-06-02T19:33:31Z,0.25182933494956344
TXN-2026-04453,104.94,pos,FUEL,2026-06-15T08:16:57Z,0.17736524146142518
TXN-2026-04454,16.83,pos,TELECOM,2026-06-11T02:50:14Z,0.3209666902755349
TXN-2026-04455,556.83,pos,GROCERY,2026-06-08T15:47:44Z,0.2542417657839885
TXN-2026-04456,32.47,pos,ENTERTAINMENT,2026-07-29T12:15:52Z,0.0754314411156238
TXN-2026-04457,675.29,ecom,HOME_GOODS,2026-06-20T15:02:49Z,0.5178815161167293
TXN-2026-04458,107.49,atm,PHARMACY,2026-07-25T22:17:06Z,0.45462598238214114
TXN-2026-04459,389.39,atm,ELECTRONICS,2026-07-11T16:49:36Z,0.6231282575110347
TXN-2026-04460,113.51,ecom,EDUCATION,2026-07-26T10:08:22Z,0.39795212367443283
TXN-2026-04461,76.23,pos,HOME_GOODS,2026-06-04T16:26:04Z,0.079899082117536
TXN-2026-04462,14.72,pos,TRAVEL,2026-07-13T15:34:23Z,0.05850901054192174
TXN-2026-04463,780.6,ecom,RESTAURANT,2026-07-23T06:00:36Z,0.6385657015252222
TXN-2026-04464,436.96,ecom,HOME_GOODS,2026-06-20T23:58:57Z,0.48561954090690634
TXN-2026-04465,467.08,ecom,TRAVEL,2026-07-02T01:43:47Z,0.9090908257737872
TXN-2026-04466,410.84,ecom,ENTERTAINMENT,2026-06-18T12:12:25Z,0.5463642272642777
TXN-2026-04467,75.2,ecom,JEWELRY,2026-07-08T13:05:26Z,0.3682854032669407
TXN-2026-04468,66.82,transfer,TELECOM,2026-06-27T22:59:43Z,0.05588768373492453
TXN-2026-04469,2634.41,ecom,UTILITIES,2026-07-05T23:05:42Z,0.7779991853854991
TXN-2026-04470,696.69,pos,TRAVEL,2026-07-01T01:23:02Z,0.7375966459330592
TXN-2026-04471,84.92,pos,HOME_GOODS,2026-07-22T23:55:46Z,0.08959842047290358
TXN-2026-04472,852.54,ecom,HOME_GOODS,2026-06-13T16:29:03Z,0.5488063001747643
TXN-2026-04473,205.8,pos,FASHION,2026-07-19T02:59:57Z,0.4153023166443368
TXN-2026-04474,47.78,pos,JEWELRY,2026-07-21T11:53:28Z,0.09596050805410043
TXN-2026-04475,87.83,pos,UTILITIES,2026-06-21T09:19:25Z,0.11768097154580175
TXN-2026-04476,471.5,atm,HEALTHCARE,2026-07-09T12:35:26Z,0.6553568876798823
TXN-2026-04477,172.24,ecom,GROCERY,2026-07-26T23:36:39Z,0.4749275920462447
TXN-2026-04478,173.98,ecom,ONLINE_SERVICES,2026-07-19T01:13:45Z,0.8181916198861193
TXN-2026-04479,90.85,pos,GROCERY,2026-06-02T11:29:48Z,0.11917867626216114
TXN-2026-04480,77.48,atm,FASHION,2026-07-25T12:43:15Z,0.2717730463206874
TXN-2026-04481,188.82,pos,TELECOM,2026-06-11T03:28:20Z,0.6030176735842637
TXN-2026-04482,185.09,pos,ENTERTAINMENT,2026-07-15T23:01:42Z,0.1747721628640533
TXN-2026-04483,5.56,pos,ONLINE_SERVICES,2026-06-15T20:29:57Z,0.030155934033774888
TXN-2026-04484,568.41,ecom,FASHION,2026-07-05T10:13:53Z,0.4009739535734838
TXN-2026-04485,59.65,pos,JEWELRY,2026-07-11T09:27:50Z,0.103654895727594
TXN-2026-04486,386.92,ecom,FUEL,2026-07-20T22:37:11Z,0.6706060969709374
TXN-2026-04487,121.62,pos,UTILITIES,2026-06-24T02:25:22Z,0.543047685232525
TXN-2026-04488,51.47,transfer,RESTAURANT,2026-06-30T15:33:25Z,0.049278908795108566
TXN-2026-04489,523.03,ecom,ENTERTAINMENT,2026-07-13T23:04:01Z,0.6031411291490218
TXN-2026-04490,45.63,atm,HOME_GOODS,2026-07-07T13:03:55Z,0.2904491165414516
TXN-2026-04491,105.86,transfer,PHARMACY,2026-07-23T10:30:34Z,0.04832216117973641
TXN-2026-04492,158.47,pos,FASHION,2026-07-05T23:25:54Z,0.08685138164002326
TXN-2026-04493,234.63,ecom,RESTAURANT,2026-07-10T16:41:53Z,0.5217128794761478
TXN-2026-04494,38.57,pos,JEWELRY,2026-07-29T20:16:27Z,0.0952271031953817
TXN-2026-04495,63.54,ecom,ONLINE_SERVICES,2026-06-03T03:57:52Z,0.7382944722656497
TXN-2026-04496,55.65,pos,FASHION,2026-07-13T23:38:23Z,0.054219867534829894
TXN-2026-04497,149.85,pos,JEWELRY,2026-07-27T14:45:07Z,0.15984243156942377
TXN-2026-04498,24.73,pos,TRAVEL,2026-07-04T01:02:46Z,0.3587555057222031
TXN-2026-04499,16.02,pos,ENTERTAINMENT,2026-06-14T04:35:11Z,0.30622523971338517
TXN-2026-04500,252.61,ecom,ELECTRONICS,2026-06-16T13:24:37Z,0.47408828857923135
TXN-2026-04501,238.6,pos,JEWELRY,2026-06-09T18:50:29Z,0.19919188279474045
TXN-2026-04502,187.36,pos,ELECTRONICS,2026-06-04T20:09:16Z,0.16239226925415717
TXN-2026-04503,26.61,transfer,HEALTHCARE,2026-07-07T09:29:33Z,0.030962235720821383
TXN-2026-04504,17.98,transfer,FUEL,2026-06-22T16:57:34Z,0.04192179832154574
TXN-2026-04505,79.71,pos,HEALTHCARE,2026-06-09T21:59:02Z,0.12384679027131251
TXN-2026-04506,25.14,ecom,HOME_GOODS,2026-07-14T02:09:08Z,0.6099658275712487
TXN-2026-04507,104.69,ecom,JEWELRY,2026-07-03T08:02:20Z,0.3937196745671128
TXN-2026-04508,72.12,pos,RESTAURANT,2026-07-05T14:31:30Z,0.12231793299088181
TXN-2026-04509,184.26,transfer,FUEL,2026-07-18T09:15:10Z,0.11030325540734123
TXN-2026-04510,1275.79,pos,FASHION,2026-06-14T04:13:14Z,0.6385820782799426
TXN-2026-04511,48.67,pos,HEALTHCARE,2026-06-12T02:39:27Z,0.42809644925619544
TXN-2026-04512,31.22,pos,TRAVEL,2026-07-29T04:43:42Z,0.3918715309372729
TXN-2026-04513,253.23,ecom,RESTAURANT,2026-06-14T00:30:34Z,0.8869244749410853
TXN-2026-04514,31.83,atm,ENTERTAINMENT,2026-07-28T01:29:31Z,0.7859773899186083
TXN-2026-04515,64.94,atm,ENTERTAINMENT,2026-06-29T02:06:14Z,0.8392175598014853
TXN-2026-04516,81.22,transfer,EDUCATION,2026-06-08T21:02:08Z,0.05936867886538161
TXN-2026-04517,161.58,atm,ONLINE_SERVICES,2026-06-14T22:06:51Z,0.4872542472584336
TXN-2026-04518,150.26,ecom,PHARMACY,2026-06-25T06:43:11Z,0.36572245723683294
TXN-2026-04519,7.06,pos,FASHION,2026-06-12T07:35:49Z,0.018348311697428704
TXN-2026-04520,315.17,transfer,JEWELRY,2026-07-10T00:46:46Z,0.45559393316384644
TXN-2026-04521,52.43,transfer,RESTAURANT,2026-07-08T10:50:01Z,0.0472901908397159
TXN-2026-04522,125.09,atm,JEWELRY,2026-06-01T01:34:55Z,0.8857889253274089
TXN-2026-04523,108.26,pos,JEWELRY,2026-06-23T12:49:03Z,0.13728293214392467
TXN-2026-04524,34.72,atm,ELECTRONICS,2026-07-05T05:16:51Z,0.7893211999161328
TXN-2026-04525,135.67,transfer,RESTAURANT,2026-06-27T10:03:47Z,0.07285827593702542
TXN-2026-04526,64.97,atm,TRAVEL,2026-06-08T13:01:15Z,0.433164667325998
TXN-2026-04527,19.84,pos,RESTAURANT,2026-07-24T01:59:44Z,0.3502948664896782
TXN-2026-04528,347.57,transfer,UTILITIES,2026-07-23T08:49:49Z,0.10034194204907103
TXN-2026-04529,22.17,pos,UTILITIES,2026-06-08T08:10:45Z,0.06402161041617788
TXN-2026-04530,130.11,atm,ELECTRONICS,2026-07-03T08:31:46Z,0.4714505690651453
TXN-2026-04531,22.34,transfer,TRAVEL,2026-07-13T21:34:44Z,0.033584458916030284
TXN-2026-04532,202.85,atm,TRAVEL,2026-06-14T23:15:17Z,0.5956120401478994
TXN-2026-04533,65.11,pos,JEWELRY,2026-07-12T01:02:01Z,0.47601421193756854
TXN-2026-04534,13.83,ecom,FUEL,2026-07-02T19:48:15Z,0.2855589064946597
TXN-2026-04535,5.56,pos,FUEL,2026-06-15T02:20:44Z,0.29835384522780606
TXN-2026-04536,138.13,ecom,JEWELRY,2026-06-22T14:21:06Z,0.4416047080857491
TXN-2026-04537,70.13,pos,RESTAURANT,2026-07-05T08:17:16Z,0.11438218910702992
TXN-2026-04538,15.23,pos,JEWELRY,2026-07-16T21:19:54Z,0.06434829431921332
TXN-2026-04539,67.1,pos,PHARMACY,2026-07-26T14:15:14Z,0.08933022020196581
TXN-2026-04540,21.78,pos,FUEL,2026-07-17T18:31:05Z,0.10139397446046906
TXN-2026-04541,253.41,atm,TRAVEL,2026-06-21T13:54:49Z,0.5965933969290083
TXN-2026-04542,105.48,pos,FUEL,2026-07-10T11:24:25Z,0.1823475161429926
TXN-2026-04543,39.68,pos,ELECTRONICS,2026-06-15T11:35:51Z,0.07698014356388194
TXN-2026-04544,115.55,pos,RESTAURANT,2026-06-17T18:55:08Z,0.1543498277319206
TXN-2026-04545,125.06,ecom,JEWELRY,2026-06-21T21:17:51Z,0.4477179370405925
TXN-2026-04546,909.74,pos,FUEL,2026-07-28T18:42:09Z,0.40669929047900394
TXN-2026-04547,348.63,ecom,UTILITIES,2026-06-30T11:25:40Z,0.535146358188653
TXN-2026-04548,294.88,pos,HOME_GOODS,2026-06-23T07:18:35Z,0.13232345704701629
TXN-2026-04549,423.98,ecom,TRAVEL,2026-07-21T06:18:03Z,0.5510628071083338
TXN-2026-04550,66.68,pos,JEWELRY,2026-06-01T07:18:02Z,0.10674088187538924
TXN-2026-04551,20.21,ecom,PHARMACY,2026-06-05T16:17:40Z,0.1966640893540972
TXN-2026-04552,329.29,atm,TELECOM,2026-06-04T21:40:10Z,0.6463044322984155
TXN-2026-04553,164.78,pos,HEALTHCARE,2026-07-21T20:36:10Z,0.16591918797552174
TXN-2026-04554,82.5,atm,TELECOM,2026-06-29T22:26:18Z,0.48515664908118245
TXN-2026-04555,238.13,pos,ONLINE_SERVICES,2026-07-15T20:34:47Z,0.15293978130179478
TXN-2026-04556,6.71,ecom,ENTERTAINMENT,2026-07-30T20:37:06Z,0.15755949707420205
TXN-2026-04557,98.96,ecom,EDUCATION,2026-07-07T15:34:40Z,0.39452604102869465
TXN-2026-04558,94.28,pos,ONLINE_SERVICES,2026-07-25T18:54:36Z,0.10131421540651647
TXN-2026-04559,268.71,atm,FUEL,2026-06-30T09:59:34Z,0.681754165445949
TXN-2026-04560,600.78,pos,PHARMACY,2026-07-02T13:30:13Z,0.2198683305792111
TXN-2026-04561,219.36,ecom,RESTAURANT,2026-07-01T07:53:57Z,0.49006611206064327
TXN-2026-04562,55.45,pos,ELECTRONICS,2026-06-26T10:28:03Z,0.08832376190320965
TXN-2026-04563,973.15,atm,GROCERY,2026-06-10T02:29:56Z,0.9522172645054128
TXN-2026-04564,77.24,pos,PHARMACY,2026-07-06T18:10:51Z,0.09865831596176411
TXN-2026-04565,41.9,ecom,PHARMACY,2026-07-23T15:25:39Z,0.25480590722885216
TXN-2026-04566,136.65,pos,HOME_GOODS,2026-07-17T18:46:04Z,0.10525430856409715
TXN-2026-04567,307.69,ecom,RESTAURANT,2026-06-06T18:52:31Z,0.5596832228352278
TXN-2026-04568,83.85,transfer,FASHION,2026-06-08T03:45:28Z,0.1673403032609448
TXN-2026-04569,31.12,pos,RESTAURANT,2026-07-17T01:39:16Z,0.39984028725315496
TXN-2026-04570,188.89,ecom,HEALTHCARE,2026-07-13T15:03:05Z,0.4659899369604819
TXN-2026-04571,177.3,pos,ELECTRONICS,2026-07-03T14:07:29Z,0.15059193883361732
TXN-2026-04572,292.26,ecom,ONLINE_SERVICES,2026-07-27T01:30:51Z,0.8528008201676329
TXN-2026-04573,536.32,ecom,FUEL,2026-07-26T20:05:30Z,0.7004480846185785
TXN-2026-04574,435.38,atm,FASHION,2026-07-24T11:23:19Z,0.46087029380092454
TXN-2026-04575,55.86,transfer,PHARMACY,2026-07-21T09:47:39Z,0.03559209228892909
TXN-2026-04576,36.02,pos,HEALTHCARE,2026-07-03T13:45:19Z,0.0815709421273855
TXN-2026-04577,21.6,pos,TELECOM,2026-06-26T08:29:01Z,0.06456703241125789
TXN-2026-04578,137.93,atm,ENTERTAINMENT,2026-07-23T06:16:04Z,0.4890403886590472
TXN-2026-04579,110.26,pos,ONLINE_SERVICES,2026-06-13T11:47:48Z,0.10157232958362414
TXN-2026-04580,7.66,transfer,ONLINE_SERVICES,2026-07-11T23:25:23Z,0.015661373098692522
TXN-2026-04581,60.08,ecom,ONLINE_SERVICES,2026-07-20T08:48:15Z,0.2611119654260526
TXN-2026-04582,175.93,ecom,ELECTRONICS,2026-06-02T11:03:59Z,0.4253816771573079
TXN-2026-04583,599.11,ecom,HOME_GOODS,2026-06-21T18:14:08Z,0.5110953433001981
TXN-2026-04584,421.79,pos,HEALTHCARE,2026-07-16T09:36:47Z,0.21898258147880376
TXN-2026-04585,66.0,atm,FUEL,2026-07-05T03:32:13Z,0.8928846519501967
TXN-2026-04586,145.44,ecom,ELECTRONICS,2026-07-14T22:36:27Z,0.43082053131023573
TXN-2026-04587,31.26,transfer,HOME_GOODS,2026-07-16T10:36:07Z,0.022522085367215495
TXN-2026-04588,52.72,transfer,RESTAURANT,2026-07-19T17:54:29Z,0.050818132641392504
TXN-2026-04589,86.22,pos,TELECOM,2026-07-21T14:42:31Z,0.1245401255537627
TXN-2026-04590,39.27,ecom,JEWELRY,2026-06-09T09:18:24Z,0.2904365597740511
TXN-2026-04591,187.2,pos,FUEL,2026-07-26T22:57:42Z,0.2483952500865139
TXN-2026-04592,33.44,pos,TELECOM,2026-06-11T13:12:28Z,0.08202951422102325
TXN-2026-04593,453.36,pos,TRAVEL,2026-07-01T11:39:00Z,0.23604362029426657
TXN-2026-04594,45.26,pos,FUEL,2026-06-05T00:22:29Z,0.5198543892945678
TXN-2026-04595,103.59,pos,RESTAURANT,2026-07-24T08:42:34Z,0.1349188141519443
TXN-2026-04596,7.01,ecom,ONLINE_SERVICES,2026-07-19T17:41:44Z,0.1256425219900551
TXN-2026-04597,595.64,ecom,ELECTRONICS,2026-06-02T13:27:11Z,0.5780428413149316
TXN-2026-04598,227.79,transfer,TRAVEL,2026-06-08T08:39:55Z,0.08482291825511655
TXN-2026-04599,20.35,pos,PHARMACY,2026-07-19T21:43:15Z,0.05645412044855519
TXN-2026-04600,344.84,pos,GROCERY,2026-06-04T16:11:01Z,0.21424212304838505
TXN-2026-04601,71.9,ecom,TRAVEL,2026-06-01T20:45:51Z,0.3748712789319739
TXN-2026-04602,173.36,ecom,ENTERTAINMENT,2026-07-17T05:31:55Z,0.857546342466898
TXN-2026-04603,67.39,transfer,TRAVEL,2026-07-22T04:54:23Z,0.28731652754585735
TXN-2026-04604,63.95,ecom,HEALTHCARE,2026-07-25T20:29:30Z,0.3523141339514681
TXN-2026-04605,759.7,atm,GROCERY,2026-06-10T09:24:00Z,0.6988106440915132
TXN-2026-04606,27.93,ecom,ELECTRONICS,2026-07-03T13:58:24Z,0.23763937885968262
TXN-2026-04607,61.9,pos,FASHION,2026-07-08T01:15:25Z,0.28196826921080004
TXN-2026-04608,391.39,ecom,ONLINE_SERVICES,2026-06-02T03:09:20Z,0.8721430857654354
TXN-2026-04609,92.54,pos,ONLINE_SERVICES,2026-07-11T15:04:21Z,0.09770283252188962
TXN-2026-04610,314.41,atm,HEALTHCARE,2026-07-10T19:48:57Z,0.6266757965707346
TXN-2026-04611,138.82,ecom,GROCERY,2026-07-22T02:47:41Z,0.8426752838964003
TXN-2026-04612,556.49,pos,RESTAURANT,2026-06-08T20:59:30Z,0.2860946020018145
TXN-2026-04613,119.79,pos,JEWELRY,2026-06-16T03:42:41Z,0.554699381264565
TXN-2026-04614,52.08,pos,ELECTRONICS,2026-07-28T03:07:54Z,0.41705376292432467
TXN-2026-04615,241.53,ecom,PHARMACY,2026-07-01T06:14:25Z,0.4207568259656421
TXN-2026-04616,27.98,pos,ELECTRONICS,2026-06-17T00:48:47Z,0.34024391163537726
TXN-2026-04617,41.71,pos,FUEL,2026-06-18T08:15:10Z,0.12146034319100757
TXN-2026-04618,29.1,atm,PHARMACY,2026-07-11T21:32:07Z,0.3058497048859917
TXN-2026-04619,22.81,pos,HOME_GOODS,2026-07-28T01:57:41Z,0.2547872138453037
TXN-2026-04620,42.04,pos,ONLINE_SERVICES,2026-07-04T01:38:56Z,0.34383863241727625
TXN-2026-04621,161.76,ecom,ONLINE_SERVICES,2026-07-30T06:05:25Z,0.3585561709016461
TXN-2026-04622,149.67,pos,EDUCATION,2026-06-01T10:36:52Z,0.1487959338004186
TXN-2026-04623,10.14,pos,ONLINE_SERVICES,2026-06-24T03:01:51Z,0.21644315615918674
TXN-2026-04624,50.78,ecom,PHARMACY,2026-07-08T08:22:44Z,0.25843311900725163
TXN-2026-04625,127.74,pos,HEALTHCARE,2026-07-07T07:16:58Z,0.1330661615441995
TXN-2026-04626,103.57,transfer,JEWELRY,2026-06-01T15:40:59Z,0.06504771290573798
TXN-2026-04627,137.01,atm,GROCERY,2026-06-08T14:47:27Z,0.5147056573172333
TXN-2026-04628,78.74,pos,TELECOM,2026-07-12T23:45:53Z,0.13009632134682994
TXN-2026-04629,397.48,atm,JEWELRY,2026-06-17T12:29:27Z,0.6510147586250106
TXN-2026-04630,211.11,transfer,EDUCATION,2026-06-06T05:21:16Z,0.4100952169434942
TXN-2026-04631,20.54,transfer,PHARMACY,2026-06-17T18:54:57Z,0.02459438262683519
TXN-2026-04632,358.36,ecom,GROCERY,2026-06-02T10:19:59Z,0.5301995253329927
TXN-2026-04633,60.48,pos,ELECTRONICS,2026-07-28T19:29:52Z,0.0998718234241825
TXN-2026-04634,67.48,pos,FUEL,2026-07-25T08:41:19Z,0.14833288584298188
TXN-2026-04635,88.1,pos,ONLINE_SERVICES,2026-07-29T11:50:35Z,0.09207799260174573
TXN-2026-04636,198.8,pos,GROCERY,2026-06-15T13:14:20Z,0.16809136440986322
TXN-2026-04637,60.23,transfer,ENTERTAINMENT,2026-07-29T19:41:14Z,0.048577135431744536
TXN-2026-04638,58.16,pos,UTILITIES,2026-06-05T06:08:50Z,0.09580757707690664
TXN-2026-04639,310.88,atm,TELECOM,2026-06-13T20:49:54Z,0.6374582582790105
TXN-2026-04640,72.09,atm,UTILITIES,2026-07-26T23:25:30Z,0.4662153226979945
TXN-2026-04641,18.08,atm,RESTAURANT,2026-06-22T12:18:44Z,0.30574674197783624
TXN-2026-04642,89.51,transfer,HEALTHCARE,2026-06-13T21:06:49Z,0.06079075432023541
TXN-2026-04643,400.42,pos,HEALTHCARE,2026-06-17T11:33:29Z,0.21821209727802368
TXN-2026-04644,47.92,ecom,HEALTHCARE,2026-07-06T22:50:32Z,0.3259269746332247
TXN-2026-04645,97.58,atm,HOME_GOODS,2026-07-22T21:05:57Z,0.3908920082060342
TXN-2026-04646,9.72,ecom,RESTAURANT,2026-06-05T15:36:45Z,0.19230506202779077
TXN-2026-04647,122.19,atm,TELECOM,2026-07-08T22:24:09Z,0.5326619557415059
TXN-2026-04648,41.23,pos,ELECTRONICS,2026-07-01T22:17:07Z,0.08698015801474858
TXN-2026-04649,27.5,transfer,RESTAURANT,2026-06-12T04:14:28Z,0.21917300401980377
TXN-2026-04650,107.64,pos,RESTAURANT,2026-07-22T22:22:58Z,0.15531070478842113
TXN-2026-04651,5.62,pos,ONLINE_SERVICES,2026-06-01T19:59:43Z,0.029981627099730047
TXN-2026-04652,10.68,pos,FASHION,2026-07-16T22:50:07Z,0.025536384312814544
TXN-2026-04653,155.01,pos,ELECTRONICS,2026-07-30T01:19:37Z,0.54280301749367
TXN-2026-04654,110.38,atm,HEALTHCARE,2026-07-06T19:22:13Z,0.5022008311507887
TXN-2026-04655,33.16,atm,TELECOM,2026-06-11T10:50:13Z,0.3493809012076278
TXN-2026-04656,58.17,ecom,TELECOM,2026-07-16T13:22:29Z,0.3349136604538468
TXN-2026-04657,87.32,transfer,JEWELRY,2026-06-16T02:10:55Z,0.31409048602407474
TXN-2026-04658,77.6,ecom,ONLINE_SERVICES,2026-06-17T21:51:29Z,0.31405211018436935
TXN-2026-04659,160.8,pos,ONLINE_SERVICES,2026-07-21T21:50:19Z,0.13097270667656094
TXN-2026-04660,410.79,atm,EDUCATION,2026-06-22T02:44:16Z,0.9305662364813091
TXN-2026-04661,57.92,pos,TRAVEL,2026-06-05T07:12:50Z,0.0983737317195559
TXN-2026-04662,365.33,pos,FUEL,2026-06-08T04:13:46Z,0.7564616832392046
TXN-2026-04663,172.61,atm,HEALTHCARE,2026-06-14T14:11:53Z,0.5433339526298455
TXN-2026-04664,749.17,ecom,UTILITIES,2026-06-02T07:54:39Z,0.6159830187771065
TXN-2026-04665,141.23,pos,RESTAURANT,2026-06-06T21:50:40Z,0.1719045384475683
TXN-2026-04666,158.9,ecom,ELECTRONICS,2026-07-27T23:20:00Z,0.4439711364099089
TXN-2026-04667,12.41,pos,PHARMACY,2026-06-23T03:43:05Z,0.24435888443607007
TXN-2026-04668,339.79,pos,EDUCATION,2026-06-05T15:59:45Z,0.21539872813706032
TXN-2026-04669,74.93,atm,HOME_GOODS,2026-07-26T11:05:45Z,0.3372516266184252
TXN-2026-04670,12.04,pos,FASHION,2026-06-16T17:16:20Z,0.025579370516093828
TXN-2026-04671,149.19,pos,TELECOM,2026-07-04T20:32:19Z,0.16497097738613925
TXN-2026-04672,91.21,transfer,TELECOM,2026-07-07T16:39:45Z,0.060699054988438195
TXN-2026-04673,50.02,pos,GROCERY,2026-07-02T13:26:58Z,0.09389600121888263
TXN-2026-04674,21.21,pos,JEWELRY,2026-07-06T05:24:45Z,0.3571260990346001
TXN-2026-04675,141.68,ecom,UTILITIES,2026-07-15T09:37:42Z,0.421050462677452
TXN-2026-04676,122.36,pos,GROCERY,2026-06-14T11:21:58Z,0.13517542786233316
TXN-2026-04677,44.65,pos,FASHION,2026-06-30T01:27:30Z,0.25133297324141146
TXN-2026-04678,43.33,pos,ELECTRONICS,2026-06-08T02:39:46Z,0.393308370075688
TXN-2026-04679,51.68,atm,PHARMACY,2026-07-30T23:47:41Z,0.3716963943758752
TXN-2026-04680,180.72,pos,TELECOM,2026-06-01T11:33:52Z,0.16488062468968123
TXN-2026-04681,2959.33,pos,ONLINE_SERVICES,2026-07-08T04:50:46Z,0.8107137819493325
TXN-2026-04682,40.96,pos,GROCERY,2026-07-20T23:11:33Z,0.09463644486520162
TXN-2026-04683,430.78,ecom,HEALTHCARE,2026-06-29T00:29:40Z,0.9012902177590594
TXN-2026-04684,550.63,pos,GROCERY,2026-06-23T01:11:41Z,0.7057664852052566
TXN-2026-04685,132.54,ecom,ENTERTAINMENT,2026-07-25T02:03:59Z,0.8366209669400043
TXN-2026-04686,179.75,atm,GROCERY,2026-06-19T20:02:19Z,0.56301107389395
TXN-2026-04687,402.29,atm,TELECOM,2026-07-23T18:48:22Z,0.6613286588664326
TXN-2026-04688,30.94,ecom,HOME_GOODS,2026-07-30T20:12:29Z,0.20268773486800498
TXN-2026-04689,117.04,ecom,HOME_GOODS,2026-06-01T19:44:59Z,0.3228733447850844
TXN-2026-04690,668.62,pos,ELECTRONICS,2026-07-22T18:11:49Z,0.26096334045265285
TXN-2026-04691,18.23,pos,FUEL,2026-06-18T13:47:24Z,0.08973686898108754
TXN-2026-04692,109.75,ecom,ELECTRONICS,2026-06-05T20:45:07Z,0.3926928507285109
TXN-2026-04693,72.3,pos,TELECOM,2026-07-02T09:31:35Z,0.11033490239931493
TXN-2026-04694,32.23,pos,HEALTHCARE,2026-06-01T03:54:05Z,0.38324243835239447
TXN-2026-04695,39.85,ecom,EDUCATION,2026-06-05T08:04:03Z,0.2810882731785585
TXN-2026-04696,130.75,atm,UTILITIES,2026-06-17T22:35:05Z,0.535551081171533
TXN-2026-04697,255.97,atm,RESTAURANT,2026-06-21T22:34:09Z,0.6355715920500717
TXN-2026-04698,73.05,transfer,HEALTHCARE,2026-06-30T16:41:50Z,0.05275314418462835
TXN-2026-04699,208.4,pos,TRAVEL,2026-06-04T05:24:39Z,0.6192858556244226
TXN-2026-04700,53.47,pos,FUEL,2026-07-29T00:30:49Z,0.5397595097777881
TXN-2026-04701,79.68,pos,TELECOM,2026-06-02T16:56:26Z,0.12266980434992433
TXN-2026-04702,75.52,atm,FASHION,2026-06-24T01:35:11Z,0.7290420354290355
TXN-2026-04703,635.06,atm,JEWELRY,2026-06-13T13:44:08Z,0.7032205839280682
TXN-2026-04704,118.71,pos,TELECOM,2026-06-30T19:03:16Z,0.14892177814559454
TXN-2026-04705,215.97,ecom,FUEL,2026-06-09T07:43:33Z,0.5671545345092236
TXN-2026-04706,22.82,pos,UTILITIES,2026-06-01T13:40:30Z,0.06807221167336093
TXN-2026-04707,75.91,pos,TRAVEL,2026-07-10T00:13:50Z,0.48610834412395615
TXN-2026-04708,53.65,ecom,TRAVEL,2026-06-15T09:16:08Z,0.31711653494699554
TXN-2026-04709,26.7,pos,JEWELRY,2026-07-12T19:17:34Z,0.0804459695291267
TXN-2026-04710,241.41,pos,JEWELRY,2026-07-19T12:07:38Z,0.19027389642575465
TXN-2026-04711,120.03,pos,TELECOM,2026-07-19T22:20:45Z,0.15362765603802594
TXN-2026-04712,75.53,ecom,HOME_GOODS,2026-06-10T15:01:45Z,0.2700650843848965
TXN-2026-04713,1814.73,ecom,ENTERTAINMENT,2026-06-11T05:42:21Z,0.9498468030991344
TXN-2026-04714,379.33,pos,HOME_GOODS,2026-07-04T06:50:28Z,0.14576890969949857
TXN-2026-04715,19.58,pos,GROCERY,2026-06-30T15:15:27Z,0.06355336529847738
TXN-2026-04716,59.5,pos,JEWELRY,2026-06-06T23:46:58Z,0.11790247738787885
TXN-2026-04717,504.29,ecom,ENTERTAINMENT,2026-06-03T05:15:34Z,0.9101550339765502
TXN-2026-04718,407.02,ecom,UTILITIES,2026-06-07T19:10:29Z,0.5743952498489088
TXN-2026-04719,139.83,pos,FASHION,2026-07-22T19:22:10Z,0.07905726985633671
TXN-2026-04720,39.74,ecom,FUEL,2026-06-16T14:09:03Z,0.3834619324753788
TXN-2026-04721,108.92,pos,PHARMACY,2026-06-26T14:29:55Z,0.11030368734419865
TXN-2026-04722,64.94,pos,FUEL,2026-06-20T08:44:38Z,0.14601238055992546
TXN-2026-04723,375.64,ecom,HOME_GOODS,2026-06-16T00:51:10Z,0.8495785166762252
TXN-2026-04724,35.06,ecom,TELECOM,2026-07-20T10:45:20Z,0.2769619197963124
TXN-2026-04725,108.76,ecom,HOME_GOODS,2026-07-23T07:28:47Z,0.28877567126215803
TXN-2026-04726,886.15,ecom,EDUCATION,2026-06-18T17:57:32Z,0.6593702291325629
TXN-2026-04727,17.1,pos,HEALTHCARE,2026-07-26T15:33:02Z,0.060067042987798025
TXN-2026-04728,163.11,ecom,HOME_GOODS,2026-07-07T03:40:02Z,0.7951445702255523
TXN-2026-04729,127.08,pos,RESTAURANT,2026-07-08T02:58:36Z,0.5697652916875975
TXN-2026-04730,234.77,ecom,HEALTHCARE,2026-06-27T08:17:52Z,0.4741722089630538
TXN-2026-04731,5.0,pos,TRAVEL,2026-06-21T10:56:29Z,0.03551696699502182
TXN-2026-04732,146.04,ecom,JEWELRY,2026-06-20T05:54:14Z,0.8582757348854868
TXN-2026-04733,311.98,ecom,TELECOM,2026-07-14T11:53:10Z,0.5269489511925058
TXN-2026-04734,33.86,ecom,RESTAURANT,2026-06-25T07:34:10Z,0.28055442210308784
TXN-2026-04735,26.56,ecom,ENTERTAINMENT,2026-07-15T08:26:01Z,0.23531309730367753
TXN-2026-04736,245.76,transfer,TELECOM,2026-06-29T09:57:48Z,0.08861072739182288
TXN-2026-04737,118.89,transfer,EDUCATION,2026-06-07T13:44:18Z,0.06526982992100114
TXN-2026-04738,70.38,pos,ENTERTAINMENT,2026-07-20T00:20:15Z,0.46051372487517206
TXN-2026-04739,49.59,ecom,RESTAURANT,2026-07-01T20:16:04Z,0.3488838991964164
TXN-2026-04740,119.42,pos,GROCERY,2026-06-13T07:39:43Z,0.12903997512294096
TXN-2026-04741,335.95,pos,HEALTHCARE,2026-07-29T15:45:38Z,0.2108127127609057
TXN-2026-04742,46.38,atm,HEALTHCARE,2026-06-27T12:35:24Z,0.3817051372836753
TXN-2026-04743,114.49,pos,FUEL,2026-06-11T06:28:24Z,0.1805031955292232
TXN-2026-04744,332.12,ecom,TELECOM,2026-06-02T17:31:33Z,0.5500785758375425
TXN-2026-04745,192.52,transfer,TRAVEL,2026-07-22T22:50:35Z,0.0899354131920316
TXN-2026-04746,57.22,pos,TELECOM,2026-06-21T23:06:38Z,0.11365196865605107
TXN-2026-04747,31.29,atm,FASHION,2026-07-22T17:11:56Z,0.2029577994700623
TXN-2026-04748,47.33,atm,PHARMACY,2026-06-03T18:04:34Z,0.349950838440356
TXN-2026-04749,211.95,pos,TELECOM,2026-06-14T00:12:06Z,0.6089754994749677
TXN-2026-04750,51.47,pos,ONLINE_SERVICES,2026-06-27T21:34:51Z,0.07993447251903309
TXN-2026-04751,25.41,pos,ONLINE_SERVICES,2026-06-21T02:39:09Z,0.2942766044095451
TXN-2026-04752,167.72,pos,RESTAURANT,2026-07-29T18:16:02Z,0.17947121865212248
TXN-2026-04753,108.65,atm,HEALTHCARE,2026-06-29T22:52:38Z,0.5081085348910751
TXN-2026-04754,230.55,ecom,HEALTHCARE,2026-06-09T05:21:39Z,0.8764235751183775
TXN-2026-04755,681.74,pos,FASHION,2026-07-07T11:59:20Z,0.14597811826715731
TXN-2026-04756,58.77,ecom,JEWELRY,2026-06-28T15:28:09Z,0.3458085076985123
TXN-2026-04757,258.23,transfer,PHARMACY,2026-07-05T00:25:27Z,0.3661823566550489
TXN-2026-04758,119.98,transfer,GROCERY,2026-07-25T01:29:13Z,0.33083093118850687
TXN-2026-04759,41.57,pos,GROCERY,2026-07-11T21:49:22Z,0.09346059528097199
TXN-2026-04760,547.38,pos,ELECTRONICS,2026-06-25T10:01:42Z,0.22756427621848738
TXN-2026-04761,114.11,pos,TRAVEL,2026-07-16T12:02:45Z,0.1375629376720036
TXN-2026-04762,15.65,transfer,TELECOM,2026-07-30T17:47:02Z,0.027490174263789177
TXN-2026-04763,152.67,pos,UTILITIES,2026-07-09T06:05:28Z,0.14457903847572795
TXN-2026-04764,230.6,atm,GROCERY,2026-06-21T12:12:59Z,0.5722922785047543
TXN-2026-04765,11.85,pos,PHARMACY,2026-07-09T19:31:23Z,0.04371236982596537
TXN-2026-04766,135.01,ecom,UTILITIES,2026-07-03T02:27:45Z,0.8439115131206241
TXN-2026-04767,75.57,transfer,TELECOM,2026-07-12T09:45:30Z,0.0519987059845916
TXN-2026-04768,300.94,ecom,JEWELRY,2026-06-30T09:57:30Z,0.5230353565498908
TXN-2026-04769,526.77,ecom,JEWELRY,2026-06-20T17:50:23Z,0.6103567400906968
TXN-2026-04770,712.98,pos,TRAVEL,2026-06-20T02:04:46Z,0.741778794703567
TXN-2026-04771,25.4,transfer,PHARMACY,2026-07-19T19:36:34Z,0.02737457645782499
TXN-2026-04772,175.98,ecom,EDUCATION,2026-07-06T10:16:25Z,0.44990918823242165
TXN-2026-04773,40.32,transfer,GROCERY,2026-07-11T09:36:49Z,0.03736288111884943
TXN-2026-04774,85.69,pos,HOME_GOODS,2026-06-13T23:51:14Z,0.08995505175869066
TXN-2026-04775,176.99,ecom,TELECOM,2026-07-22T20:11:47Z,0.4814300530986178
TXN-2026-04776,886.1,pos,ENTERTAINMENT,2026-07-20T02:02:36Z,0.7493669411671404
TXN-2026-04777,25.09,pos,TELECOM,2026-06-27T02:29:35Z,0.36282479208022067
TXN-2026-04778,331.04,ecom,TELECOM,2026-06-10T23:38:48Z,0.565123404249353
TXN-2026-04779,46.67,pos,RESTAURANT,2026-07-08T05:30:04Z,0.45728497900613024
TXN-2026-04780,21.19,pos,FASHION,2026-06-08T21:03:48Z,0.03428077713833733
TXN-2026-04781,81.87,pos,GROCERY,2026-07-06T12:16:36Z,0.11505378634114924
TXN-2026-04782,344.79,ecom,EDUCATION,2026-07-30T04:13:14Z,0.8972038804485751
TXN-2026-04783,72.22,pos,HOME_GOODS,2026-06-02T20:14:28Z,0.0810564201683147
TXN-2026-04784,318.43,pos,HEALTHCARE,2026-07-04T21:36:35Z,0.21694300873301908
TXN-2026-04785,62.16,transfer,TRAVEL,2026-06-11T16:18:44Z,0.05094487983464067
TXN-2026-04786,10.19,transfer,UTILITIES,2026-07-13T18:51:05Z,0.022504937340176383
TXN-2026-04787,11.75,pos,GROCERY,2026-06-24T08:36:46Z,0.04754215721683373
TXN-2026-04788,68.15,atm,FASHION,2026-07-07T03:16:20Z,0.723339829794884
TXN-2026-04789,22.68,ecom,ENTERTAINMENT,2026-06-28T00:54:18Z,0.6827208037141613
TXN-2026-04790,33.65,atm,GROCERY,2026-07-02T19:30:22Z,0.3623818527691815
TXN-2026-04791,87.66,pos,TRAVEL,2026-06-12T05:39:03Z,0.5165230007588166
TXN-2026-04792,18.33,ecom,GROCERY,2026-07-02T06:38:46Z,0.20580067592056414
TXN-2026-04793,56.22,atm,ENTERTAINMENT,2026-07-02T04:45:15Z,0.832562101021861
TXN-2026-04794,96.62,transfer,UTILITIES,2026-06-30T15:01:02Z,0.06048322328730576
TXN-2026-04795,453.48,ecom,RESTAURANT,2026-06-14T17:10:29Z,0.6031628228087706
TXN-2026-04796,267.96,ecom,FUEL,2026-06-09T10:03:27Z,0.6002760200596933
TXN-2026-04797,110.82,ecom,TELECOM,2026-06-24T00:15:33Z,0.8309279601621796
TXN-2026-04798,66.6,ecom,HEALTHCARE,2026-07-02T03:54:02Z,0.7918118690994731
TXN-2026-04799,223.12,atm,ONLINE_SERVICES,2026-07-08T07:52:16Z,0.48739679257701995
TXN-2026-04800,63.97,ecom,TELECOM,2026-07-03T09:42:33Z,0.3358097796953063
TXN-2026-04801,58.1,pos,ENTERTAINMENT,2026-06-30T10:23:44Z,0.09544985738228075
TXN-2026-04802,146.62,ecom,ENTERTAINMENT,2026-07-09T06:09:51Z,0.4064970652615211
TXN-2026-04803,134.32,pos,TRAVEL,2026-06-28T12:03:39Z,0.14722207070258345
TXN-2026-04804,81.21,transfer,ONLINE_SERVICES,2026-06-19T05:47:01Z,0.24506351438726448
TXN-2026-04805,43.58,pos,GROCERY,2026-06-25T22:13:24Z,0.09629412878882439
TXN-2026-04806,9.22,pos,PHARMACY,2026-06-13T20:19:58Z,0.039657365102446676
TXN-2026-04807,297.76,transfer,PHARMACY,2026-06-10T14:56:51Z,0.08049061603018523
TXN-2026-04808,605.25,atm,HOME_GOODS,2026-07-11T17:36:31Z,0.5994647922697549
TXN-2026-04809,26.46,transfer,TELECOM,2026-07-20T21:44:56Z,0.03627791803333717
TXN-2026-04810,107.21,atm,RESTAURANT,2026-06-08T19:01:29Z,0.5254371458951735
TXN-2026-04811,55.45,transfer,PHARMACY,2026-07-02T09:51:38Z,0.035470781754221234
TXN-2026-04812,45.19,atm,TELECOM,2026-07-04T19:01:04Z,0.40605330465902745
TXN-2026-04813,27.78,transfer,HOME_GOODS,2026-06-27T16:13:41Z,0.022671073022225437
TXN-2026-04814,56.17,ecom,FASHION,2026-06-24T20:56:04Z,0.19443071275533136
TXN-2026-04815,50.9,pos,RESTAURANT,2026-06-26T17:50:08Z,0.10841393335148372
TXN-2026-04816,440.41,ecom,GROCERY,2026-06-12T15:45:06Z,0.5679991793518043
TXN-2026-04817,61.9,ecom,TRAVEL,2026-07-22T01:51:12Z,0.7893139898742785
TXN-2026-04818,108.06,pos,EDUCATION,2026-06-26T06:49:52Z,0.12522102668654617
TXN-2026-04819,25.34,atm,UTILITIES,2026-07-05T06:22:01Z,0.30748606644593884
TXN-2026-04820,166.43,ecom,ELECTRONICS,2026-06-07T04:22:18Z,0.84576848412804
TXN-2026-04821,25.85,atm,RESTAURANT,2026-06-02T10:17:44Z,0.3376395059995314
TXN-2026-04822,67.17,pos,TELECOM,2026-07-24T21:24:44Z,0.11944966261120125
TXN-2026-04823,143.49,pos,PHARMACY,2026-07-12T00:49:29Z,0.5006538097780495
TXN-2026-04824,284.77,atm,HOME_GOODS,2026-06-22T17:19:03Z,0.5088331132583643
TXN-2026-04825,82.09,pos,ELECTRONICS,2026-07-19T13:55:31Z,0.10775402857038464
TXN-2026-04826,135.12,pos,HEALTHCARE,2026-07-28T08:22:56Z,0.13747534684057858
TXN-2026-04827,54.92,ecom,GROCERY,2026-07-17T08:18:12Z,0.3079013346017846
TXN-2026-04828,11.6,ecom,TRAVEL,2026-06-23T08:11:51Z,0.18314164709303318
TXN-2026-04829,99.59,atm,TRAVEL,2026-07-03T20:41:47Z,0.502603697864721
TXN-2026-04830,330.24,atm,HOME_GOODS,2026-06-12T05:28:59Z,0.8894286083996097
TXN-2026-04831,366.99,ecom,ENTERTAINMENT,2026-07-01T00:21:33Z,0.8917050095555477
TXN-2026-04832,97.95,pos,EDUCATION,2026-07-17T01:02:46Z,0.5147179616269968
TXN-2026-04833,11.83,transfer,GROCERY,2026-07-05T15:40:13Z,0.02278691211911513
TXN-2026-04834,138.92,pos,GROCERY,2026-06-21T21:46:26Z,0.15577146019460006
TXN-2026-04835,45.29,pos,HOME_GOODS,2026-07-10T09:39:04Z,0.0591273797126786
TXN-2026-04836,219.56,atm,HEALTHCARE,2026-07-22T10:46:20Z,0.5619635347560765
TXN-2026-04837,733.92,ecom,HOME_GOODS,2026-06-06T16:41:34Z,0.530625489606563
TXN-2026-04838,152.28,pos,RESTAURANT,2026-07-03T01:38:05Z,0.5886341345270033
TXN-2026-04839,105.83,ecom,ENTERTAINMENT,2026-07-14T08:42:36Z,0.3738348020251985
TXN-2026-04840,318.96,pos,GROCERY,2026-07-12T08:31:25Z,0.19449990023170383
TXN-2026-04841,579.57,ecom,UTILITIES,2026-07-22T07:22:06Z,0.5859302150267798
TXN-2026-04842,86.32,pos,HOME_GOODS,2026-07-13T19:20:27Z,0.08687810997621324
TXN-2026-04843,353.69,atm,ONLINE_SERVICES,2026-06-26T01:21:36Z,0.9015057161708369
TXN-2026-04844,254.99,atm,UTILITIES,2026-06-18T18:58:35Z,0.6048317820916312
TXN-2026-04845,697.78,ecom,ONLINE_SERVICES,2026-07-18T06:32:37Z,0.53272769027369
TXN-2026-04846,104.24,pos,FASHION,2026-07-01T06:48:21Z,0.06103578765948277
TXN-2026-04847,249.62,ecom,HEALTHCARE,2026-07-15T08:56:52Z,0.4816270767782662
TXN-2026-04848,133.26,atm,TELECOM,2026-06-30T02:34:05Z,0.8876379897881849
TXN-2026-04849,190.74,transfer,FUEL,2026-07-13T02:32:45Z,0.4896705408368501
TXN-2026-04850,89.74,pos,ONLINE_SERVICES,2026-07-23T00:22:48Z,0.4275593419089913
TXN-2026-04851,930.8,ecom,HEALTHCARE,2026-07-11T10:42:50Z,0.6432941656524181
TXN-2026-04852,48.69,pos,ELECTRONICS,2026-06-29T09:01:18Z,0.08263294790488694
TXN-2026-04853,551.16,atm,HOME_GOODS,2026-07-20T06:41:29Z,0.5604004703643815
TXN-2026-04854,20.72,pos,UTILITIES,2026-07-26T18:59:11Z,0.0685180214265242
TXN-2026-04855,39.87,ecom,PHARMACY,2026-07-07T23:51:40Z,0.2663126358531492
TXN-2026-04856,88.22,pos,PHARMACY,2026-07-24T01:17:59Z,0.44453403321335067
TXN-2026-04857,13.47,pos,UTILITIES,2026-07-04T05:14:54Z,0.3012334743158255
TXN-2026-04858,105.21,transfer,FUEL,2026-06-19T16:44:59Z,0.09222420706295743
TXN-2026-04859,126.57,pos,PHARMACY,2026-07-19T15:02:45Z,0.11874480596489183
TXN-2026-04860,40.39,pos,FUEL,2026-06-16T16:50:56Z,0.12891492141983515
TXN-2026-04861,75.64,pos,ONLINE_SERVICES,2026-06-24T09:32:31Z,0.08447281298353655
TXN-2026-04862,40.33,pos,FASHION,2026-07-03T07:51:50Z,0.039922190667776594
TXN-2026-04863,181.76,pos,TELECOM,2026-07-21T14:33:38Z,0.16962738218286583
TXN-2026-04864,100.06,ecom,EDUCATION,2026-06-14T01:14:41Z,0.8225208688813835
TXN-2026-04865,267.22,ecom,RESTAURANT,2026-06-08T20:23:46Z,0.5478520059989637
TXN-2026-04866,83.11,pos,FUEL,2026-07-04T00:43:13Z,0.5919185668598439
TXN-2026-04867,107.1,pos,FASHION,2026-07-24T13:21:19Z,0.06616250244719857
TXN-2026-04868,133.63,pos,FUEL,2026-06-13T22:35:42Z,0.2190783206797193
TXN-2026-04869,28.58,atm,RESTAURANT,2026-07-18T18:35:52Z,0.36748492409057776
TXN-2026-04870,179.87,pos,HEALTHCARE,2026-06-03T02:11:14Z,0.5848115042730259
TXN-2026-04871,170.68,pos,ENTERTAINMENT,2026-06-23T19:00:05Z,0.1633756412493334
TXN-2026-04872,60.25,ecom,ONLINE_SERVICES,2026-07-18T09:20:56Z,0.2633930197320456
TXN-2026-04873,68.46,transfer,TELECOM,2026-07-11T02:59:05Z,0.28469276705161506
TXN-2026-04874,270.23,atm,FUEL,2026-07-10T07:34:53Z,0.677811683769201
TXN-2026-04875,36.27,pos,UTILITIES,2026-06-13T07:58:27Z,0.07868933634263975
TXN-2026-04876,236.27,pos,HEALTHCARE,2026-07-14T13:04:38Z,0.18057450244963788
TXN-2026-04877,75.74,pos,ELECTRONICS,2026-06-01T12:44:39Z,0.10310324484944582
TXN-2026-04878,10.65,pos,TELECOM,2026-07-02T23:32:37Z,0.05514899111644201
TXN-2026-04879,108.66,transfer,JEWELRY,2026-06-05T00:30:10Z,0.3326858396119474
TXN-2026-04880,42.81,ecom,TELECOM,2026-06-29T16:15:51Z,0.3096467683023582
TXN-2026-04881,14.18,ecom,JEWELRY,2026-06-18T08:09:21Z,0.20085921724181452
TXN-2026-04882,32.23,ecom,FASHION,2026-06-22T17:16:30Z,0.15210693219708854
TXN-2026-04883,100.54,pos,GROCERY,2026-07-29T02:38:55Z,0.5143648666633719
TXN-2026-04884,826.04,ecom,ENTERTAINMENT,2026-06-12T07:19:57Z,0.6165405932997601
TXN-2026-04885,25.22,pos,GROCERY,2026-06-14T03:03:58Z,0.35562996974408534
TXN-2026-04886,12.04,pos,TELECOM,2026-07-21T14:50:27Z,0.05316491954102861
TXN-2026-04887,401.87,ecom,ONLINE_SERVICES,2026-07-20T18:31:23Z,0.4967179123280386
TXN-2026-04888,196.73,transfer,FASHION,2026-06-23T18:40:11Z,0.04161370504857206
TXN-2026-04889,50.66,pos,HOME_GOODS,2026-07-27T04:57:50Z,0.34005307956713826
TXN-2026-04890,47.49,transfer,HOME_GOODS,2026-06-02T11:53:02Z,0.027633553985960246
TXN-2026-04891,823.18,transfer,TRAVEL,2026-07-01T06:53:01Z,0.1452300637897355
TXN-2026-04892,5.99,pos,TRAVEL,2026-07-26T08:18:07Z,0.03740827461521202
TXN-2026-04893,29.99,ecom,ELECTRONICS,2026-07-01T00:01:09Z,0.6973912243057306
TXN-2026-04894,30.2,pos,EDUCATION,2026-06-06T23:51:53Z,0.08480766084480952
TXN-2026-04895,35.9,pos,JEWELRY,2026-06-20T07:21:53Z,0.08157132300486816
TXN-2026-04896,470.16,ecom,ELECTRONICS,2026-07-03T18:09:53Z,0.562520434180444
TXN-2026-04897,1088.83,ecom,HEALTHCARE,2026-07-15T10:35:49Z,0.6606790631895753
TXN-2026-04898,9.63,transfer,RESTAURANT,2026-06-28T04:38:09Z,0.14768014897146553
TXN-2026-04899,256.9,pos,ONLINE_SERVICES,2026-07-20T07:28:59Z,0.14059474735849642
TXN-2026-04900,194.93,atm,HOME_GOODS,2026-07-04T12:47:55Z,0.44980983935076396
TXN-2026-04901,22.29,atm,TELECOM,2026-06-02T11:12:34Z,0.3103048028383677
TXN-2026-04902,290.72,ecom,TELECOM,2026-06-24T02:13:54Z,0.8891547286412861
TXN-2026-04903,38.96,atm,ONLINE_SERVICES,2026-07-11T05:02:07Z,0.7663429341672303
TXN-2026-04904,62.12,transfer,TELECOM,2026-06-05T21:41:26Z,0.05353174249583093
TXN-2026-04905,59.33,atm,HOME_GOODS,2026-07-07T13:12:11Z,0.3170843663233007
TXN-2026-04906,223.82,atm,HOME_GOODS,2026-07-30T10:12:06Z,0.46132255930675337
TXN-2026-04907,97.45,pos,TRAVEL,2026-06-09T10:36:12Z,0.12641710290235295
TXN-2026-04908,41.69,ecom,PHARMACY,2026-07-18T08:00:42Z,0.24075303821337682
TXN-2026-04909,244.45,pos,TRAVEL,2026-07-11T17:59:43Z,0.19574009304979428
TXN-2026-04910,47.7,pos,UTILITIES,2026-07-05T22:32:19Z,0.10220245268682425
TXN-2026-04911,183.51,ecom,UTILITIES,2026-07-12T19:26:39Z,0.4779152473010266
TXN-2026-04912,611.51,atm,HOME_GOODS,2026-07-12T14:00:50Z,0.5931419924911583
TXN-2026-04913,124.47,pos,FASHION,2026-06-24T18:35:58Z,0.07432009306223614
TXN-2026-04914,96.26,pos,RESTAURANT,2026-06-02T01:34:06Z,0.5339013164664828
TXN-2026-04915,798.84,ecom,PHARMACY,2026-07-21T13:10:04Z,0.5834743784082899
TXN-2026-04916,87.09,ecom,FASHION,2026-06-14T09:59:16Z,0.2100325899086781
TXN-2026-04917,264.46,ecom,JEWELRY,2026-07-30T12:05:14Z,0.5151232693821792
TXN-2026-04918,40.24,ecom,JEWELRY,2026-06-20T12:14:22Z,0.29936347677896646
TXN-2026-04919,1121.92,pos,TELECOM,2026-07-23T17:28:11Z,0.33874245424585686
TXN-2026-04920,551.16,pos,RESTAURANT,2026-07-01T01:19:39Z,0.7281417259834162
TXN-2026-04921,39.74,pos,FUEL,2026-07-10T05:16:23Z,0.5173567567398526
TXN-2026-04922,75.9,pos,GROCERY,2026-07-12T08:46:34Z,0.10731918473363694
TXN-2026-04923,67.37,ecom,HEALTHCARE,2026-07-11T08:57:37Z,0.3298320173889096
TXN-2026-04924,26.41,transfer,JEWELRY,2026-07-26T04:18:48Z,0.20873799221485453
TXN-2026-04925,44.71,pos,RESTAURANT,2026-07-21T23:15:30Z,0.10845821280129107
TXN-2026-04926,521.8,pos,EDUCATION,2026-06-13T09:40:35Z,0.24123151204748267
TXN-2026-04927,32.4,ecom,JEWELRY,2026-06-17T18:08:09Z,0.2909263405082436
TXN-2026-04928,428.1,ecom,PHARMACY,2026-06-07T18:00:32Z,0.5211359037650035
TXN-2026-04929,137.59,pos,TELECOM,2026-06-10T11:01:31Z,0.147431571505667
TXN-2026-04930,72.63,atm,EDUCATION,2026-07-20T06:23:48Z,0.42373817466838537
TXN-2026-04931,854.97,ecom,UTILITIES,2026-06-22T16:13:51Z,0.6527033197724671
TXN-2026-04932,379.28,atm,TELECOM,2026-06-16T02:03:11Z,0.9293085788697052
TXN-2026-04933,101.73,pos,FASHION,2026-07-02T07:20:09Z,0.06095688436206816
TXN-2026-04934,356.89,pos,TRAVEL,2026-06-30T08:49:00Z,0.21039767732839723
TXN-2026-04935,310.27,pos,ENTERTAINMENT,2026-06-13T11:14:39Z,0.19376924069150897
TXN-2026-04936,45.63,ecom,FASHION,2026-07-25T02:33:34Z,0.5971527528599337
TXN-2026-04937,113.08,ecom,FUEL,2026-07-21T04:07:44Z,0.8836047297802405
TXN-2026-04938,35.14,pos,ELECTRONICS,2026-07-18T05:01:49Z,0.377058556105706
TXN-2026-04939,398.79,atm,ONLINE_SERVICES,2026-06-07T22:27:08Z,0.5960748551761099
TXN-2026-04940,100.98,pos,FUEL,2026-06-26T07:02:02Z,0.1731640845879466
TXN-2026-04941,29.97,ecom,TELECOM,2026-07-19T06:42:40Z,0.25431372033166044
TXN-2026-04942,493.8,pos,JEWELRY,2026-07-19T03:47:24Z,0.7128857006307403
TXN-2026-04943,30.55,pos,HEALTHCARE,2026-07-22T20:39:29Z,0.08118246724713911
TXN-2026-04944,53.88,ecom,EDUCATION,2026-06-17T14:48:42Z,0.32474126375434265
TXN-2026-04945,60.51,pos,HOME_GOODS,2026-07-17T22:39:02Z,0.0763881842635041
TXN-2026-04946,5.41,transfer,FUEL,2026-06-28T23:47:31Z,0.026932840912775074
TXN-2026-04947,61.16,pos,RESTAURANT,2026-07-22T14:23:23Z,0.11404273315556522
TXN-2026-04948,22.81,pos,HEALTHCARE,2026-07-20T16:36:03Z,0.06876656105331803
TXN-2026-04949,67.52,pos,EDUCATION,2026-07-08T21:32:46Z,0.11765946408480484
TXN-2026-04950,17.83,pos,HEALTHCARE,2026-06-03T05:35:41Z,0.3245825562644904
TXN-2026-04951,461.74,ecom,FASHION,2026-07-15T13:20:05Z,0.384240793433401
TXN-2026-04952,204.74,pos,TRAVEL,2026-07-02T01:19:58Z,0.6073463664091808
TXN-2026-04953,116.74,ecom,FASHION,2026-07-06T11:28:28Z,0.2383125221719516
TXN-2026-04954,2443.72,ecom,FASHION,2026-06-02T23:52:59Z,0.6099098089604494
TXN-2026-04955,53.89,pos,HOME_GOODS,2026-06-10T18:26:29Z,0.06979223833221661
TXN-2026-04956,282.81,atm,ELECTRONICS,2026-06-03T15:14:56Z,0.5833286200819388
TXN-2026-04957,215.56,ecom,FUEL,2026-07-15T13:19:49Z,0.582223533172955
TXN-2026-04958,48.05,pos,PHARMACY,2026-06-17T10:41:45Z,0.07418769043552931
TXN-2026-04959,27.71,pos,FASHION,2026-07-21T12:21:16Z,0.03536073513844393
TXN-2026-04960,51.58,pos,EDUCATION,2026-07-10T17:14:26Z,0.10101208552494947
TXN-2026-04961,112.44,pos,TELECOM,2026-07-14T15:09:03Z,0.1405028049012344
TXN-2026-04962,55.39,atm,FUEL,2026-06-12T16:32:23Z,0.5173169611519807
TXN-2026-04963,191.49,pos,ONLINE_SERVICES,2026-07-06T18:08:14Z,0.1372030031823897
TXN-2026-04964,222.21,ecom,ENTERTAINMENT,2026-07-05T19:03:56Z,0.4898470780674595
TXN-2026-04965,63.9,pos,UTILITIES,2026-06-22T06:42:34Z,0.0998040883305297
TXN-2026-04966,199.52,ecom,HOME_GOODS,2026-07-19T08:11:53Z,0.3552293371256126
TXN-2026-04967,52.45,atm,RESTAURANT,2026-07-26T00:16:57Z,0.8403937832306256
TXN-2026-04968,248.76,pos,TELECOM,2026-07-10T09:40:19Z,0.1842755288277798
TXN-2026-04969,48.92,transfer,GROCERY,2026-07-15T22:12:14Z,0.046489837944533124
TXN-2026-04970,281.53,pos,HOME_GOODS,2026-06-19T12:29:20Z,0.13575529316632554
TXN-2026-04971,55.78,pos,TELECOM,2026-06-13T02:11:17Z,0.45444209528464197
TXN-2026-04972,61.14,ecom,TRAVEL,2026-07-15T22:25:07Z,0.36155246620093723
TXN-2026-04973,44.09,pos,EDUCATION,2026-06-18T03:54:28Z,0.4244071112771722
TXN-2026-04974,41.29,pos,HOME_GOODS,2026-07-20T05:24:12Z,0.32070705252496956
TXN-2026-04975,87.44,transfer,EDUCATION,2026-07-03T06:02:37Z,0.05297188887508705
TXN-2026-04976,131.13,pos,ENTERTAINMENT,2026-06-02T15:10:39Z,0.14147060525899618
TXN-2026-04977,24.97,pos,ELECTRONICS,2026-06-08T19:28:43Z,0.06785011281165772
TXN-2026-04978,67.73,ecom,HEALTHCARE,2026-07-26T01:41:09Z,0.7897020131832723
TXN-2026-04979,974.78,atm,EDUCATION,2026-07-30T10:50:49Z,0.7307347745846173
TXN-2026-04980,104.99,atm,EDUCATION,2026-07-25T03:21:24Z,0.8745693137393449
TXN-2026-04981,359.08,pos,FASHION,2026-07-11T17:43:53Z,0.11744236971975341
TXN-2026-04982,99.05,ecom,UTILITIES,2026-06-29T19:25:20Z,0.40425216489395127
TXN-2026-04983,455.84,pos,JEWELRY,2026-07-25T20:49:44Z,0.25830311572883063
TXN-2026-04984,89.06,pos,EDUCATION,2026-07-05T19:37:36Z,0.12988993957541836
TXN-2026-04985,279.84,atm,ONLINE_SERVICES,2026-06-04T11:43:41Z,0.5253916393887234
TXN-2026-04986,386.49,ecom,GROCERY,2026-06-13T01:34:57Z,0.8971965911348767
TXN-2026-04987,210.47,pos,FUEL,2026-06-04T11:09:36Z,0.23777842893941525
TXN-2026-04988,180.97,pos,HEALTHCARE,2026-06-07T07:09:23Z,0.15383366786358868
TXN-2026-04989,111.62,atm,EDUCATION,2026-06-12T04:06:08Z,0.8789035836979796
TXN-2026-04990,88.65,atm,PHARMACY,2026-07-12T16:48:22Z,0.41632368603926206
TXN-2026-04991,94.63,ecom,ELECTRONICS,2026-07-27T00:31:06Z,0.7999691456979044
TXN-2026-04992,217.16,atm,ENTERTAINMENT,2026-06-07T22:19:40Z,0.5851078517993334
TXN-2026-04993,11.37,pos,UTILITIES,2026-06-20T00:18:19Z,0.27482376525513386
TXN-2026-04994,369.61,ecom,FUEL,2026-07-12T09:12:25Z,0.6348321408734154
TXN-2026-04995,56.75,pos,RESTAURANT,2026-06-23T12:18:25Z,0.10842289568585002
TXN-2026-04996,96.68,transfer,GROCERY,2026-06-07T13:32:53Z,0.05806195655212953
TXN-2026-04997,5.0,pos,JEWELRY,2026-07-01T01:50:40Z,0.2192940771145889
TXN-2026-04998,72.09,atm,TRAVEL,2026-07-05T07:05:19Z,0.43011099281270077
TXN-2026-04999,59.11,ecom,RESTAURANT,2026-06-13T19:26:53Z,0.36585580035083737
